Age,Attrition,BusinessTravel,Department,DistanceFromHome,Education,EnvironmentSatisfaction,JobInvolvement,JobLevel,JobRole,JobSatisfaction,MaritalStatus,MonthlyIncome,NumCompaniesWorked,PercentSalaryHike,RelationshipSatisfaction,StockOptionLevel,TrainingTimesLastYear,WorkLifeBalance,YearsAtCompany,YearsSinceLastPromotion,salary_growth_rate,bonus_month_ratio,overtime_month_ratio,avg_bonus_pct,career_stagnation_index,promotion_velocity,role_stagnation_ratio,manager_stability_ratio,training_intensity
41,Yes,Travel_Rarely,Sales,1,2,2,3,2,Sales Executive,4,Single,5993,8,11,1,0,0,1,6,0,0.06447355247789092,0.2916666666666667,0.8333333333333334,2.4569788607810668,0.6666666666666666,6.0,0.5714285714285714,0.7142857142857143,0.0
49,No,Travel_Frequently,Research & Development,8,1,3,2,2,Research Scientist,2,Married,5130,1,23,4,1,3,3,10,1,0.121766081871345,0.3333333333333333,0.08333333333333333,6.714264749515736,5.0,5.0,0.6363636363636364,0.6363636363636364,0.2727272727272727
37,Yes,Travel_Rarely,Research & Development,2,2,4,2,1,Laboratory Technician,3,Single,2090,6,15,2,0,3,3,0,0,0.13945933014354056,0.25,0.6666666666666666,1.3589561485459816,0.0,0.0,0.0,0.0,3.0
33,No,Travel_Frequently,Research & Development,3,4,4,3,1,Research Scientist,3,Married,2909,1,11,3,0,3,3,8,3,0.17949467170849093,0.25,0.625,1.7810826896740066,4.0,2.0,0.7777777777777778,0.0,0.3333333333333333
27,No,Travel_Rarely,Research & Development,2,1,1,3,1,Laboratory Technician,2,Married,3468,9,12,4,1,3,3,2,2,0.08112745098039213,0.2916666666666667,0.125,1.6022361524832651,0.2,0.6666666666666666,0.6666666666666666,0.6666666666666666,1.0
32,No,Travel_Frequently,Research & Development,2,2,4,3,1,Laboratory Technician,4,Single,3068,0,13,3,0,2,2,7,3,0.05921121251629721,0.125,0.125,0.6866431505061599,7.0,1.75,0.875,0.75,0.25
59,No,Travel_Rarely,Research & Development,3,3,3,4,1,Laboratory Technician,1,Married,2670,4,20,1,3,3,2,1,0,0.05191760299625464,0.3333333333333333,0.75,3.722194226809576,0.2,1.0,0.0,0.0,1.5
30,No,Travel_Rarely,Research & Development,24,1,4,3,1,Laboratory Technician,3,Divorced,2693,1,22,2,1,2,3,1,0,0.11536947642034907,0.3333333333333333,0.041666666666666664,6.806074500766917,0.5,1.0,0.0,0.0,1.0
38,No,Travel_Frequently,Research & Development,23,3,4,2,3,Manufacturing Director,3,Single,9526,0,21,2,0,2,3,9,1,0.0512114213730842,0.3333333333333333,0.08333333333333333,5.842136595809298,9.0,4.5,0.7,0.8,0.2
36,No,Travel_Rarely,Research & Development,27,3,3,3,2,Healthcare Representative,3,Married,5237,6,13,2,2,3,2,7,7,0.12862707657055564,0.2916666666666667,0.16666666666666666,2.413743515859238,1.0,0.875,0.875,0.875,0.375
35,No,Travel_Rarely,Research & Development,16,3,1,4,1,Laboratory Technician,2,Married,2426,0,13,3,1,5,3,5,0,0.09597691673536692,0.2916666666666667,0.0,2.180261129138958,5.0,5.0,0.6666666666666666,0.5,0.8333333333333334
29,No,Travel_Rarely,Research & Development,15,2,4,2,2,Laboratory Technician,3,Single,4193,0,12,4,0,3,3,9,0,0.13339375149057947,0.2916666666666667,0.7083333333333334,1.8591271468935757,9.0,9.0,0.5,0.8,0.3
31,No,Travel_Rarely,Research & Development,26,1,1,3,1,Research Scientist,3,Divorced,2911,1,17,4,1,1,2,5,4,0.13669529371350053,0.2916666666666667,0.041666666666666664,1.7308467329156672,2.5,1.0,0.3333333333333333,0.5,0.16666666666666666
34,No,Travel_Rarely,Research & Development,19,2,2,3,1,Laboratory Technician,4,Divorced,2661,0,11,3,1,2,3,2,1,0.12946636602780917,0.2916666666666667,0.0,2.5152022534842984,2.0,1.0,0.6666666666666666,0.6666666666666666,0.6666666666666666
28,Yes,Travel_Rarely,Research & Development,24,3,3,2,1,Laboratory Technician,3,Single,2028,5,14,2,0,4,3,4,0,0.11170611439842207,0.2916666666666667,0.7083333333333334,1.6192119906609483,0.6666666666666666,4.0,0.4,0.6,0.8
29,No,Travel_Rarely,Research & Development,21,4,2,4,3,Manufacturing Director,1,Divorced,9980,1,11,3,1,1,3,10,8,0.1199689378757516,0.2916666666666667,0.041666666666666664,2.495633077514315,5.0,1.1111111111111112,0.8181818181818182,0.7272727272727273,0.09090909090909091
32,No,Travel_Rarely,Research & Development,5,2,1,4,1,Research Scientist,2,Divorced,3298,0,12,4,2,5,2,6,0,0.07914796846573686,0.2916666666666667,0.6666666666666666,1.2838176650472493,6.0,6.0,0.2857142857142857,0.7142857142857143,0.7142857142857143
22,No,Non-Travel,Research & Development,16,2,4,4,1,Laboratory Technician,4,Divorced,2935,1,13,2,2,2,2,1,0,0.06573764906303238,0.16666666666666666,0.75,1.6726707041508784,0.5,1.0,0.0,0.0,1.0
53,No,Travel_Rarely,Sales,2,4,1,2,4,Manager,4,Married,15427,2,16,3,0,3,3,25,3,0.09225189602644703,0.2916666666666667,0.0,2.01880175804862,8.333333333333334,6.25,0.3076923076923077,0.2692307692307692,0.11538461538461539
38,No,Travel_Rarely,Research & Development,2,3,4,3,1,Research Scientist,4,Single,3944,5,11,3,0,3,3,3,1,0.1397210953346857,0.25,0.7916666666666666,1.294524136914544,0.5,1.5,0.5,0.5,0.75
24,No,Non-Travel,Research & Development,11,2,1,4,2,Manufacturing Director,3,Divorced,4011,0,18,4,1,5,2,4,1,0.12316878583894285,0.25,0.08333333333333333,1.4629639676056119,4.0,2.0,0.4,0.6,1.0
36,Yes,Travel_Rarely,Sales,9,4,3,2,1,Sales Representative,1,Single,3407,7,23,2,0,4,3,5,0,0.15286175520986212,0.3333333333333333,0.08333333333333333,5.761916135135389,0.625,5.0,0.5,0.5,0.6666666666666666
34,No,Travel_Rarely,Research & Development,7,4,1,3,3,Research Director,2,Single,11994,0,11,3,0,4,3,12,2,0.17504835751208944,0.25,0.08333333333333333,2.1934745578954136,12.0,4.0,0.46153846153846156,0.8461538461538461,0.3076923076923077
21,No,Travel_Rarely,Research & Development,15,2,3,3,1,Research Scientist,4,Single,1232,1,14,4,0,6,3,0,0,0.16301948051948045,0.2916666666666667,0.125,2.0042200860184147,0.0,0.0,0.0,0.0,6.0
34,Yes,Travel_Rarely,Research & Development,6,1,2,3,1,Research Scientist,1,Single,2960,2,11,3,0,2,3,4,1,0.16984121621621623,0.20833333333333334,0.041666666666666664,1.491603518545333,1.3333333333333333,2.0,0.4,0.6,0.4
53,No,Travel_Rarely,Research & Development,5,3,3,3,5,Manager,3,Divorced,19094,4,11,4,1,3,2,14,4,0.11439247931287311,0.20833333333333334,0.041666666666666664,0.8700890208058133,2.8,2.8,0.8666666666666667,0.5333333333333333,0.2
32,Yes,Travel_Frequently,Research & Development,16,1,2,1,1,Research Scientist,1,Single,3919,1,22,2,0,5,3,10,6,0.14150548609339128,0.3333333333333333,0.875,3.7564086110939634,5.0,1.4285714285714286,0.18181818181818182,0.6363636363636364,0.45454545454545453
42,No,Travel_Rarely,Sales,8,4,3,3,2,Sales Executive,2,Married,6825,0,11,4,1,2,3,9,4,0.07053626373626372,0.2916666666666667,0.041666666666666664,1.9277928640765816,9.0,1.8,0.7,0.2,0.2
44,No,Travel_Rarely,Research & Development,7,4,1,2,3,Healthcare Representative,4,Married,10248,3,14,4,1,4,3,22,5,0.13851092896174855,0.25,0.16666666666666666,1.2317588033128277,5.5,3.6666666666666665,0.2608695652173913,0.7391304347826086,0.17391304347826086
46,No,Travel_Rarely,Sales,2,4,2,3,5,Manager,1,Single,18947,3,12,4,0,2,2,2,2,0.15278883200506674,0.2916666666666667,0.08333333333333333,1.1960275453667109,0.5,0.6666666666666666,0.6666666666666666,0.3333333333333333,0.6666666666666666
33,No,Travel_Rarely,Research & Development,2,3,3,3,1,Laboratory Technician,4,Single,2496,4,11,4,0,3,3,1,0,0.16510416666666664,0.20833333333333334,0.08333333333333333,1.6771833731179409,0.2,1.0,0.5,0.0,1.5
44,No,Travel_Rarely,Research & Development,10,4,4,3,2,Healthcare Representative,4,Married,6465,2,13,4,0,5,4,4,1,0.06918174787316322,0.3333333333333333,0.7083333333333334,3.1521158333755546,1.3333333333333333,2.0,0.4,0.6,1.0
30,No,Travel_Rarely,Research & Development,9,2,4,2,1,Laboratory Technician,3,Single,2206,1,13,1,0,5,3,10,1,0.06403445149592031,0.3333333333333333,0.0,2.7652990120220258,5.0,5.0,0.0,0.7272727272727273,0.45454545454545453
39,Yes,Travel_Rarely,Sales,5,3,4,3,2,Sales Representative,4,Married,2086,3,14,3,1,6,4,1,0,0.062118887823585774,0.25,0.041666666666666664,1.1420032333279353,0.25,1.0,0.0,0.0,3.0
24,Yes,Travel_Rarely,Research & Development,1,3,2,3,1,Research Scientist,4,Married,2293,2,16,1,1,2,2,2,2,0.1401526384648931,0.2916666666666667,0.7083333333333334,1.239770055265575,0.6666666666666666,0.6666666666666666,0.0,0.0,0.6666666666666666
43,No,Travel_Rarely,Research & Development,2,2,4,4,1,Research Scientist,3,Divorced,2645,1,12,4,2,3,2,5,1,0.1382041587901702,0.20833333333333334,0.25,1.416231454542169,2.5,2.5,0.5,0.6666666666666666,0.5
50,Yes,Travel_Rarely,Sales,3,2,1,2,1,Sales Representative,3,Married,2683,1,14,3,0,2,3,3,0,0.10981364144614242,0.2916666666666667,0.7916666666666666,2.3511093590192775,1.5,3.0,0.5,0.5,0.5
35,No,Travel_Rarely,Sales,2,3,4,3,1,Sales Representative,4,Married,2014,1,13,1,0,3,3,2,2,0.13258689175769622,0.25,0.08333333333333333,1.9367874300803767,1.0,0.6666666666666666,0.6666666666666666,0.6666666666666666,1.0
36,No,Travel_Rarely,Research & Development,5,4,2,2,1,Research Scientist,1,Married,3419,9,14,4,1,3,4,1,0,0.06096226966949395,0.2916666666666667,0.75,2.290863824993335,0.1,1.0,0.5,0.0,1.5
33,No,Travel_Frequently,Sales,1,3,3,4,2,Sales Executive,1,Married,5376,2,19,1,2,3,3,5,1,0.1557142857142857,0.25,0.08333333333333333,2.017321274793044,1.6666666666666667,2.5,0.5,0.5,0.5
35,No,Travel_Rarely,Research & Development,4,2,3,3,1,Laboratory Technician,4,Divorced,1951,1,12,3,1,3,3,1,0,0.1435468990261404,0.16666666666666666,0.041666666666666664,1.6175652936706963,0.5,1.0,0.0,0.0,1.5
27,No,Travel_Rarely,Research & Development,2,4,4,3,1,Laboratory Technician,1,Divorced,2341,1,13,4,1,6,3,1,0,0.17303289192652718,0.25,0.16666666666666666,1.3242981153267759,0.5,1.0,0.0,0.0,3.0
26,Yes,Travel_Rarely,Research & Development,25,3,1,1,1,Laboratory Technician,3,Single,2293,1,12,3,0,2,2,1,0,0.13096380287832543,0.2916666666666667,0.125,1.2985940095319608,0.5,1.0,0.0,0.5,1.0
27,No,Travel_Frequently,Sales,8,3,4,3,3,Sales Executive,3,Single,8726,1,15,4,0,0,3,9,1,0.12098212239284901,0.2916666666666667,0.125,2.6238913656784155,4.5,4.5,0.8,0.7,0.0
30,No,Travel_Frequently,Research & Development,1,2,3,3,2,Laboratory Technician,4,Single,4011,1,23,4,0,2,3,12,3,0.09775617053103973,0.3333333333333333,0.08333333333333333,6.57355891600539,6.0,3.0,0.6153846153846154,0.5384615384615384,0.15384615384615385
41,Yes,Travel_Rarely,Research & Development,12,3,2,3,5,Research Director,3,Married,19545,1,12,4,0,0,3,22,15,0.15414223586595033,0.3333333333333333,0.08333333333333333,2.692152565449198,11.0,1.375,0.6521739130434783,0.34782608695652173,0.0
34,No,Non-Travel,Sales,23,4,2,3,2,Sales Executive,3,Single,4568,0,20,3,0,2,3,9,8,0.06764448336252189,0.3333333333333333,0.0,3.6492798000862297,9.0,1.0,0.5,0.7,0.2
37,No,Travel_Rarely,Research & Development,19,2,2,3,1,Research Scientist,2,Married,3022,4,21,1,0,1,3,1,0,0.06686962276637985,0.3333333333333333,0.08333333333333333,6.870282912279116,0.2,1.0,0.0,0.0,0.5
46,No,Travel_Frequently,Sales,5,4,1,3,2,Sales Executive,4,Single,5772,4,21,3,0,4,3,9,0,0.07931046431046426,0.3333333333333333,0.7083333333333334,7.146179653399559,1.8,9.0,0.6,0.8,0.4
35,No,Travel_Rarely,Research & Development,8,1,4,4,1,Laboratory Technician,4,Married,2269,1,19,4,0,2,3,1,0,0.10415601586602025,0.25,0.08333333333333333,1.9503041286097211,0.5,1.0,0.0,0.5,1.0
48,Yes,Travel_Rarely,Research & Development,1,2,1,2,3,Laboratory Technician,3,Single,5381,9,13,4,0,2,3,1,0,0.15575171901133625,0.25,0.9583333333333334,2.4584414502173835,0.1,1.0,0.0,0.0,1.0
28,Yes,Travel_Rarely,Research & Development,5,4,3,3,1,Laboratory Technician,3,Single,3441,1,13,3,0,3,2,2,2,0.17858180761406567,0.2916666666666667,0.6666666666666666,2.3550074523366957,1.0,0.6666666666666666,0.6666666666666666,0.6666666666666666,1.0
44,No,Travel_Rarely,Sales,1,5,2,3,2,Sales Executive,1,Divorced,5454,5,21,3,1,2,2,4,1,0.08999816648331506,0.3333333333333333,0.7916666666666666,6.92842148593287,0.6666666666666666,2.0,0.6,0.6,0.4
35,No,Non-Travel,Research & Development,11,2,3,2,3,Healthcare Representative,1,Married,9884,2,13,3,1,3,3,4,2,0.16966815054633752,0.3333333333333333,0.6666666666666666,3.0789785540745678,1.3333333333333333,1.3333333333333333,0.0,0.6,0.6
26,No,Travel_Rarely,Sales,23,3,3,2,2,Sales Executive,4,Married,4157,7,19,3,1,2,2,2,0,0.12061582872263643,0.125,0.8333333333333334,1.1718147759859394,0.25,2.0,0.6666666666666666,0.0,0.6666666666666666
33,No,Travel_Frequently,Research & Development,1,2,1,3,3,Research Director,4,Single,13458,1,12,3,0,1,3,15,8,0.11206865804725809,0.20833333333333334,0.4583333333333333,1.103902634392095,7.5,1.6666666666666667,0.875,0.75,0.0625
35,No,Travel_Frequently,Sales,18,5,2,3,3,Sales Executive,1,Married,9069,1,22,4,1,3,2,9,1,0.15514610210607568,0.3333333333333333,0.08333333333333333,4.656070958228746,4.5,4.5,0.8,0.8,0.3
35,No,Travel_Rarely,Research & Development,23,4,3,3,1,Laboratory Technician,1,Married,4014,3,15,3,1,3,3,2,2,0.05148729446935727,0.3333333333333333,0.7916666666666666,2.6406973886826184,0.5,0.6666666666666666,0.6666666666666666,0.6666666666666666,1.0
31,No,Travel_Rarely,Research & Development,7,4,4,3,2,Laboratory Technician,4,Divorced,5915,3,22,4,1,3,2,7,1,0.15774133558748943,0.3333333333333333,0.125,7.028972508967514,1.75,3.5,0.875,0.875,0.375
37,No,Travel_Rarely,Research & Development,1,4,1,2,2,Manufacturing Director,3,Divorced,5993,1,18,3,1,2,4,7,0,0.17923577507091604,0.2916666666666667,0.125,2.827410966450431,3.5,7.0,0.625,0.875,0.25
32,No,Travel_Rarely,Research & Development,1,3,1,3,2,Manufacturing Director,4,Married,6162,1,22,2,1,3,3,9,7,0.07016553067185974,0.3333333333333333,0.5416666666666666,4.098845443999225,4.5,1.125,0.8,0.8,0.3
38,No,Travel_Frequently,Research & Development,29,5,4,3,2,Laboratory Technician,4,Single,2406,1,11,4,0,2,3,10,9,0.1277306733167083,0.20833333333333334,0.041666666666666664,1.638310966737994,5.0,1.0,0.2727272727272727,0.8181818181818182,0.18181818181818182
50,No,Travel_Rarely,Research & Development,7,2,2,2,5,Research Director,3,Divorced,18740,5,12,4,1,2,2,27,13,0.08314941302027755,0.25,0.8333333333333334,1.4953934887400093,4.5,1.9285714285714286,0.10714285714285714,0.2857142857142857,0.07142857142857142
59,No,Travel_Rarely,Sales,25,3,1,3,3,Sales Executive,1,Single,7637,7,11,4,0,3,2,21,7,0.08400288071232168,0.2916666666666667,0.041666666666666664,2.0591155535981724,2.625,2.625,0.7272727272727273,0.4090909090909091,0.13636363636363635
36,No,Travel_Rarely,Research & Development,8,3,3,3,3,Healthcare Representative,3,Divorced,10096,1,13,2,3,2,3,17,12,0.17874207606973058,0.20833333333333334,0.2916666666666667,2.0383822992357,8.5,1.3076923076923077,0.7777777777777778,0.4444444444444444,0.1111111111111111
55,No,Travel_Rarely,Research & Development,8,3,4,3,4,Manager,3,Divorced,14756,2,14,3,3,2,3,5,0,0.11843927893738132,0.2916666666666667,0.75,2.5670364176956744,1.6666666666666667,5.0,0.0,0.3333333333333333,0.3333333333333333
36,No,Travel_Frequently,Research & Development,11,3,2,2,2,Manufacturing Director,2,Single,6499,1,13,3,0,3,3,6,0,0.1669102938913679,0.16666666666666666,0.125,1.2381285612827244,3.0,6.0,0.7142857142857143,0.42857142857142855,0.42857142857142855
45,No,Travel_Rarely,Research & Development,7,3,2,3,3,Research Scientist,1,Divorced,9724,2,17,3,1,2,3,1,0,0.07965754833401893,0.2916666666666667,0.125,2.1599448245887243,0.3333333333333333,1.0,0.0,0.0,1.0
35,No,Travel_Frequently,Research & Development,1,3,2,3,1,Research Scientist,1,Married,2194,4,13,4,1,2,2,3,1,0.1671467639015496,0.25,0.0,2.357808344558422,0.6,1.5,0.5,0.5,0.5
36,Yes,Travel_Rarely,Research & Development,9,3,4,2,1,Research Scientist,3,Married,3388,0,17,1,1,0,2,1,0,0.0730932703659976,0.20833333333333334,0.6666666666666666,1.3444707770618416,1.0,1.0,0.0,0.0,0.0
59,No,Travel_Frequently,Sales,1,1,1,2,2,Sales Executive,3,Single,5473,7,11,4,0,2,2,4,1,0.10210487849442713,0.3333333333333333,0.125,2.946912547739288,0.5,2.0,0.6,0.6,0.4
29,No,Travel_Rarely,Research & Development,2,3,3,3,1,Research Scientist,2,Married,2703,0,23,4,1,3,3,5,0,0.11275989641139474,0.3333333333333333,0.20833333333333334,4.555056660003803,5.0,5.0,0.6666666666666666,0.6666666666666666,0.5
31,No,Travel_Rarely,Research & Development,1,4,3,3,1,Research Scientist,2,Single,2501,1,17,2,0,4,3,1,1,0.17459816073570575,0.25,0.041666666666666664,1.3660357784586907,0.5,0.5,0.5,0.0,2.0
32,No,Travel_Rarely,Research & Development,1,3,2,3,2,Research Scientist,2,Married,6220,1,17,2,2,3,3,10,0,0.1267218649517685,0.25,0.0,2.0385372519670644,5.0,10.0,0.36363636363636365,0.8181818181818182,0.2727272727272727
36,No,Travel_Rarely,Research & Development,6,3,2,4,1,Laboratory Technician,4,Married,3038,3,12,2,0,3,3,1,0,0.14893680052666222,0.3333333333333333,0.0,1.9403046479534705,0.25,1.0,0.0,0.0,1.5
31,No,Travel_Rarely,Research & Development,8,4,3,3,2,Manufacturing Director,4,Single,4424,1,23,4,0,2,3,11,1,0.12933318264014468,0.3333333333333333,0.041666666666666664,5.072089912215756,5.5,5.5,0.5833333333333334,0.6666666666666666,0.16666666666666666
35,No,Travel_Rarely,Sales,1,4,3,2,2,Sales Executive,1,Single,4312,0,14,2,0,2,3,15,2,0.15770176252319115,0.25,0.08333333333333333,2.2078595373031042,15.0,5.0,0.8125,0.5,0.125
45,No,Travel_Rarely,Research & Development,6,4,4,3,3,Research Director,1,Married,13245,4,14,2,0,3,4,0,0,0.1524794261985655,0.20833333333333334,0.7083333333333334,2.058253782656499,0.0,0.0,0.0,0.0,3.0
37,No,Travel_Rarely,Research & Development,7,4,1,3,3,Research Director,3,Single,13664,4,13,1,0,3,4,5,0,0.05120755269320849,0.2916666666666667,0.125,2.385387525266247,1.0,5.0,0.3333333333333333,0.3333333333333333,0.5
46,No,Travel_Rarely,Human Resources,5,2,2,3,2,Human Resources,2,Divorced,5021,8,22,4,1,2,3,4,0,0.15284007169886474,0.3333333333333333,0.6666666666666666,4.350240655917372,0.4444444444444444,4.0,0.4,0.4,0.4
30,No,Travel_Rarely,Research & Development,1,1,4,2,2,Laboratory Technician,4,Married,5126,1,12,3,2,1,2,10,3,0.06715762777994537,0.3333333333333333,0.75,3.0632418781530744,5.0,2.5,0.7272727272727273,0.0,0.09090909090909091
35,No,Travel_Rarely,Research & Development,1,3,2,2,1,Research Scientist,3,Single,2859,1,18,1,0,3,3,6,0,0.17394543546694646,0.2916666666666667,0.16666666666666666,1.5719101507442441,3.0,6.0,0.5714285714285714,0.5714285714285714,0.42857142857142855
55,No,Travel_Rarely,Sales,1,2,1,3,3,Sales Executive,4,Married,10239,3,14,4,1,4,3,1,1,0.09779958980369184,0.25,0.125,1.3826755626445282,0.25,0.5,0.0,0.0,2.0
38,No,Non-Travel,Research & Development,6,3,2,1,2,Research Scientist,4,Divorced,5329,7,12,4,3,3,3,13,1,0.09039031713267022,0.2916666666666667,0.6666666666666666,1.3337388147575842,1.625,6.5,0.7857142857142857,0.6428571428571429,0.21428571428571427
34,No,Travel_Rarely,Research & Development,1,2,1,3,2,Manufacturing Director,2,Married,4325,1,15,3,0,2,3,5,1,0.16976647398843925,0.16666666666666666,0.16666666666666666,1.6753787017914843,2.5,2.5,0.3333333333333333,0.5,0.3333333333333333
56,No,Travel_Rarely,Research & Development,7,3,4,1,3,Manufacturing Director,4,Single,7260,4,11,1,0,3,2,6,0,0.16082231404958675,0.25,0.16666666666666666,1.1427157543269368,1.2,6.0,0.5714285714285714,0.2857142857142857,0.42857142857142855
23,No,Travel_Rarely,Sales,2,1,3,3,1,Sales Representative,1,Divorced,2322,3,13,3,1,3,3,0,0,0.05283376399655462,0.2916666666666667,0.125,1.290794384925799,0.0,0.0,0.0,0.0,3.0
51,No,Travel_Rarely,Research & Development,9,4,4,3,1,Laboratory Technician,4,Married,2075,3,23,2,2,4,3,4,0,0.12067469879518077,0.3333333333333333,0.08333333333333333,3.444565571608138,1.0,4.0,0.4,0.6,0.8
30,No,Travel_Rarely,Research & Development,2,3,3,2,2,Healthcare Representative,4,Married,4152,1,19,1,3,3,3,11,10,0.1795303468208092,0.20833333333333334,0.125,1.1280695997658725,5.5,1.0,0.8333333333333334,0.6666666666666666,0.25
46,Yes,Travel_Rarely,Sales,9,2,3,2,3,Sales Executive,4,Single,9619,1,16,4,0,3,3,9,4,0.05774196901964862,0.16666666666666666,0.08333333333333333,0.8048340514543839,4.5,1.8,0.8,0.7,0.3
40,No,Travel_Frequently,Research & Development,1,4,3,2,4,Healthcare Representative,2,Married,13503,1,22,4,1,3,2,22,11,0.1754735984596016,0.3333333333333333,0.125,3.5110322101988873,11.0,1.8333333333333333,0.13043478260869565,0.4782608695652174,0.13043478260869565
51,No,Travel_Rarely,Sales,21,4,3,3,2,Sales Executive,4,Single,5441,0,22,4,0,2,1,10,1,0.1045543098695093,0.3333333333333333,0.5833333333333334,4.015538826939333,10.0,5.0,0.6363636363636364,0.0,0.18181818181818182
30,No,Travel_Rarely,Sales,4,2,3,2,2,Sales Executive,2,Divorced,5209,1,12,2,3,4,2,11,2,0.054029564215780305,0.3333333333333333,0.7916666666666666,3.2253241046890833,5.5,3.6666666666666665,0.6666666666666666,0.5833333333333334,0.3333333333333333
46,No,Travel_Frequently,Research & Development,1,3,3,2,3,Healthcare Representative,1,Married,10673,2,13,3,1,5,2,10,9,0.10037852525063246,0.2916666666666667,0.75,1.825360581797803,3.3333333333333335,1.0,0.8181818181818182,0.45454545454545453,0.45454545454545453
32,No,Travel_Rarely,Sales,6,4,2,3,2,Sales Executive,3,Single,5010,1,16,1,0,0,3,11,5,0.10837524950099801,0.25,0.08333333333333333,2.434200639918891,5.5,1.8333333333333333,0.6666666666666666,0.5833333333333334,0.0
54,No,Travel_Rarely,Research & Development,2,4,1,3,3,Research Director,3,Married,13549,9,12,1,1,5,1,4,0,0.11963244519890764,0.20833333333333334,0.16666666666666666,1.2497893898859003,0.4,4.0,0.6,0.6,1.0
24,No,Travel_Rarely,Sales,3,2,1,3,2,Sales Executive,3,Married,4999,0,21,1,1,2,2,3,0,0.16874574914983004,0.3333333333333333,0.20833333333333334,4.962016536365614,3.0,3.0,0.5,0.5,0.5
28,No,Non-Travel,Sales,4,3,2,3,2,Sales Executive,3,Married,4221,1,15,2,0,3,4,5,0,0.09841980573323864,0.2916666666666667,0.041666666666666664,2.191465244433205,2.5,5.0,0.6666666666666666,0.6666666666666666,0.5
58,No,Travel_Rarely,Sales,10,4,4,3,4,Sales Executive,3,Single,13872,0,13,3,0,1,2,37,1,0.1607064590542099,0.25,0.125,1.7096868092332331,37.0,18.5,0.2631578947368421,0.21052631578947367,0.02631578947368421
44,No,Non-Travel,Research & Development,23,3,2,3,2,Laboratory Technician,2,Married,2042,4,12,3,1,3,4,3,1,0.08372673849167472,0.2916666666666667,0.125,1.8946064025646576,0.6,1.5,0.5,0.5,0.75
37,Yes,Travel_Rarely,Human Resources,6,4,3,3,1,Human Resources,1,Divorced,2073,4,22,4,0,3,3,3,0,0.06531114327062222,0.3333333333333333,0.7083333333333334,3.566942072472576,0.6,3.0,0.5,0.5,0.75
32,No,Travel_Rarely,Research & Development,1,1,4,3,1,Research Scientist,1,Single,2956,1,13,4,0,2,3,1,0,0.08555818673883622,0.2916666666666667,0.125,2.5307085178112807,0.5,1.0,0.0,0.0,1.0
20,Yes,Travel_Frequently,Research & Development,6,3,4,2,1,Laboratory Technician,4,Single,2926,1,18,2,0,5,3,1,1,0.17941216678058786,0.20833333333333334,0.875,1.3186931901244336,0.5,0.5,0.0,0.0,2.5
34,No,Travel_Rarely,Research & Development,6,4,1,3,2,Research Scientist,3,Single,4809,1,14,3,0,3,3,16,2,0.06312746932834268,0.25,0.125,1.7988090081992698,8.0,5.333333333333333,0.7647058823529411,0.5882352941176471,0.17647058823529413
37,No,Non-Travel,Research & Development,2,2,3,2,2,Healthcare Representative,4,Divorced,5163,5,14,4,1,2,4,1,0,0.17852605074569042,0.25,0.16666666666666666,1.4640203170902275,0.16666666666666666,1.0,0.0,0.0,1.0
59,No,Non-Travel,Human Resources,2,4,3,2,5,Manager,4,Married,18844,9,21,4,1,3,3,3,2,0.0707211844618976,0.3333333333333333,0.08333333333333333,5.026304057008477,0.3,1.0,0.5,0.5,0.75
50,No,Travel_Frequently,Research & Development,1,3,1,3,5,Research Director,2,Married,18172,3,19,1,0,1,2,8,0,0.11748294078802561,0.20833333333333334,0.8333333333333334,1.7203819135231266,2.0,8.0,0.3333333333333333,0.7777777777777778,0.1111111111111111
25,Yes,Travel_Rarely,Sales,5,3,3,2,2,Sales Executive,3,Single,5744,1,11,4,0,1,3,6,0,0.06334435933147639,0.2916666666666667,0.875,1.891692770786483,3.0,6.0,0.5714285714285714,0.42857142857142855,0.14285714285714285
25,No,Travel_Rarely,Research & Development,7,1,4,2,1,Research Scientist,4,Married,2889,1,11,3,2,2,3,2,2,0.10319833852544129,0.2916666666666667,0.08333333333333333,1.604018453699552,1.0,0.6666666666666666,0.6666666666666666,0.3333333333333333,0.6666666666666666
22,No,Travel_Rarely,Research & Development,15,3,2,3,1,Laboratory Technician,4,Single,2871,1,15,3,0,5,3,0,0,0.10442702890978751,0.2916666666666667,0.0,2.23508075563857,0.0,0.0,0.0,0.0,5.0
51,No,Travel_Frequently,Research & Development,1,4,1,2,3,Healthcare Representative,1,Single,7484,3,20,3,0,1,2,13,12,0.14722340994120786,0.3333333333333333,0.08333333333333333,6.738041854781941,3.25,1.0,0.8571428571428571,0.5714285714285714,0.07142857142857142
34,Yes,Travel_Frequently,Research & Development,7,3,1,1,2,Laboratory Technician,3,Single,6074,1,24,4,0,3,3,9,0,0.1164191636483372,0.3333333333333333,0.8333333333333334,6.520691220807049,4.5,9.0,0.7,0.6,0.3
54,No,Non-Travel,Human Resources,26,3,4,4,4,Manager,4,Single,17328,2,12,3,0,3,3,5,4,0.05968086334256703,0.25,0.7083333333333334,2.4675464911544442,1.6666666666666667,1.0,0.5,0.6666666666666666,0.5
24,No,Travel_Rarely,Research & Development,18,1,2,3,1,Laboratory Technician,3,Married,2774,0,12,3,1,2,3,5,1,0.07839942321557318,0.16666666666666666,0.041666666666666664,1.4237849631743753,5.0,2.5,0.5,0.3333333333333333,0.3333333333333333
34,No,Travel_Rarely,Research & Development,6,4,3,2,2,Research Scientist,2,Divorced,4505,6,15,3,1,3,3,1,0,0.07740066592674796,0.25,0.25,1.9382711347956474,0.14285714285714285,1.0,0.0,0.0,1.5
37,No,Travel_Rarely,Sales,3,3,3,3,3,Sales Executive,4,Single,7428,2,12,1,0,3,3,5,1,0.17064620355411947,0.2916666666666667,0.08333333333333333,1.3460332681355622,1.6666666666666667,2.5,0.5,0.5,0.5
34,No,Travel_Rarely,Research & Development,5,3,3,2,3,Manager,1,Single,11631,2,12,4,0,6,3,11,5,0.16773192330839992,0.2916666666666667,0.08333333333333333,2.6616784903143413,3.6666666666666665,1.8333333333333333,0.8333333333333334,0.6666666666666666,0.5
36,No,Travel_Frequently,Sales,11,2,2,3,3,Sales Executive,4,Married,9738,0,14,3,1,6,3,9,2,0.05062846580406659,0.25,0.08333333333333333,1.3692710007802085,9.0,3.0,0.7,0.8,0.6
36,No,Travel_Rarely,Research & Development,3,2,1,3,1,Laboratory Technician,4,Divorced,2835,5,22,1,1,2,3,1,0,0.0693227513227514,0.3333333333333333,0.125,4.931117177941421,0.16666666666666666,1.0,0.0,0.0,1.0
43,No,Travel_Frequently,Sales,26,2,3,3,4,Manager,4,Married,16959,1,12,4,2,3,4,25,4,0.09802641665192525,0.2916666666666667,0.625,1.2547579932063921,12.5,5.0,0.46153846153846156,0.46153846153846156,0.11538461538461539
30,No,Travel_Frequently,Research & Development,23,3,1,1,1,Research Scientist,3,Divorced,2613,1,25,3,3,2,2,10,0,0.08650593187906619,0.3333333333333333,0.0,3.9480895321039946,5.0,10.0,0.6363636363636364,0.8181818181818182,0.18181818181818182
33,No,Non-Travel,Sales,22,2,3,3,2,Sales Executive,2,Married,6146,0,13,1,1,2,4,7,0,0.052421086885779414,0.2916666666666667,0.125,2.437783112955206,7.0,7.0,0.875,0.875,0.25
56,Yes,Travel_Rarely,Research & Development,14,4,2,3,1,Research Scientist,2,Married,4963,9,18,1,3,2,3,5,4,0.06211565585331447,0.20833333333333334,0.6666666666666666,1.6832976444700456,0.5,1.0,0.6666666666666666,0.5,0.3333333333333333
51,No,Travel_Rarely,Research & Development,6,3,1,3,5,Research Director,3,Single,19537,7,13,3,0,5,3,20,15,0.1394098377437683,0.3333333333333333,0.0,1.9651423784192008,2.5,1.25,0.8571428571428571,0.7142857142857143,0.23809523809523808
31,Yes,Travel_Rarely,Sales,6,4,2,1,2,Sales Executive,3,Married,6172,4,18,2,0,3,2,7,7,0.10058327932598836,0.2916666666666667,0.7083333333333334,2.2638734625036,1.4,0.875,0.875,0.875,0.375
26,No,Travel_Rarely,Research & Development,6,3,3,2,1,Research Scientist,2,Married,2368,1,19,3,0,3,2,5,4,0.15135557432432425,0.25,0.08333333333333333,1.5386878479151866,2.5,1.0,0.6666666666666666,0.5,0.5
58,Yes,Travel_Rarely,Research & Development,23,4,4,3,3,Healthcare Representative,4,Married,10312,1,12,4,1,3,2,40,15,0.10964992242048091,0.2916666666666667,0.08333333333333333,1.9716841977209583,20.0,2.5,0.24390243902439024,0.14634146341463414,0.07317073170731707
19,Yes,Travel_Rarely,Sales,22,1,4,3,1,Sales Representative,3,Single,1675,1,19,4,0,2,2,0,0,0.15872238805970143,0.16666666666666666,0.6666666666666666,1.0602595233222525,0.0,0.0,0.0,0.0,2.0
22,No,Travel_Rarely,Research & Development,2,1,3,3,1,Laboratory Technician,4,Married,2523,0,14,3,1,2,3,2,2,0.05153785176377337,0.25,0.0,1.3133653768757916,2.0,0.6666666666666666,0.3333333333333333,0.3333333333333333,0.6666666666666666
49,No,Travel_Rarely,Research & Development,20,4,3,3,2,Manufacturing Director,1,Married,6567,1,14,3,0,2,2,15,5,0.11941830363940921,0.2916666666666667,0.125,1.7016386748495347,7.5,2.5,0.6875,0.6875,0.125
43,No,Travel_Frequently,Research & Development,28,3,2,4,1,Research Scientist,3,Single,4739,4,12,4,0,2,3,3,1,0.1628740240557079,0.2916666666666667,0.08333333333333333,2.263055300267516,0.6,1.5,0.5,0.5,0.5
50,No,Travel_Frequently,Sales,12,3,3,3,3,Sales Executive,4,Single,9208,4,11,4,0,3,3,2,2,0.14944939183318845,0.16666666666666666,0.041666666666666664,0.7631766209179759,0.4,0.6666666666666666,0.6666666666666666,0.3333333333333333,1.0
31,Yes,Travel_Rarely,Sales,20,3,2,1,2,Sales Executive,3,Married,4559,3,11,3,1,2,3,2,2,0.0900219346347883,0.3333333333333333,0.75,2.1733243716311033,0.5,0.6666666666666666,0.6666666666666666,0.6666666666666666,0.6666666666666666
41,No,Travel_Rarely,Sales,9,1,3,3,3,Sales Executive,3,Divorced,8189,3,13,3,1,2,3,9,0,0.15514470631334712,0.2916666666666667,0.75,1.864525668855056,2.25,9.0,0.7,0.7,0.2
26,No,Travel_Rarely,Human Resources,25,1,3,3,1,Human Resources,3,Married,2942,1,23,4,1,3,3,8,5,0.16644119646498984,0.3333333333333333,0.041666666666666664,4.33366229085179,4.0,1.3333333333333333,0.7777777777777778,0.7777777777777778,0.3333333333333333
36,No,Travel_Rarely,Research & Development,6,2,2,3,2,Manufacturing Director,2,Divorced,4941,6,20,4,2,0,3,3,0,0.16227484314916013,0.3333333333333333,0.16666666666666666,4.256763565500894,0.42857142857142855,3.0,0.5,0.25,0.0
51,Yes,Travel_Frequently,Research & Development,8,4,1,1,3,Manufacturing Director,4,Single,10650,2,15,4,0,2,3,4,0,0.11341971830985915,0.2916666666666667,0.08333333333333333,1.7341599460693538,1.3333333333333333,4.0,0.4,0.6,0.4
39,No,Travel_Rarely,Sales,4,4,4,2,2,Sales Executive,3,Married,5902,4,14,3,1,1,4,15,5,0.1508827516096239,0.25,0.08333333333333333,1.3661718708369401,3.0,2.5,0.6875,0.5625,0.0625
25,No,Travel_Rarely,Sales,28,3,1,2,2,Sales Executive,3,Married,8639,2,18,4,0,3,3,2,2,0.1108473202917005,0.25,0.08333333333333333,1.9839758804209189,0.6666666666666666,0.6666666666666666,0.6666666666666666,0.6666666666666666,1.0
30,No,Travel_Rarely,Human Resources,9,3,3,3,2,Human Resources,4,Married,6347,0,19,4,0,2,1,11,4,0.07056247045848427,0.20833333333333334,0.6666666666666666,2.1196403996950055,11.0,2.2,0.75,0.5833333333333334,0.16666666666666666
32,Yes,Travel_Rarely,Research & Development,9,3,1,3,1,Laboratory Technician,1,Single,4200,7,22,1,0,2,4,5,0,0.12418571428571427,0.3333333333333333,0.125,5.619777083521732,0.625,5.0,0.6666666666666666,0.6666666666666666,0.3333333333333333
45,No,Travel_Rarely,Research & Development,29,3,3,3,1,Research Scientist,4,Single,3452,5,13,2,0,2,2,6,0,0.09347045191193507,0.3333333333333333,0.08333333333333333,3.1163498209657488,1.0,6.0,0.7142857142857143,0.42857142857142855,0.2857142857142857
38,No,Travel_Rarely,Research & Development,3,5,4,3,2,Research Scientist,3,Single,4317,3,20,2,0,2,3,3,2,0.06694927032661581,0.3333333333333333,0.8333333333333334,3.883396701817671,0.75,1.0,0.5,0.5,0.5
30,No,Travel_Rarely,Research & Development,18,3,1,3,1,Research Scientist,3,Single,2632,1,14,3,0,4,2,5,0,0.1701481762917933,0.2916666666666667,0.0,1.617630666798667,2.5,5.0,0.6666666666666666,0.6666666666666666,0.6666666666666666
32,No,Travel_Frequently,Sales,9,2,4,1,2,Sales Executive,4,Divorced,4668,0,17,4,3,2,4,8,0,0.13511782347900592,0.2916666666666667,0.041666666666666664,1.1830389397267014,8.0,8.0,0.7777777777777778,0.7777777777777778,0.2222222222222222
30,No,Travel_Rarely,Research & Development,5,3,4,3,1,Research Scientist,1,Divorced,3204,5,14,4,1,3,3,3,2,0.08349875156054938,0.20833333333333334,0.0,1.3244430656114206,0.5,1.0,0.5,0.5,0.75
30,No,Travel_Rarely,Research & Development,2,1,2,2,1,Laboratory Technician,4,Single,2720,0,13,4,0,3,3,5,1,0.16922426470588234,0.25,0.0,1.5056477997586086,5.0,2.5,0.5,0.3333333333333333,0.5
41,No,Travel_Frequently,Research & Development,10,3,4,2,4,Manager,1,Divorced,17181,4,13,2,1,2,2,7,7,0.10036959431930625,0.125,0.041666666666666664,0.8588618950101099,1.4,0.875,0.75,0.875,0.25
41,No,Travel_Rarely,Research & Development,9,4,3,3,1,Laboratory Technician,1,Married,2238,2,21,4,1,2,3,5,1,0.11743074173369077,0.3333333333333333,0.08333333333333333,4.915791095232771,1.6666666666666667,2.5,0.0,0.6666666666666666,0.3333333333333333
19,No,Travel_Rarely,Research & Development,3,1,2,3,1,Laboratory Technician,2,Single,1483,1,14,4,0,3,3,1,0,0.05323668240053948,0.25,0.08333333333333333,1.6878633371356317,0.5,1.0,0.0,0.0,1.5
40,No,Travel_Frequently,Research & Development,26,3,2,3,2,Research Scientist,2,Divorced,5605,1,11,1,1,2,3,20,2,0.06528278322925957,0.20833333333333334,0.16666666666666666,0.9914915256482356,10.0,6.666666666666667,0.3333333333333333,0.6190476190476191,0.09523809523809523
35,No,Travel_Rarely,Sales,1,5,3,3,3,Sales Executive,2,Married,7295,1,13,1,2,3,3,10,0,0.135920493488691,0.25,0.16666666666666666,2.0829019565133033,5.0,10.0,0.7272727272727273,0.5454545454545454,0.2727272727272727
53,No,Travel_Rarely,Sales,6,2,2,3,2,Sales Representative,3,Married,2306,2,20,4,1,3,1,7,4,0.1793538594969645,0.3333333333333333,0.7916666666666666,4.748764566467755,2.3333333333333335,1.4,0.875,0.625,0.375
45,No,Travel_Rarely,Research & Development,9,3,2,3,2,Laboratory Technician,2,Divorced,2348,8,18,3,1,2,1,17,0,0.08903747870528107,0.2916666666666667,0.125,2.1236909577665832,1.8888888888888888,17.0,0.5,0.8333333333333334,0.1111111111111111
32,No,Travel_Frequently,Sales,8,3,2,3,3,Sales Executive,4,Single,8998,1,14,4,0,2,3,9,3,0.08646032451655916,0.25,0.041666666666666664,1.0467551615348272,4.5,2.25,0.8,0.7,0.2
29,No,Non-Travel,Research & Development,1,1,4,3,2,Manufacturing Director,3,Married,4319,1,13,1,1,1,3,10,0,0.0627737902292197,0.3333333333333333,0.08333333333333333,3.3148391380171485,5.0,10.0,0.6363636363636364,0.8181818181818182,0.09090909090909091
51,No,Travel_Rarely,Research & Development,7,4,2,2,2,Manufacturing Director,3,Married,6132,2,17,3,0,2,3,1,0,0.091402478799739,0.3333333333333333,0.0,1.6164394577258923,0.3333333333333333,1.0,0.0,0.0,1.0
58,No,Travel_Rarely,Research & Development,9,3,2,2,1,Research Scientist,2,Married,3346,4,20,2,1,3,2,1,0,0.1337746563060371,0.3333333333333333,0.7083333333333334,6.433423997268638,0.2,1.0,0.0,0.0,1.5
40,No,Travel_Rarely,Sales,4,4,3,2,3,Sales Executive,4,Married,10855,7,11,1,1,2,2,12,2,0.15301612160294792,0.25,0.041666666666666664,1.8308983918386992,1.5,4.0,0.8461538461538461,0.8461538461538461,0.15384615384615385
34,No,Travel_Frequently,Sales,2,4,3,3,1,Sales Representative,3,Married,2231,6,18,4,1,3,3,4,1,0.07828776333482737,0.25,0.041666666666666664,1.2046314780116594,0.5714285714285714,2.0,0.6,0.4,0.6
22,No,Travel_Rarely,Research & Development,19,1,3,3,1,Research Scientist,4,Married,2323,1,24,1,2,6,3,2,2,0.08058114507102887,0.3333333333333333,0.125,6.181697939365274,1.0,0.6666666666666666,0.6666666666666666,0.6666666666666666,2.0
27,No,Non-Travel,Research & Development,9,3,4,3,1,Research Scientist,2,Divorced,2024,6,18,4,1,1,1,2,2,0.1661660079051384,0.3333333333333333,0.08333333333333333,2.759380198385805,0.2857142857142857,0.6666666666666666,0.6666666666666666,0.6666666666666666,0.3333333333333333
28,No,Travel_Rarely,Research & Development,21,3,3,3,1,Research Scientist,4,Married,2713,1,11,3,1,2,1,5,0,0.17485440471802438,0.20833333333333334,0.08333333333333333,0.9411955585379956,2.5,5.0,0.3333333333333333,0.3333333333333333,0.3333333333333333
57,No,Travel_Rarely,Research & Development,24,2,3,4,3,Healthcare Representative,4,Divorced,9439,3,16,2,1,2,1,5,1,0.0857781544655154,0.25,0.75,1.3901879806964137,1.25,2.5,0.5,0.6666666666666666,0.3333333333333333
27,No,Non-Travel,Research & Development,3,3,3,2,1,Research Scientist,3,Divorced,2566,1,15,4,1,2,2,1,0,0.1699181605611848,0.2916666666666667,0.75,1.6104784836083008,0.5,1.0,0.5,0.5,1.0
50,No,Travel_Rarely,Research & Development,11,3,3,3,5,Manager,2,Single,19926,3,15,2,0,5,3,5,4,0.1581195423065341,0.20833333333333334,0.08333333333333333,0.8554922361956516,1.25,1.0,0.6666666666666666,0.6666666666666666,0.8333333333333334
41,No,Travel_Rarely,Research & Development,14,3,1,3,1,Research Scientist,3,Divorced,2451,4,12,1,1,2,3,9,1,0.08345573235414123,0.2916666666666667,0.125,2.5559628025323358,1.8,4.5,0.8,0.8,0.2
30,No,Travel_Rarely,Sales,5,3,2,3,3,Sales Executive,4,Married,9419,2,12,3,1,2,3,10,7,0.11699968149485088,0.20833333333333334,0.16666666666666666,2.0653021566566516,3.3333333333333335,1.25,0.8181818181818182,0.36363636363636365,0.18181818181818182
38,No,Travel_Rarely,Sales,1,4,1,2,2,Sales Executive,4,Single,8686,4,22,3,0,2,4,8,0,0.16507828689845738,0.3333333333333333,0.125,5.149488356253563,1.6,8.0,0.3333333333333333,0.7777777777777778,0.2222222222222222
32,No,Travel_Rarely,Research & Development,6,5,3,3,1,Research Scientist,3,Single,3038,3,20,1,0,2,3,5,1,0.17022712310730748,0.3333333333333333,0.08333333333333333,3.48083490693624,1.25,2.5,0.6666666666666666,0.6666666666666666,0.3333333333333333
27,No,Travel_Rarely,Research & Development,17,3,3,3,1,Research Scientist,2,Married,3058,0,16,4,1,3,2,5,1,0.06570307390451277,0.2916666666666667,0.875,2.35935182770007,5.0,2.5,0.3333333333333333,0.16666666666666666,0.5
19,Yes,Travel_Frequently,Sales,1,1,3,1,1,Sales Representative,1,Single,2325,0,21,1,0,5,4,0,0,0.10356559139784945,0.3333333333333333,0.125,7.144322334253597,0.0,0.0,0.0,0.0,5.0
36,No,Travel_Frequently,Research & Development,3,2,4,3,1,Laboratory Technician,2,Single,2088,4,12,3,0,3,2,8,7,0.11467911877394628,0.2916666666666667,0.25,1.4481064249188196,1.6,1.0,0.7777777777777778,0.2222222222222222,0.3333333333333333
30,No,Non-Travel,Research & Development,9,3,3,3,2,Laboratory Technician,1,Divorced,3072,1,11,3,2,4,3,12,6,0.17062499999999994,0.25,0.08333333333333333,1.6383830022075057,6.0,1.7142857142857142,0.6923076923076923,0.7692307692307693,0.3076923076923077
45,No,Travel_Rarely,Sales,4,2,3,3,2,Sales Executive,1,Divorced,5006,4,11,1,1,3,4,5,0,0.10645225729125042,0.25,0.6666666666666666,1.361809248614549,1.0,5.0,0.6666666666666666,0.5,0.5
56,No,Travel_Rarely,Research & Development,8,3,3,3,1,Research Scientist,1,Divorced,4257,4,18,3,1,3,3,2,2,0.10269673478975812,0.25,0.625,2.2209532274696437,0.4,0.6666666666666666,0.6666666666666666,0.6666666666666666,1.0
33,No,Travel_Rarely,Research & Development,2,3,3,3,1,Research Scientist,4,Single,2500,0,14,1,0,2,4,3,0,0.13437600000000002,0.2916666666666667,0.125,2.466270875144211,3.0,3.0,0.25,0.5,0.5
19,Yes,Travel_Rarely,Research & Development,2,3,2,2,1,Laboratory Technician,4,Single,1102,1,22,3,0,3,2,1,1,0.14061705989110712,0.3333333333333333,0.041666666666666664,5.376516733608596,0.5,0.5,0.0,0.0,1.5
46,No,Travel_Rarely,Sales,1,2,2,3,3,Sales Executive,1,Divorced,10453,1,25,3,3,2,3,24,15,0.1237424662776236,0.3333333333333333,0.0,6.960264244156966,12.0,1.5,0.52,0.28,0.08
38,No,Travel_Rarely,Research & Development,9,2,3,3,1,Laboratory Technician,4,Single,2288,1,12,3,0,3,3,2,2,0.054510489510489424,0.20833333333333334,0.0,1.2207349843748212,1.0,0.6666666666666666,0.6666666666666666,0.3333333333333333,1.0
31,No,Travel_Rarely,Research & Development,12,1,3,3,1,Research Scientist,4,Married,3929,8,23,3,1,0,3,4,0,0.07864851107151953,0.3333333333333333,0.7083333333333334,4.793411340167389,0.4444444444444444,4.0,0.4,0.4,0.0
34,No,Travel_Rarely,Research & Development,27,2,4,3,1,Research Scientist,2,Single,2311,2,15,4,0,3,3,3,1,0.17707918649935095,0.20833333333333334,0.16666666666666666,2.0340185436533287,1.0,1.5,0.5,0.5,0.75
41,Yes,Travel_Rarely,Sales,20,2,2,3,1,Sales Representative,2,Single,3140,1,22,4,0,5,2,4,0,0.08925796178343949,0.3333333333333333,0.8333333333333334,5.71534141237365,2.0,4.0,0.6,0.4,1.0
50,No,Travel_Rarely,Research & Development,1,3,3,2,1,Laboratory Technician,3,Married,3690,2,15,4,1,2,2,3,0,0.1563766937669376,0.25,0.125,1.5598182540956795,1.0,3.0,0.5,0.5,0.5
53,No,Travel_Rarely,Research & Development,13,2,4,4,2,Manufacturing Director,1,Divorced,4450,1,11,3,2,3,3,4,1,0.09849213483146066,0.3333333333333333,0.0,2.3121774637951806,2.0,2.0,0.4,0.6,0.6
33,No,Travel_Rarely,Research & Development,14,3,4,3,1,Research Scientist,2,Married,2756,1,13,4,1,5,3,8,1,0.08996734397677787,0.3333333333333333,0.20833333333333334,1.7530244764856175,4.0,4.0,0.7777777777777778,0.6666666666666666,0.5555555555555556
40,No,Travel_Rarely,Research & Development,4,1,4,3,5,Manager,3,Married,19033,1,14,2,1,2,3,20,9,0.0628839384227394,0.3333333333333333,0.08333333333333333,2.502220222486522,10.0,2.0,0.38095238095238093,0.42857142857142855,0.09523809523809523
55,No,Travel_Rarely,Research & Development,14,4,3,4,5,Research Director,2,Single,18722,8,11,4,0,3,3,24,2,0.1457029163550902,0.20833333333333334,0.041666666666666664,1.7447420346960136,2.6666666666666665,8.0,0.6,0.6,0.12
34,No,Travel_Frequently,Research & Development,2,1,4,2,2,Manufacturing Director,3,Married,9547,1,17,3,0,2,2,10,1,0.12564994239027966,0.3333333333333333,0.125,1.8982460208619674,5.0,5.0,0.8181818181818182,0.8181818181818182,0.18181818181818182
51,No,Travel_Rarely,Research & Development,3,3,4,3,4,Healthcare Representative,2,Single,13734,3,18,3,0,6,3,7,1,0.15523227027814177,0.2916666666666667,0.125,2.1472207755365575,1.75,3.5,0.875,0.0,0.75
52,No,Travel_Rarely,Research & Development,1,4,3,2,5,Manager,3,Married,19999,0,14,1,1,5,3,33,11,0.05365918295914801,0.20833333333333334,0.08333333333333333,0.8831594016512854,33.0,2.75,0.5294117647058824,0.2647058823529412,0.14705882352941177
27,No,Travel_Rarely,Research & Development,9,3,4,3,1,Research Scientist,2,Single,2279,1,16,4,0,2,2,7,0,0.13981132075471703,0.25,0.08333333333333333,1.301807550504188,3.5,7.0,0.875,0.375,0.25
35,Yes,Travel_Rarely,Research & Development,23,2,2,2,2,Manufacturing Director,3,Married,5916,3,13,1,0,1,3,1,0,0.10229885057471261,0.2916666666666667,0.75,2.2946850766029883,0.25,1.0,0.0,0.5,0.5
43,No,Non-Travel,Research & Development,7,3,4,4,1,Research Scientist,4,Divorced,2089,4,14,4,3,3,4,5,2,0.13929152704643372,0.2916666666666667,0.041666666666666664,1.5737732949008172,1.0,1.6666666666666667,0.6666666666666666,0.3333333333333333,0.5
45,No,Non-Travel,Research & Development,2,2,1,2,4,Manager,4,Married,16792,9,23,4,1,1,3,20,11,0.14548237255836105,0.3333333333333333,0.0,7.0650732717786475,2.0,1.6666666666666667,0.38095238095238093,0.38095238095238093,0.047619047619047616
37,No,Travel_Rarely,Research & Development,21,3,2,4,1,Research Scientist,1,Married,3564,1,12,1,1,3,2,8,1,0.12094556677890016,0.25,0.6666666666666666,1.6877507198633548,4.0,4.0,0.7777777777777778,0.7777777777777778,0.3333333333333333
35,No,Travel_Frequently,Research & Development,2,3,2,3,2,Laboratory Technician,2,Single,4425,5,11,4,0,5,3,6,1,0.16573107344632762,0.25,0.041666666666666664,2.452010858903949,1.0,3.0,0.2857142857142857,0.2857142857142857,0.7142857142857143
42,No,Non-Travel,Research & Development,21,2,3,3,2,Manufacturing Director,3,Divorced,5265,2,16,2,1,5,3,5,0,0.08244824311490981,0.25,0.125,2.070326857951731,1.6666666666666667,5.0,0.5,0.3333333333333333,0.8333333333333334
38,No,Travel_Rarely,Research & Development,2,4,4,3,2,Manufacturing Director,3,Married,6553,9,14,2,0,3,3,1,0,0.07211658782237142,0.25,0.125,1.8562583530610317,0.1,1.0,0.0,0.0,1.5
38,No,Travel_Rarely,Research & Development,29,3,4,3,2,Manufacturing Director,4,Married,6261,3,18,1,1,3,1,7,1,0.13929084810733117,0.25,0.08333333333333333,2.0927068591376545,1.75,3.5,0.875,0.875,0.375
27,No,Travel_Frequently,Research & Development,1,1,3,2,2,Manufacturing Director,1,Married,4298,5,19,3,1,1,3,2,2,0.11489762680316425,0.25,0.041666666666666664,2.460057008766941,0.3333333333333333,0.6666666666666666,0.6666666666666666,0.0,0.3333333333333333
49,No,Non-Travel,Research & Development,18,4,4,3,2,Manufacturing Director,4,Divorced,6804,1,15,1,2,0,3,7,1,0.06607436801881242,0.25,0.5833333333333334,1.1403642308023365,3.5,3.5,0.875,0.875,0.0
34,No,Travel_Frequently,Research & Development,10,4,4,3,1,Research Scientist,3,Divorced,3815,1,17,4,1,4,4,5,2,0.1309069462647444,0.2916666666666667,0.625,1.9479195707448087,2.5,1.6666666666666667,0.5,0.0,0.6666666666666666
40,No,Travel_Rarely,Research & Development,19,2,3,3,2,Laboratory Technician,4,Married,2741,8,15,3,1,2,4,7,3,0.11664356074425385,0.3333333333333333,0.75,2.3232014813078967,0.7777777777777778,1.75,0.25,0.875,0.25
38,Yes,Travel_Rarely,Research & Development,29,1,2,3,2,Healthcare Representative,1,Married,6673,7,19,2,0,2,3,1,0,0.10369249213247408,0.25,0.625,1.6829331651018669,0.125,1.0,0.0,0.0,1.0
29,Yes,Travel_Rarely,Sales,27,3,2,3,3,Sales Executive,4,Married,7639,1,22,4,3,3,2,10,1,0.16294148448749826,0.3333333333333333,0.08333333333333333,7.288044780167441,5.0,5.0,0.36363636363636365,0.8181818181818182,0.2727272727272727
22,No,Travel_Rarely,Research & Development,5,3,4,4,1,Research Scientist,2,Divorced,2328,1,16,1,1,2,2,4,2,0.10484536082474223,0.2916666666666667,0.75,1.3721515687807824,2.0,1.3333333333333333,0.4,0.4,0.4
36,No,Travel_Frequently,Research & Development,18,1,2,3,1,Laboratory Technician,4,Single,2153,1,13,1,0,2,3,8,1,0.10422666047375759,0.2916666666666667,0.041666666666666664,2.0141507316635248,4.0,4.0,0.1111111111111111,0.7777777777777778,0.2222222222222222
40,No,Non-Travel,Research & Development,9,5,4,2,2,Healthcare Representative,4,Married,4876,9,14,4,1,5,1,3,0,0.15315217391304356,0.16666666666666666,0.041666666666666664,1.6002429062712726,0.3,3.0,0.5,0.5,1.25
46,No,Travel_Rarely,Research & Development,1,4,4,3,3,Healthcare Representative,1,Divorced,9396,7,16,3,1,3,3,4,0,0.12937420178799494,0.3333333333333333,0.125,2.927753648084809,0.5,4.0,0.4,0.6,0.6
32,Yes,Travel_Rarely,Sales,4,4,4,1,3,Sales Executive,4,Married,10400,1,11,3,0,2,2,14,9,0.06793942307692305,0.2916666666666667,0.08333333333333333,1.9081184648846066,7.0,1.4,0.5333333333333333,0.5333333333333333,0.13333333333333333
30,No,Non-Travel,Research & Development,1,1,3,2,3,Manufacturing Director,3,Single,8474,1,22,3,0,2,3,11,5,0.08637125324522066,0.3333333333333333,0.08333333333333333,5.482726398645713,5.5,1.8333333333333333,0.6666666666666666,0.6666666666666666,0.16666666666666666
27,No,Travel_Frequently,Sales,20,3,4,3,2,Sales Executive,3,Single,9981,1,14,4,0,2,3,7,0,0.053044785091674235,0.20833333333333334,0.0,1.936182457975948,3.5,7.0,0.875,0.875,0.25
51,No,Travel_Rarely,Research & Development,8,4,2,2,3,Research Director,2,Married,12490,5,16,4,2,5,1,10,4,0.09262049639711768,0.25,0.125,1.894206772522855,1.6666666666666667,2.0,0.8181818181818182,0.6363636363636364,0.45454545454545453
30,Yes,Travel_Rarely,Research & Development,3,3,4,3,1,Research Scientist,1,Single,2657,5,11,3,0,5,3,5,0,0.07038765525028226,0.2916666666666667,0.6666666666666666,2.1589950747853033,0.8333333333333334,5.0,0.3333333333333333,0.6666666666666666,0.8333333333333334
41,No,Travel_Rarely,Sales,6,3,4,3,3,Manager,4,Single,13591,3,18,3,0,3,3,1,0,0.11561915973806189,0.25,0.6666666666666666,1.6914098446860857,0.25,1.0,0.0,0.0,1.5
30,Yes,Travel_Frequently,Sales,26,4,3,2,2,Sales Executive,1,Single,6696,5,15,3,0,5,2,6,0,0.17510902031063316,0.2916666666666667,0.16666666666666666,1.6288945357888884,1.0,6.0,0.42857142857142855,0.14285714285714285,0.7142857142857143
29,Yes,Travel_Rarely,Research & Development,1,3,3,3,1,Research Scientist,3,Single,2058,0,14,4,0,1,2,6,1,0.09881438289601562,0.3333333333333333,0.041666666666666664,3.0005640245319674,6.0,3.0,0.2857142857142857,0.7142857142857143,0.14285714285714285
45,No,Non-Travel,Sales,6,3,4,2,3,Sales Executive,4,Single,8865,6,12,4,0,2,3,19,12,0.10872645234066561,0.2916666666666667,0.08333333333333333,1.1749466230998804,2.7142857142857144,1.4615384615384615,0.35,0.4,0.1
54,No,Travel_Rarely,Sales,3,3,4,3,2,Sales Executive,1,Married,5940,2,14,4,1,4,3,6,0,0.13609595959595958,0.16666666666666666,0.08333333333333333,0.9883034990199719,2.0,6.0,0.2857142857142857,0.7142857142857143,0.5714285714285714
36,No,Travel_Rarely,Research & Development,5,2,4,3,2,Laboratory Technician,2,Single,5914,8,16,4,0,3,4,13,3,0.07879776800811637,0.25,0.041666666666666664,1.039392575908247,1.4444444444444444,3.25,0.7857142857142857,0.5,0.21428571428571427
33,No,Travel_Rarely,Research & Development,4,4,3,2,1,Research Scientist,2,Married,2622,6,21,4,0,3,3,3,1,0.08566361556064078,0.3333333333333333,0.16666666666666666,6.770839874003628,0.42857142857142855,1.5,0.5,0.25,0.75
37,No,Travel_Frequently,Research & Development,11,3,2,3,3,Research Director,4,Divorced,12185,1,14,3,3,1,3,10,0,0.0752991382847764,0.25,0.8333333333333334,1.1295385643694347,5.0,10.0,0.7272727272727273,0.6363636363636364,0.09090909090909091
38,No,Travel_Rarely,Sales,3,3,1,3,3,Sales Executive,3,Divorced,10609,0,12,3,2,6,2,16,5,0.16571118861344147,0.2916666666666667,0.08333333333333333,2.3691357606941277,16.0,2.6666666666666665,0.5882352941176471,0.7647058823529411,0.35294117647058826
31,No,Non-Travel,Research & Development,1,4,3,1,2,Manufacturing Director,3,Married,4345,0,12,4,1,2,3,5,1,0.13285615650172616,0.20833333333333334,0.125,1.139306547998006,5.0,2.5,0.6666666666666666,0.6666666666666666,0.3333333333333333
59,No,Travel_Rarely,Research & Development,3,3,3,2,1,Research Scientist,4,Married,2177,3,17,1,1,6,3,1,0,0.12796968305006898,0.2916666666666667,0.16666666666666666,1.7789580603955018,0.25,1.0,0.0,0.0,3.0
37,No,Travel_Frequently,Sales,4,4,1,3,1,Sales Representative,4,Divorced,2793,4,17,3,1,2,3,9,5,0.07846401718582173,0.2,0.0,1.107683686933095,1.8,1.5,0.8,0.8,0.2
29,No,Travel_Frequently,Sales,1,1,2,3,3,Sales Executive,4,Married,7918,1,14,4,1,5,3,11,4,0.1300833543824198,0.25,0.125,1.2903641212317865,5.5,2.2,0.8333333333333334,0.08333333333333333,0.4166666666666667
35,No,Travel_Frequently,Sales,1,3,3,3,3,Sales Executive,3,Single,8789,1,14,1,0,3,4,10,0,0.0804699055637729,0.2916666666666667,0.20833333333333334,1.5658765533317816,5.0,10.0,0.6363636363636364,0.7272727272727273,0.2727272727272727
29,Yes,Travel_Rarely,Research & Development,18,1,3,2,1,Research Scientist,4,Single,2389,1,13,3,0,3,2,4,0,0.07556299706990371,0.3333333333333333,0.5833333333333334,1.9978517143467853,2.0,4.0,0.6,0.2,0.6
52,No,Travel_Rarely,Research & Development,2,3,3,2,1,Laboratory Technician,4,Single,3212,7,15,2,0,3,2,2,2,0.159953300124533,0.25,0.041666666666666664,1.6534188580129894,0.25,0.6666666666666666,0.6666666666666666,0.6666666666666666,1.0
42,No,Travel_Rarely,Research & Development,4,2,3,3,5,Manager,4,Married,19232,1,11,4,0,3,3,22,11,0.07448419301164723,0.20833333333333334,0.125,0.9679658948401825,11.0,1.8333333333333333,0.7391304347826086,0.6521739130434783,0.13043478260869565
59,No,Travel_Rarely,Human Resources,6,2,2,3,1,Human Resources,3,Married,2267,8,17,4,0,2,2,2,2,0.07063961182179086,0.20833333333333334,0.041666666666666664,1.5504183226387003,0.2222222222222222,0.6666666666666666,0.6666666666666666,0.6666666666666666,0.6666666666666666
50,No,Travel_Rarely,Sales,1,4,4,3,5,Manager,4,Divorced,19517,3,11,3,1,3,2,7,0,0.17293948865091963,0.2916666666666667,0.08333333333333333,1.61083520948948,1.75,7.0,0.0,0.75,0.375
33,Yes,Travel_Rarely,Research & Development,14,3,3,3,1,Laboratory Technician,4,Married,2436,5,13,3,1,2,1,5,0,0.10997536945812812,0.3333333333333333,0.9166666666666666,1.511603944850596,0.8333333333333334,5.0,0.6666666666666666,0.6666666666666666,0.3333333333333333
43,No,Travel_Rarely,Sales,16,3,4,3,4,Manager,4,Married,16064,5,22,3,1,3,3,17,1,0.170746389442231,0.3333333333333333,0.75,4.831912711096684,2.8333333333333335,8.5,0.7222222222222222,0.5,0.16666666666666666
33,Yes,Travel_Rarely,Research & Development,2,2,1,3,1,Laboratory Technician,1,Married,2707,7,20,1,0,3,4,9,1,0.05195049870705582,0.3333333333333333,0.125,5.949271148573352,1.125,4.5,0.7,0.7,0.3
52,No,Non-Travel,Sales,2,4,1,2,5,Manager,3,Single,19068,1,18,4,0,2,4,33,15,0.13259597230962872,0.3333333333333333,0.7083333333333334,3.101267597113343,16.5,2.0625,0.20588235294117646,0.35294117647058826,0.058823529411764705
32,No,Travel_Rarely,Sales,4,2,3,3,1,Sales Representative,2,Married,3931,2,11,1,1,5,3,4,1,0.15293055202238617,0.2916666666666667,0.08333333333333333,1.9074121245421134,1.3333333333333333,2.0,0.6,0.4,1.0
32,Yes,Travel_Rarely,Research & Development,1,3,4,2,1,Laboratory Technician,3,Single,3730,0,14,4,0,2,1,3,1,0.07293565683646118,0.2916666666666667,0.7083333333333334,1.6037315495904727,3.0,1.5,0.5,0.5,0.5
39,No,Travel_Rarely,Research & Development,1,4,3,3,1,Laboratory Technician,3,Divorced,2232,7,14,3,3,1,3,3,1,0.05054211469534048,0.2916666666666667,0.041666666666666664,2.6839836771317436,0.375,1.5,0.5,0.5,0.25
32,No,Non-Travel,Sales,26,4,3,3,2,Sales Executive,4,Married,4465,0,18,1,0,2,3,3,2,0.1338924972004479,0.2916666666666667,0.08333333333333333,1.6438240155851245,3.0,1.0,0.5,0.5,0.5
41,No,Travel_Rarely,Research & Development,19,2,3,3,2,Research Scientist,1,Divorced,3072,2,16,1,2,2,2,1,0,0.10173502604166673,0.2916666666666667,0.041666666666666664,1.721842193916585,0.3333333333333333,1.0,0.0,0.0,1.0
40,No,Travel_Rarely,Research & Development,24,2,1,3,2,Research Scientist,4,Divorced,3319,1,17,1,2,3,3,9,4,0.1130762277794517,0.25,0.125,2.1215216583342325,4.5,1.8,0.8,0.7,0.3
45,No,Travel_Rarely,Research & Development,1,3,3,4,5,Manager,4,Married,19202,0,11,3,1,2,3,24,1,0.16297052390376005,0.2916666666666667,0.08333333333333333,1.6631159296494675,24.0,12.0,0.0,0.28,0.08
31,No,Travel_Frequently,Research & Development,3,4,2,3,3,Research Director,3,Divorced,13675,9,12,1,1,3,3,2,2,0.15203217550274228,0.20833333333333334,0.125,1.7353770138861981,0.2,0.6666666666666666,0.6666666666666666,0.6666666666666666,1.0
33,No,Travel_Rarely,Research & Development,5,4,3,2,1,Research Scientist,4,Married,2911,1,13,3,1,2,2,2,0,0.1711301958090003,0.25,0.125,2.149510455431508,1.0,2.0,0.6666666666666666,0.6666666666666666,0.6666666666666666
34,No,Travel_Rarely,Research & Development,2,4,4,2,2,Manufacturing Director,1,Married,5957,6,13,2,1,3,3,11,5,0.12680040288735947,0.16666666666666666,0.08333333333333333,0.761560606318584,1.5714285714285714,1.8333333333333333,0.75,0.75,0.25
37,No,Travel_Rarely,Research & Development,1,2,3,2,1,Research Scientist,1,Married,3920,2,14,1,1,2,2,3,0,0.07327295918367335,0.25,0.0,1.7571227823405429,1.0,3.0,0.25,0.5,0.5
45,No,Travel_Frequently,Research & Development,7,4,1,4,2,Manufacturing Director,3,Married,6434,4,17,4,1,1,3,3,0,0.09708890270438297,0.3333333333333333,0.0,3.0690174545799533,0.6,3.0,0.5,0.5,0.25
37,Yes,Travel_Frequently,Research & Development,10,3,1,3,3,Manufacturing Director,3,Divorced,10048,6,11,2,2,5,3,1,0,0.0977517914012738,0.3333333333333333,0.16666666666666666,1.585661628032534,0.14285714285714285,1.0,0.0,0.0,2.5
39,No,Travel_Frequently,Research & Development,2,4,3,3,3,Healthcare Representative,3,Single,10938,0,25,4,0,1,3,19,11,0.16668860852075332,0.3333333333333333,0.08333333333333333,4.082668682608661,19.0,1.5833333333333333,0.3,0.4,0.05
29,No,Travel_Rarely,Research & Development,15,3,3,3,1,Research Scientist,4,Single,2340,1,19,1,0,1,3,6,1,0.11375641025641028,0.3333333333333333,0.041666666666666664,1.9592282289805723,3.0,3.0,0.7142857142857143,0.7142857142857143,0.14285714285714285
42,No,Travel_Rarely,Research & Development,17,2,4,4,2,Research Scientist,1,Single,6545,3,13,3,0,1,3,3,0,0.13545148968678378,0.16666666666666666,0.875,1.4152777219895678,0.75,3.0,0.5,0.5,0.25
29,No,Travel_Rarely,Sales,20,2,4,3,2,Sales Executive,4,Divorced,6931,2,14,4,1,2,3,3,0,0.08523733948925115,0.3333333333333333,0.041666666666666664,1.531471734235297,1.0,3.0,0.5,0.5,0.5
25,No,Travel_Rarely,Research & Development,1,3,1,3,2,Manufacturing Director,3,Married,4898,0,12,4,2,3,3,4,1,0.07973866884442637,0.25,0.20833333333333334,1.9851700016094982,4.0,2.0,0.4,0.4,0.6
42,No,Travel_Rarely,Research & Development,2,3,4,2,1,Laboratory Technician,1,Divorced,2593,0,11,3,1,4,3,9,7,0.17989201696876206,0.20833333333333334,0.5833333333333334,1.982923855394168,9.0,1.125,0.6,0.8,0.4
40,No,Travel_Rarely,Research & Development,2,2,1,3,5,Research Director,3,Divorced,19436,0,19,4,1,5,3,21,3,0.16028555258283606,0.25,0.125,1.0794015528234995,21.0,5.25,0.3181818181818182,0.4090909090909091,0.22727272727272727
51,No,Travel_Rarely,Research & Development,1,3,3,3,1,Research Scientist,4,Married,2723,1,11,2,0,0,2,1,0,0.05523319867792879,0.25,0.041666666666666664,1.5953998424031137,0.5,1.0,0.0,0.0,0.0
31,Yes,Travel_Frequently,Research & Development,29,2,3,2,1,Laboratory Technician,2,Single,3479,0,11,2,0,2,4,5,1,0.10576315033055471,0.3333333333333333,0.041666666666666664,2.590504538950978,5.0,2.5,0.6666666666666666,0.6666666666666666,0.3333333333333333
32,No,Travel_Frequently,Research & Development,7,3,2,4,1,Laboratory Technician,2,Married,2794,1,20,3,0,3,1,5,0,0.13370436649964215,0.3333333333333333,0.20833333333333334,4.598505191992848,2.5,5.0,0.16666666666666666,0.5,0.5
38,No,Non-Travel,Sales,2,2,4,2,2,Sales Executive,4,Married,5249,3,18,4,1,0,3,8,7,0.1265593446370738,0.3333333333333333,0.041666666666666664,2.568620055230893,2.0,1.0,0.7777777777777778,0.5555555555555556,0.0
32,No,Travel_Rarely,Research & Development,2,1,4,2,2,Laboratory Technician,1,Single,2176,4,13,4,0,5,3,6,0,0.05880055147058815,0.3333333333333333,0.08333333333333333,2.1817638098442163,1.2,6.0,0.2857142857142857,0.5714285714285714,0.7142857142857143
46,No,Travel_Rarely,Sales,2,3,3,1,4,Manager,2,Married,16872,3,12,2,1,2,2,7,7,0.08490694642010427,0.2,0.68,0.9460309857797324,1.75,0.875,0.875,0.875,0.25
28,Yes,Travel_Rarely,Research & Development,2,4,1,3,1,Laboratory Technician,3,Single,3485,2,11,3,0,5,1,0,0,0.15116499282639884,0.25,0.041666666666666664,2.2362671533547163,0.0,0.0,0.0,0.0,5.0
29,No,Travel_Rarely,Sales,2,3,1,2,2,Sales Executive,2,Married,6644,2,19,2,2,2,3,0,0,0.10543196869355806,0.20833333333333334,0.125,1.410261376842293,0.0,0.0,0.0,0.0,2.0
31,No,Travel_Rarely,Research & Development,23,3,2,2,2,Healthcare Representative,4,Married,5582,0,21,2,1,2,3,9,7,0.13157291293443202,0.3333333333333333,0.041666666666666664,3.845407613432302,9.0,1.125,0.0,0.8,0.2
25,No,Non-Travel,Research & Development,5,2,2,4,2,Healthcare Representative,1,Divorced,4000,1,12,4,2,2,3,6,1,0.16642499999999996,0.25,0.08333333333333333,1.943163239662851,3.0,3.0,0.42857142857142855,0.7142857142857143,0.2857142857142857
45,No,Travel_Rarely,Research & Development,20,2,3,3,4,Healthcare Representative,4,Married,13496,0,14,2,0,2,3,20,4,0.09583950800237112,0.2916666666666667,0.6666666666666666,2.0337580175662815,20.0,4.0,0.3333333333333333,0.47619047619047616,0.09523809523809523
36,No,Travel_Rarely,Research & Development,6,3,4,3,1,Laboratory Technician,4,Married,3210,0,11,3,1,4,3,15,10,0.06873831775700938,0.25,0.20833333333333334,2.3180582107727155,15.0,1.3636363636363635,0.8125,0.6875,0.25
55,No,Travel_Rarely,Research & Development,1,3,4,3,5,Manager,1,Single,19045,0,14,3,0,2,3,36,4,0.05171698608558681,0.25,0.8333333333333334,1.1668970809506891,36.0,7.2,0.2702702702702703,0.35135135135135137,0.05405405405405406
47,Yes,Non-Travel,Research & Development,29,4,1,3,3,Manager,2,Married,11849,1,12,4,1,2,2,10,9,0.15443412946240184,0.3333333333333333,0.7083333333333334,2.6578233831358355,5.0,1.0,0.6363636363636364,0.8181818181818182,0.18181818181818182
28,No,Travel_Rarely,Research & Development,9,3,4,3,1,Research Scientist,4,Married,2070,1,23,4,1,3,2,5,0,0.09307246376811587,0.3333333333333333,0.125,6.970488217017364,2.5,5.0,0.3333333333333333,0.6666666666666666,0.5
37,No,Travel_Rarely,Sales,6,4,3,3,2,Sales Executive,4,Married,6502,4,14,2,1,5,4,5,0,0.15209627806828674,0.25,0.125,1.5265103144380436,1.0,5.0,0.6666666666666666,0.16666666666666666,0.8333333333333334
21,No,Travel_Rarely,Research & Development,3,2,4,2,1,Research Scientist,3,Single,3230,1,17,1,0,4,4,3,1,0.1701424148606811,0.2916666666666667,0.08333333333333333,2.854480563617968,1.5,1.5,0.5,0.0,1.0
37,No,Non-Travel,Research & Development,1,4,1,3,3,Research Director,4,Divorced,13603,2,18,1,2,2,3,5,0,0.1670160993898405,0.25,0.7916666666666666,1.6861616915612185,1.6666666666666667,5.0,0.3333333333333333,0.3333333333333333,0.3333333333333333
35,No,Travel_Rarely,Research & Development,22,3,2,4,3,Manager,2,Divorced,11996,7,18,2,1,6,2,7,6,0.08560770256752256,0.2916666666666667,0.041666666666666664,1.3281467968844267,0.875,1.0,0.875,0.25,0.75
38,No,Travel_Rarely,Sales,7,2,1,4,2,Sales Executive,1,Divorced,5605,1,24,3,1,3,3,8,7,0.06956645851917932,0.3333333333333333,0.6666666666666666,5.196843647233994,4.0,1.0,0.0,0.7777777777777778,0.3333333333333333
26,No,Travel_Frequently,Research & Development,1,3,3,3,2,Manufacturing Director,2,Divorced,6397,1,20,1,1,6,1,6,1,0.09729404408316403,0.3333333333333333,0.0,4.576889734681752,3.0,3.0,0.7142857142857143,0.5714285714285714,0.8571428571428571
50,No,Travel_Rarely,Research & Development,4,1,1,3,5,Research Director,2,Divorced,19144,3,14,1,2,4,2,10,1,0.17939720016715424,0.25,0.08333333333333333,2.193855485151505,2.5,5.0,0.36363636363636365,0.5454545454545454,0.36363636363636365
53,No,Travel_Rarely,Research & Development,3,4,3,3,4,Research Director,3,Married,17584,3,16,4,3,5,2,5,1,0.16821371701546856,0.2916666666666667,0.7916666666666666,2.3964229939892863,1.25,2.5,0.5,0.5,0.8333333333333334
42,No,Travel_Rarely,Sales,1,1,2,3,2,Sales Executive,3,Married,4907,1,25,3,0,3,3,20,11,0.1588546973711025,0.3333333333333333,0.125,3.9940320952965154,10.0,1.6666666666666667,0.7619047619047619,0.2857142857142857,0.14285714285714285
29,No,Travel_Frequently,Sales,2,2,2,3,2,Sales Executive,4,Single,4554,1,18,1,0,3,2,10,0,0.08574440052700913,0.25,0.20833333333333334,2.3942610549552934,5.0,10.0,0.6363636363636364,0.8181818181818182,0.2727272727272727
55,No,Travel_Rarely,Research & Development,20,2,2,3,2,Laboratory Technician,4,Married,5415,3,19,4,1,4,3,10,0,0.1793388734995383,0.3333333333333333,0.625,2.5685467011094625,2.5,10.0,0.6363636363636364,0.7272727272727273,0.36363636363636365
26,No,Travel_Frequently,Research & Development,11,2,1,3,2,Healthcare Representative,1,Married,4741,1,13,3,1,3,3,5,3,0.14963931659987337,0.25,0.75,1.5111905608821488,2.5,1.25,0.5,0.5,0.5
37,No,Travel_Rarely,Research & Development,1,3,4,3,1,Research Scientist,4,Single,2115,1,12,2,0,3,3,17,5,0.05125295508274236,0.2916666666666667,0.20833333333333334,2.3916027081112996,8.5,2.8333333333333335,0.6666666666666666,0.3888888888888889,0.16666666666666666
44,Yes,Travel_Frequently,Research & Development,24,3,4,3,1,Laboratory Technician,3,Divorced,3161,3,22,4,1,0,1,1,0,0.1784340398608036,0.3333333333333333,0.625,6.979875406889548,0.25,1.0,0.0,0.0,0.0
38,No,Travel_Rarely,Research & Development,23,4,4,3,2,Healthcare Representative,4,Divorced,5745,9,14,2,1,2,3,2,1,0.06335596170583108,0.25,0.125,1.3325840904044906,0.2,1.0,0.6666666666666666,0.6666666666666666,0.6666666666666666
26,Yes,Travel_Rarely,Research & Development,16,4,1,3,1,Laboratory Technician,2,Divorced,2373,2,13,4,1,2,3,3,0,0.06590813316477037,0.20833333333333334,0.8333333333333334,1.499264645242873,1.0,3.0,0.5,0.5,0.5
28,No,Travel_Rarely,Research & Development,8,2,4,3,1,Research Scientist,4,Single,3310,1,21,4,0,3,3,5,0,0.16916918429003017,0.3333333333333333,0.041666666666666664,4.875614268437338,2.5,5.0,0.5,0.3333333333333333,0.5
49,No,Travel_Frequently,Research & Development,10,4,3,3,5,Research Director,1,Single,18665,9,11,4,0,4,3,3,1,0.11603053844093218,0.3333333333333333,0.875,1.4529283537588389,0.3,1.5,0.5,0.5,1.0
36,No,Travel_Rarely,Research & Development,3,3,3,3,2,Research Scientist,2,Single,4485,4,12,4,0,2,3,8,7,0.08743812709030097,0.20833333333333334,0.16666666666666666,0.8390075545941403,1.6,1.0,0.0,0.7777777777777778,0.2222222222222222
31,No,Travel_Frequently,Sales,5,3,4,3,1,Sales Representative,2,Divorced,2789,1,11,3,1,5,2,2,2,0.06220867694514163,0.25,0.041666666666666664,1.4754257122104752,1.0,0.6666666666666666,0.6666666666666666,0.6666666666666666,1.6666666666666667
26,Yes,Travel_Rarely,Sales,4,4,4,2,2,Sales Executive,4,Single,5828,1,12,2,0,0,3,8,7,0.16402882635552507,0.3333333333333333,0.5833333333333334,2.708043138674502,4.0,1.0,0.7777777777777778,0.4444444444444444,0.0
37,No,Travel_Frequently,Research & Development,9,3,2,3,1,Research Scientist,4,Married,2326,1,12,3,3,3,2,4,1,0.07825021496130706,0.20833333333333334,0.6666666666666666,1.873341750568352,2.0,2.0,0.4,0.4,0.6
42,No,Travel_Frequently,Sales,26,3,3,3,4,Sales Executive,2,Married,13525,5,14,4,1,2,4,20,4,0.12516155268022178,0.3333333333333333,0.08333333333333333,2.727150839529729,3.3333333333333335,4.0,0.19047619047619047,0.38095238095238093,0.09523809523809523
18,Yes,Travel_Rarely,Research & Development,3,3,3,3,1,Laboratory Technician,3,Single,1420,1,13,3,0,2,3,0,0,0.05695774647887332,0.2916666666666667,0.041666666666666664,2.6621919331260684,0.0,0.0,0.0,0.0,2.0
35,No,Travel_Rarely,Sales,16,3,3,3,3,Sales Executive,2,Married,8020,0,15,3,2,3,2,11,6,0.06491271820448882,0.2916666666666667,0.041666666666666664,1.1719684069417777,11.0,1.5714285714285714,0.75,0.75,0.25
36,No,Travel_Frequently,Research & Development,18,4,3,4,1,Laboratory Technician,4,Married,3688,4,18,4,2,2,3,1,0,0.10015726681127986,0.25,0.041666666666666664,2.2173876263749133,0.2,1.0,0.0,0.0,1.0
51,No,Travel_Rarely,Research & Development,2,3,4,1,2,Manufacturing Director,2,Divorced,5482,5,18,4,1,3,3,4,1,0.08938161255016414,0.20833333333333334,0.041666666666666664,1.310397266413124,0.6666666666666666,2.0,0.2,0.4,0.6
41,No,Travel_Rarely,Sales,2,4,4,3,4,Manager,2,Single,16015,1,19,2,0,2,3,22,0,0.05805057758351547,0.3333333333333333,0.25,1.8429049476215968,11.0,22.0,0.43478260869565216,0.17391304347826086,0.08695652173913043
18,No,Travel_Rarely,Sales,10,3,4,2,1,Sales Representative,3,Single,1200,1,12,1,0,2,3,0,0,0.1334916666666667,0.2916666666666667,0.08333333333333333,2.059669857108284,0.0,0.0,0.0,0.0,2.0
28,No,Travel_Rarely,Research & Development,16,2,2,4,2,Healthcare Representative,1,Single,5661,0,19,3,0,2,3,8,0,0.12097155979508915,0.25,0.16666666666666666,2.3708911982910985,8.0,8.0,0.3333333333333333,0.7777777777777778,0.2222222222222222
31,No,Travel_Rarely,Sales,7,3,2,4,2,Sales Executive,4,Married,6929,4,11,2,1,3,2,8,7,0.13454322413046615,0.2916666666666667,0.08333333333333333,1.9045260672853175,1.6,1.0,0.7777777777777778,0.7777777777777778,0.3333333333333333
39,No,Travel_Rarely,Research & Development,1,3,3,4,3,Healthcare Representative,4,Divorced,9613,0,17,1,3,5,2,18,3,0.051936960366170855,0.3333333333333333,0.16666666666666666,2.7848113264302343,18.0,4.5,0.5263157894736842,0.3684210526315789,0.2631578947368421
36,No,Non-Travel,Research & Development,24,4,2,3,2,Laboratory Technician,2,Married,5674,7,15,3,1,3,3,9,0,0.11320761367641878,0.3333333333333333,0.16666666666666666,1.4902323280011573,1.125,9.0,0.8,0.8,0.3
32,No,Travel_Rarely,Sales,7,3,4,2,2,Sales Executive,3,Married,5484,1,14,3,1,3,2,13,4,0.16830780452224653,0.16666666666666666,0.041666666666666664,1.3572050273300142,6.5,2.6,0.5714285714285714,0.5714285714285714,0.21428571428571427
38,No,Travel_Rarely,Research & Development,25,2,1,2,3,Research Director,2,Married,12061,3,17,3,1,2,3,10,0,0.1205646297985241,0.2916666666666667,0.041666666666666664,1.785368457408186,2.5,10.0,0.7272727272727273,0.09090909090909091,0.18181818181818182
58,No,Non-Travel,Research & Development,1,4,4,1,2,Healthcare Representative,3,Divorced,5660,2,13,4,1,2,3,5,1,0.1352773851590106,0.20833333333333334,0.75,1.1277996102179046,1.6666666666666667,2.5,0.5,0.3333333333333333,0.3333333333333333
31,No,Travel_Rarely,Research & Development,5,4,3,3,1,Research Scientist,4,Married,4821,0,12,3,1,4,3,5,0,0.11118855009334162,0.25,0.6666666666666666,2.514481033127841,5.0,5.0,0.3333333333333333,0.5,0.6666666666666666
31,No,Travel_Rarely,Human Resources,2,3,1,2,2,Human Resources,1,Married,6410,3,12,4,0,1,3,2,1,0.11764430577223095,0.25,0.041666666666666664,1.4684713457085956,0.5,1.0,0.6666666666666666,0.0,0.3333333333333333
45,No,Travel_Frequently,Research & Development,7,3,1,3,3,Laboratory Technician,1,Divorced,5210,1,18,1,1,2,3,24,9,0.1047332053742802,0.20833333333333334,0.041666666666666664,2.1003305833255426,12.0,2.4,0.36,0.44,0.08
31,No,Travel_Rarely,Research & Development,2,4,3,3,1,Research Scientist,4,Divorced,2695,0,18,2,1,2,1,2,2,0.17348794063079784,0.3333333333333333,0.8333333333333334,3.175856683430472,2.0,0.6666666666666666,0.6666666666666666,0.6666666666666666,0.6666666666666666
33,No,Travel_Frequently,Research & Development,5,4,4,3,3,Manager,2,Married,11878,6,11,2,2,2,3,10,8,0.16470954706179491,0.3333333333333333,0.08333333333333333,2.813489447577335,1.4285714285714286,1.1111111111111112,0.5454545454545454,0.7272727272727273,0.18181818181818182
39,No,Travel_Rarely,Research & Development,10,1,3,3,4,Manager,1,Married,17068,1,14,4,0,3,3,21,11,0.15803491914694165,0.25,0.6666666666666666,1.442409241192898,10.5,1.75,0.4090909090909091,0.45454545454545453,0.13636363636363635
43,No,Travel_Frequently,Research & Development,10,4,3,3,1,Laboratory Technician,4,Single,2455,0,19,1,0,5,3,8,1,0.0819674134419552,0.2916666666666667,0.0,2.19791702384247,8.0,4.0,0.7777777777777778,0.7777777777777778,0.5555555555555556
49,No,Travel_Rarely,Research & Development,1,2,3,2,4,Healthcare Representative,3,Single,13964,7,12,4,0,2,3,7,0,0.11252434832426245,0.2916666666666667,0.625,1.3433240109493423,0.875,7.0,0.125,0.875,0.25
52,Yes,Travel_Rarely,Research & Development,8,4,3,2,2,Research Scientist,2,Married,4941,2,15,1,0,3,2,8,7,0.07846387370977527,0.16666666666666666,0.125,1.3195489487985095,2.6666666666666665,1.0,0.2222222222222222,0.7777777777777778,0.3333333333333333
27,No,Travel_Rarely,Research & Development,5,3,3,3,1,Research Scientist,2,Single,2478,1,12,2,0,2,2,4,1,0.05468926553672316,0.3333333333333333,0.7916666666666666,1.3794677968493196,2.0,2.0,0.6,0.4,0.4
32,No,Travel_Rarely,Sales,8,2,3,2,2,Sales Executive,2,Married,5228,1,11,4,0,2,3,13,11,0.08928079571537877,0.3333333333333333,0.7916666666666666,2.2671147335697737,6.5,1.0833333333333333,0.8571428571428571,0.6428571428571429,0.14285714285714285
27,No,Travel_Rarely,Sales,2,3,4,3,2,Sales Executive,3,Single,4478,1,11,1,0,3,3,5,0,0.06837204108977224,0.2916666666666667,0.75,2.249932953325914,2.5,5.0,0.6666666666666666,0.6666666666666666,0.5
31,No,Travel_Rarely,Sales,7,3,4,3,2,Sales Executive,4,Divorced,7547,4,12,4,3,3,3,7,1,0.1630674440174904,0.20833333333333334,0.0,0.972932984619616,1.4,3.5,0.875,0.875,0.375
32,No,Travel_Rarely,Research & Development,2,4,1,4,2,Research Scientist,4,Single,5055,7,16,3,0,0,2,7,0,0.10411869436201775,0.3333333333333333,0.08333333333333333,1.6407897693264835,0.875,7.0,0.875,0.875,0.0
28,Yes,Travel_Rarely,Research & Development,2,4,1,1,1,Research Scientist,4,Married,3464,5,13,4,0,4,2,3,2,0.13382794457274824,0.20833333333333334,0.7916666666666666,1.349643825060229,0.5,1.0,0.5,0.5,1.0
30,No,Travel_Rarely,Research & Development,28,2,4,3,2,Research Scientist,4,Married,5775,1,13,4,2,2,3,10,1,0.15948571428571423,0.20833333333333334,0.08333333333333333,2.0351588649055166,5.0,5.0,0.7272727272727273,0.8181818181818182,0.18181818181818182
31,No,Travel_Frequently,Research & Development,7,2,3,2,3,Manufacturing Director,3,Married,8943,1,24,1,1,2,3,10,8,0.08549368220954934,0.3333333333333333,0.125,5.922213279185753,5.0,1.1111111111111112,0.8181818181818182,0.8181818181818182,0.18181818181818182
39,No,Travel_Frequently,Research & Development,7,2,3,2,5,Manager,4,Married,19272,1,15,1,1,2,3,21,13,0.15995433789954336,0.2916666666666667,0.16666666666666666,1.263600107149981,10.5,1.5,0.4090909090909091,0.13636363636363635,0.09090909090909091
39,Yes,Travel_Rarely,Sales,3,2,4,3,2,Sales Executive,3,Married,5238,4,18,1,0,3,2,1,0,0.09045055364642988,0.3333333333333333,0.6666666666666666,2.4720875242300933,0.2,1.0,0.0,0.0,1.5
33,No,Travel_Frequently,Sales,10,3,2,2,2,Sales Executive,4,Single,4682,3,14,3,0,6,2,7,0,0.07302434856898754,0.3333333333333333,0.041666666666666664,1.9231944830807381,1.75,7.0,0.875,0.125,0.75
47,No,Travel_Rarely,Research & Development,5,5,4,3,5,Research Director,3,Married,18300,4,11,2,1,2,3,3,1,0.09198907103825145,0.2916666666666667,0.041666666666666664,2.136169733241246,0.6,1.5,0.5,0.25,0.5
43,No,Travel_Frequently,Research & Development,10,4,3,2,2,Laboratory Technician,3,Divorced,5257,1,11,2,1,3,4,9,0,0.15062963667490958,0.2916666666666667,0.08333333333333333,2.8983209358727864,4.5,9.0,0.7,0.0,0.3
27,No,Non-Travel,Sales,1,1,3,3,2,Sales Executive,2,Married,6349,0,13,4,1,0,3,5,1,0.06298944715703261,0.2916666666666667,0.8333333333333334,2.1249800350974057,5.0,2.5,0.6666666666666666,0.6666666666666666,0.0
54,No,Travel_Frequently,Research & Development,20,4,4,3,2,Research Scientist,3,Single,4869,3,12,4,0,4,2,4,0,0.07745943725611001,0.20833333333333334,0.08333333333333333,1.404052843753991,1.0,4.0,0.6,0.6,0.8
43,No,Travel_Rarely,Research & Development,7,3,3,3,3,Healthcare Representative,1,Married,9985,8,16,1,1,1,2,1,0,0.11526790185277924,0.20833333333333334,0.16666666666666666,1.846075743730328,0.1111111111111111,1.0,0.0,0.0,0.5
45,No,Travel_Rarely,Research & Development,8,4,4,3,2,Research Scientist,4,Married,3697,9,14,1,2,3,3,10,9,0.1326778469028943,0.20833333333333334,0.25,1.5270876244546931,1.0,1.0,0.8181818181818182,0.7272727272727273,0.2727272727272727
40,No,Travel_Rarely,Sales,1,2,2,1,2,Sales Executive,4,Married,7457,2,22,3,3,2,2,4,0,0.14380716105672534,0.3333333333333333,0.75,6.339495692244351,1.3333333333333333,4.0,0.6,0.4,0.4
29,Yes,Travel_Rarely,Research & Development,8,4,2,1,1,Laboratory Technician,1,Married,2119,1,11,4,0,4,2,7,0,0.1038603114676734,0.25,0.875,1.1996970793502475,3.5,7.0,0.875,0.875,0.5
29,No,Travel_Rarely,Research & Development,9,5,2,2,1,Laboratory Technician,4,Single,3983,0,17,3,0,2,3,3,2,0.1472407732864675,0.2916666666666667,0.0,2.0729513301825833,3.0,1.0,0.5,0.5,0.5
30,No,Travel_Rarely,Sales,5,3,4,2,2,Sales Executive,3,Divorced,6118,1,13,3,3,2,3,10,1,0.09721314154952598,0.25,0.0,1.1630299628630703,5.0,5.0,0.8181818181818182,0.18181818181818182,0.18181818181818182
27,No,Travel_Rarely,Sales,8,4,2,3,2,Sales Executive,2,Married,6214,1,18,1,1,3,3,8,0,0.07163984551013841,0.2916666666666667,0.125,2.250106228691146,4.0,8.0,0.7777777777777778,0.7777777777777778,0.3333333333333333
37,No,Travel_Rarely,Research & Development,5,2,4,3,2,Manufacturing Director,4,Divorced,6347,7,16,3,2,2,2,6,0,0.05089491098156605,0.25,0.08333333333333333,1.0549846898999595,0.75,6.0,0.2857142857142857,0.5714285714285714,0.2857142857142857
38,No,Travel_Rarely,Research & Development,15,2,3,2,3,Research Director,4,Divorced,11510,0,14,2,1,3,3,11,2,0.06845351867940917,0.2916666666666667,0.8333333333333334,1.5888874576221215,11.0,3.6666666666666665,0.8333333333333334,0.75,0.25
31,No,Travel_Rarely,Research & Development,7,4,3,3,3,Manufacturing Director,4,Single,7143,1,14,3,0,2,2,11,4,0.13277894442111152,0.2916666666666667,0.7083333333333334,1.2328716204847514,5.5,2.2,0.75,0.8333333333333334,0.16666666666666666
29,No,Travel_Rarely,Sales,10,1,4,2,2,Sales Executive,2,Divorced,8268,1,14,1,2,2,3,7,1,0.16781930333817136,0.3333333333333333,0.7083333333333334,3.0332563618849298,3.5,3.5,0.875,0.875,0.25
35,No,Travel_Rarely,Research & Development,5,4,3,3,3,Manufacturing Director,2,Single,8095,0,13,4,0,5,3,16,0,0.11793205682520072,0.2916666666666667,0.08333333333333333,1.2630560574935095,16.0,16.0,0.35294117647058826,0.7647058823529411,0.29411764705882354
23,No,Travel_Rarely,Research & Development,26,1,3,3,1,Research Scientist,4,Divorced,2904,1,12,3,2,2,2,4,0,0.08895316804407719,0.2916666666666667,0.041666666666666664,2.706466993373703,2.0,4.0,0.4,0.4,0.4
41,No,Travel_Rarely,Research & Development,6,3,4,2,2,Manufacturing Director,2,Single,6032,6,15,4,0,3,3,5,1,0.1015119363395225,0.25,0.7083333333333334,1.2834925058153328,0.7142857142857143,2.5,0.6666666666666666,0.3333333333333333,0.5
47,No,Travel_Frequently,Sales,4,1,2,3,2,Sales Representative,3,Single,2976,3,19,1,0,3,3,0,0,0.09855174731182795,0.3333333333333333,0.041666666666666664,1.9927996545314912,0.0,0.0,0.0,0.0,3.0
42,No,Travel_Rarely,Research & Development,23,5,1,3,4,Research Director,4,Single,15992,2,14,2,0,2,3,1,0,0.15716045522761388,0.20833333333333334,0.0,1.9210370393193545,0.3333333333333333,1.0,0.0,0.0,1.0
29,No,Non-Travel,Sales,2,3,4,3,2,Sales Executive,3,Married,4649,1,14,1,1,3,2,4,0,0.05624435362443527,0.25,0.16666666666666666,1.7967246281425486,2.0,4.0,0.6,0.4,0.6
42,No,Travel_Rarely,Human Resources,2,1,3,3,1,Human Resources,3,Divorced,2696,0,11,3,1,5,3,3,1,0.10902448071216611,0.2916666666666667,0.6666666666666666,2.5257874069931905,3.0,1.5,0.5,0.0,1.25
32,No,Travel_Rarely,Research & Development,2,3,3,3,1,Laboratory Technician,2,Married,2370,1,13,3,1,4,3,8,0,0.13556118143459925,0.20833333333333334,0.125,1.1267900610122337,4.0,8.0,0.0,0.7777777777777778,0.4444444444444444
48,No,Travel_Rarely,Sales,29,1,1,3,3,Manager,3,Married,12504,3,21,2,1,3,1,0,0,0.15397312859884843,0.3333333333333333,0.08333333333333333,4.8292956202888835,0.0,0.0,0.0,0.0,3.0
37,No,Travel_Rarely,Research & Development,6,3,3,4,2,Research Scientist,1,Divorced,5974,4,13,1,2,2,3,7,6,0.05120522263140268,0.3333333333333333,0.7916666666666666,2.3705613734704447,1.4,1.0,0.875,0.875,0.25
30,No,Non-Travel,Sales,25,2,4,3,2,Sales Executive,3,Married,4736,7,12,2,1,2,4,2,2,0.12780616554054053,0.16666666666666666,0.7083333333333334,1.1857487589378992,0.25,0.6666666666666666,0.6666666666666666,0.6666666666666666,0.6666666666666666
26,No,Travel_Rarely,Sales,1,3,3,3,2,Sales Executive,3,Married,5296,1,17,2,1,3,3,8,7,0.06368013595166164,0.20833333333333334,0.125,1.1317185245804013,4.0,1.0,0.7777777777777778,0.7777777777777778,0.3333333333333333
42,No,Travel_Rarely,Research & Development,2,4,1,2,2,Healthcare Representative,4,Single,6781,3,23,2,0,6,3,1,0,0.1089146143636632,0.3333333333333333,0.125,4.384563297682025,0.25,1.0,0.0,0.0,3.0
21,Yes,Travel_Frequently,Sales,1,1,1,2,1,Sales Representative,2,Single,2174,1,11,3,0,3,3,3,1,0.163528058877645,0.20833333333333334,0.5833333333333334,1.2355311954972632,1.5,1.5,0.5,0.5,0.75
36,No,Non-Travel,Sales,1,5,4,3,2,Sales Executive,4,Single,6653,4,15,2,0,6,3,1,0,0.105122501127311,0.25,0.08333333333333333,1.2758243504921056,0.2,1.0,0.0,0.0,3.0
36,No,Travel_Frequently,Sales,3,4,1,2,3,Sales Executive,4,Married,9699,4,11,1,1,2,3,13,1,0.16604289101969283,0.2916666666666667,0.08333333333333333,1.3675925639445081,2.6,6.5,0.6428571428571429,0.8571428571428571,0.14285714285714285
57,No,Travel_Rarely,Research & Development,1,4,4,3,2,Healthcare Representative,3,Married,6755,2,11,3,0,2,3,3,1,0.11796891191709846,0.25,0.041666666666666664,1.1328640486255566,1.0,1.5,0.5,0.5,0.5
40,No,Travel_Rarely,Research & Development,10,4,4,4,1,Laboratory Technician,3,Married,2213,3,13,3,1,3,3,7,1,0.17028016267510163,0.16666666666666666,0.625,1.0847032483160035,1.75,3.5,0.875,0.875,0.375
21,No,Non-Travel,Sales,9,2,1,3,1,Sales Representative,4,Single,2610,1,24,3,0,3,2,3,2,0.09661685823754793,0.3333333333333333,0.041666666666666664,6.088739284191563,1.5,1.0,0.5,0.5,0.75
33,Yes,Travel_Rarely,Sales,5,3,4,3,1,Sales Representative,3,Single,2851,1,13,2,0,2,3,1,0,0.0617572781480183,0.25,0.875,1.5928529614265896,0.5,1.0,0.0,0.0,1.0
37,No,Travel_Rarely,Research & Development,10,3,3,3,1,Laboratory Technician,1,Married,3452,6,20,2,1,3,3,5,0,0.15589513325608345,0.3333333333333333,0.16666666666666666,6.925643579352222,0.7142857142857143,5.0,0.6666666666666666,0.5,0.5
46,No,Non-Travel,Research & Development,7,4,3,3,2,Manufacturing Director,3,Married,5258,2,14,3,0,2,4,1,0,0.07418790414606313,0.25,0.08333333333333333,1.788523269542973,0.3333333333333333,1.0,0.0,0.0,1.0
41,Yes,Travel_Frequently,Sales,4,3,1,3,2,Sales Executive,2,Single,9355,1,18,3,0,5,3,8,7,0.1104874398717264,0.3333333333333333,0.125,2.481849401738925,4.0,1.0,0.7777777777777778,0.7777777777777778,0.5555555555555556
50,No,Travel_Rarely,Research & Development,10,3,4,2,3,Healthcare Representative,4,Single,10496,6,15,4,0,2,3,4,1,0.1774228277439024,0.25,0.08333333333333333,1.8672761117629166,0.5714285714285714,2.0,0.6,0.6,0.4
40,Yes,Travel_Rarely,Sales,22,2,3,2,2,Sales Executive,3,Married,6380,2,12,1,2,6,3,6,1,0.0739937304075235,0.25,0.6666666666666666,1.5973987711940398,2.0,3.0,0.5714285714285714,0.0,0.8571428571428571
31,No,Travel_Rarely,Research & Development,9,4,3,2,1,Research Scientist,2,Single,2657,0,16,4,0,5,3,2,2,0.07307489649981176,0.20833333333333334,0.5416666666666666,1.0127117551029434,2.0,0.6666666666666666,0.6666666666666666,0.6666666666666666,1.6666666666666667
21,Yes,Travel_Rarely,Sales,12,3,3,4,1,Sales Representative,2,Single,2716,1,15,4,0,0,3,1,0,0.15541973490427094,0.2916666666666667,0.08333333333333333,2.820883737817916,0.5,1.0,0.0,0.0,0.0
29,No,Travel_Rarely,Research & Development,23,3,4,3,1,Research Scientist,4,Single,2201,9,16,4,0,4,3,3,1,0.14721944570649714,0.2916666666666667,0.08333333333333333,2.1393868382768866,0.3,1.5,0.5,0.5,1.0
35,No,Travel_Rarely,Research & Development,9,4,3,2,2,Healthcare Representative,2,Single,6540,9,19,3,0,5,3,1,0,0.09299694189602443,0.25,0.16666666666666666,1.2894699951742183,0.1,1.0,0.5,0.0,2.5
27,No,Travel_Rarely,Research & Development,1,2,4,3,1,Laboratory Technician,2,Divorced,3816,1,11,2,1,2,3,5,0,0.16728773584905657,0.3333333333333333,0.0,2.310416583538584,2.5,5.0,0.3333333333333333,0.6666666666666666,0.3333333333333333
28,No,Travel_Rarely,Sales,9,4,2,3,2,Sales Executive,4,Single,5253,1,16,4,0,1,3,7,0,0.1496820864268037,0.25,0.08333333333333333,1.2758835021222918,3.5,7.0,0.625,0.875,0.125
49,No,Travel_Rarely,Research & Development,7,3,2,2,3,Healthcare Representative,3,Single,10965,8,24,3,0,2,3,5,0,0.054995896032831795,0.3333333333333333,0.16666666666666666,6.954923607637002,0.5555555555555556,5.0,0.3333333333333333,0.0,0.3333333333333333
51,No,Travel_Rarely,Sales,14,2,3,3,2,Sales Executive,4,Married,4936,4,11,3,1,2,2,7,0,0.1090498379254458,0.20833333333333334,0.041666666666666664,1.9126625278050746,1.4,7.0,0.875,0.875,0.25
36,No,Travel_Rarely,Research & Development,2,3,4,3,1,Research Scientist,3,Married,2543,4,13,2,1,3,3,2,2,0.13571372394809275,0.3333333333333333,0.041666666666666664,2.585018785771972,0.4,0.6666666666666666,0.6666666666666666,0.6666666666666666,1.0
34,Yes,Non-Travel,Sales,19,3,1,4,2,Sales Executive,4,Single,5304,8,13,2,0,3,2,5,0,0.08194004524886872,0.25,0.7083333333333334,2.121616109132261,0.5555555555555556,5.0,0.3333333333333333,0.6666666666666666,0.5
55,No,Travel_Rarely,Research & Development,2,3,3,3,4,Manager,4,Single,16659,2,13,3,0,2,3,5,1,0.10325829881745605,0.20833333333333334,0.7083333333333334,1.5697561666739146,1.6666666666666667,2.5,0.6666666666666666,0.3333333333333333,0.3333333333333333
24,No,Travel_Rarely,Sales,10,4,4,3,2,Sales Executive,3,Divorced,4260,1,12,4,1,2,4,5,0,0.17485446009389674,0.3333333333333333,0.625,1.751556198475703,2.5,5.0,0.3333333333333333,0.5,0.3333333333333333
30,No,Travel_Rarely,Sales,2,1,3,3,1,Sales Representative,2,Married,2476,1,18,1,1,3,3,1,0,0.05249596122778676,0.16666666666666666,0.125,1.0405846668851708,0.5,1.0,0.0,0.0,1.5
26,Yes,Travel_Frequently,Research & Development,3,1,3,3,1,Research Scientist,1,Single,3102,0,22,3,0,2,3,6,0,0.1440038684719535,0.3333333333333333,0.125,6.349291197693353,6.0,6.0,0.5714285714285714,0.5714285714285714,0.2857142857142857
22,No,Travel_Rarely,Research & Development,11,3,1,3,1,Research Scientist,2,Married,2244,1,13,4,1,1,3,2,1,0.0756506238859181,0.3333333333333333,0.041666666666666664,3.3295715161891364,1.0,1.0,0.3333333333333333,0.6666666666666666,0.3333333333333333
36,No,Travel_Rarely,Sales,2,2,2,2,3,Sales Executive,3,Married,7596,1,13,2,2,2,3,10,9,0.070964981569247,0.2916666666666667,0.041666666666666664,1.286626233660357,5.0,1.0,0.8181818181818182,0.0,0.18181818181818182
30,Yes,Travel_Frequently,Research & Development,4,3,3,3,1,Research Scientist,4,Single,2285,9,23,3,0,4,3,1,0,0.16004376367614873,0.3333333333333333,0.8333333333333334,7.314455251664202,0.1,1.0,0.0,0.0,2.0
37,No,Travel_Rarely,Research & Development,14,3,4,3,1,Laboratory Technician,1,Divorced,3034,1,12,3,1,2,2,18,12,0.15787079762689518,0.3333333333333333,0.0,3.0596487561340378,9.0,1.3846153846153846,0.3684210526315789,0.8947368421052632,0.10526315789473684
40,No,Travel_Rarely,Sales,2,2,4,3,2,Sales Executive,2,Divorced,5715,7,12,3,2,5,3,5,1,0.10812073490813645,0.16666666666666666,0.08333333333333333,1.079061548700442,0.625,2.5,0.6666666666666666,0.5,0.8333333333333334
42,No,Travel_Rarely,Research & Development,1,4,2,3,1,Laboratory Technician,1,Divorced,2576,3,16,2,1,5,3,5,1,0.0586995341614907,0.20833333333333334,0.041666666666666664,1.3159007682007635,1.25,2.5,0.3333333333333333,0.3333333333333333,0.8333333333333334
37,No,Travel_Rarely,Research & Development,10,4,3,3,2,Manufacturing Director,2,Single,4197,2,12,4,0,2,2,1,0,0.05328806290207282,0.2916666666666667,0.7916666666666666,2.320566848034392,0.3333333333333333,1.0,0.0,0.5,1.0
43,No,Travel_Rarely,Research & Development,12,3,1,2,4,Research Director,2,Divorced,14336,1,11,3,1,3,3,25,3,0.055119280133928604,0.2916666666666667,0.16666666666666666,2.068121397120547,12.5,6.25,0.38461538461538464,0.34615384615384615,0.11538461538461539
40,No,Travel_Rarely,Research & Development,2,3,2,2,2,Laboratory Technician,3,Married,3448,6,22,2,1,3,3,1,0,0.07846867749419952,0.3333333333333333,0.08333333333333333,4.290762598227318,0.14285714285714285,1.0,0.0,0.0,1.5
54,No,Travel_Rarely,Research & Development,5,2,1,3,5,Research Director,1,Married,19406,4,11,3,1,4,2,4,1,0.14675306606204264,0.20833333333333334,0.125,1.1629958230363957,0.8,2.0,0.4,0.4,0.8
34,No,Non-Travel,Sales,4,4,3,3,2,Sales Executive,3,Married,6538,9,15,1,1,3,3,3,1,0.07818446007953504,0.25,0.041666666666666664,1.0389770515090087,0.3,1.5,0.5,0.5,0.75
31,No,Travel_Rarely,Research & Development,7,2,2,3,2,Manufacturing Director,1,Married,4306,1,12,2,1,5,1,13,3,0.08639804923362744,0.2916666666666667,0.08333333333333333,2.3434191723657127,6.5,3.25,0.7142857142857143,0.8571428571428571,0.35714285714285715
43,No,Travel_Frequently,Research & Development,21,3,4,3,1,Laboratory Technician,4,Married,2258,7,20,1,1,1,3,3,1,0.12497785651018592,0.3333333333333333,0.16666666666666666,3.543672205265759,0.375,1.5,0.5,0.5,0.25
43,No,Travel_Rarely,Research & Development,8,4,3,3,2,Healthcare Representative,3,Divorced,4522,4,14,4,0,3,3,5,0,0.1207961079168509,0.2,0.72,1.2479116109369146,1.0,5.0,0.3333333333333333,0.3333333333333333,0.5
25,No,Travel_Rarely,Sales,4,2,2,2,2,Sales Executive,4,Single,4487,1,11,2,0,3,3,5,1,0.15383552484956545,0.3333333333333333,0.75,1.6321480073466166,2.5,2.5,0.6666666666666666,0.5,0.5
37,No,Non-Travel,Research & Development,25,5,2,3,2,Research Scientist,3,Married,4449,3,15,1,2,2,3,13,10,0.050076421667790506,0.2916666666666667,0.875,2.567431036147206,3.25,1.1818181818181819,0.7857142857142857,0.5,0.14285714285714285
31,No,Travel_Rarely,Research & Development,1,2,4,2,1,Laboratory Technician,1,Married,2218,1,12,3,1,3,3,4,3,0.11500000000000007,0.2916666666666667,0.125,1.815098029264035,2.0,1.0,0.4,0.4,0.6
39,No,Travel_Frequently,Research & Development,1,1,2,3,5,Manager,3,Divorced,19197,1,14,3,1,3,3,21,1,0.16215294056362967,0.25,0.7083333333333334,2.1574213803084703,10.5,10.5,0.36363636363636365,0.2727272727272727,0.13636363636363635
56,No,Travel_Frequently,Sales,6,3,3,4,4,Sales Executive,1,Married,13212,9,11,4,3,0,2,7,7,0.1427974568574023,0.2916666666666667,0.125,2.6059784118856606,0.7,0.875,0.875,0.875,0.0
30,No,Travel_Rarely,Sales,12,3,2,3,2,Sales Executive,3,Single,6577,0,11,2,0,6,3,5,4,0.09853124524859358,0.2916666666666667,0.125,1.6352236761942605,5.0,1.0,0.6666666666666666,0.6666666666666666,1.0
41,No,Travel_Rarely,Sales,1,3,2,4,3,Sales Executive,1,Married,8392,1,16,3,1,2,3,10,0,0.14886677788369887,0.25,0.125,1.7675548146986033,5.0,10.0,0.6363636363636364,0.6363636363636364,0.18181818181818182
28,No,Travel_Rarely,Research & Development,17,2,3,3,2,Laboratory Technician,1,Divorced,4558,1,12,4,1,2,3,10,1,0.061028960070206244,0.2916666666666667,0.041666666666666664,2.735783994231048,5.0,5.0,0.0,0.7272727272727273,0.18181818181818182
25,Yes,Travel_Rarely,Research & Development,3,3,1,3,1,Laboratory Technician,1,Married,4031,5,13,3,1,5,3,2,0,0.17048623170429164,0.3333333333333333,0.0,1.9947167655783078,0.3333333333333333,2.0,0.6666666666666666,0.6666666666666666,1.6666666666666667
52,No,Travel_Rarely,Research & Development,3,3,4,2,3,Manufacturing Director,3,Married,7969,2,14,3,0,4,3,5,0,0.08519638599573351,0.2916666666666667,0.6666666666666666,2.178044515704714,1.6666666666666667,5.0,0.6666666666666666,0.6666666666666666,0.6666666666666666
45,No,Travel_Rarely,Research & Development,10,2,1,3,1,Research Scientist,4,Married,2654,3,21,4,2,3,2,2,0,0.062464204973624794,0.3333333333333333,0.16666666666666666,6.337687872572754,0.5,2.0,0.6666666666666666,0.6666666666666666,1.0
52,No,Travel_Rarely,Research & Development,4,2,4,3,4,Manager,4,Married,16555,2,13,4,0,2,1,5,1,0.14625913621262457,0.2916666666666667,0.08333333333333333,2.900736194831795,1.6666666666666667,2.5,0.3333333333333333,0.6666666666666666,0.3333333333333333
42,No,Travel_Frequently,Research & Development,29,2,1,3,2,Research Scientist,3,Divorced,4556,2,11,2,1,3,3,5,0,0.10042800702370504,0.25,0.125,1.6834189787853993,1.6666666666666667,5.0,0.6666666666666666,0.3333333333333333,0.5
30,No,Travel_Rarely,Research & Development,2,3,3,1,2,Manufacturing Director,4,Single,6091,2,20,3,0,2,3,5,0,0.0719110162534888,0.3333333333333333,0.16666666666666666,6.747934431113762,1.6666666666666667,5.0,0.6666666666666666,0.3333333333333333,0.3333333333333333
60,No,Travel_Rarely,Research & Development,7,3,1,3,5,Manager,1,Married,19566,5,11,4,0,5,1,29,11,0.12443933353776954,0.25,0.041666666666666664,2.1640877690902336,4.833333333333333,2.4166666666666665,0.26666666666666666,0.3333333333333333,0.16666666666666666
46,No,Travel_Rarely,Research & Development,18,3,3,3,2,Manufacturing Director,3,Divorced,4810,2,14,3,1,5,2,10,0,0.1620187110187111,0.2916666666666667,0.08333333333333333,2.5985377876032154,3.3333333333333335,10.0,0.6363636363636364,0.7272727272727273,0.45454545454545453
42,No,Travel_Frequently,Research & Development,28,4,4,2,2,Healthcare Representative,4,Married,4523,0,11,4,3,4,4,6,0,0.15945390227724962,0.2916666666666667,0.0,1.3627812811761415,6.0,6.0,0.7142857142857143,0.5714285714285714,0.5714285714285714
24,Yes,Travel_Rarely,Sales,1,1,1,3,1,Sales Representative,2,Single,3202,1,16,2,0,4,3,5,1,0.1633760149906309,0.3333333333333333,0.7916666666666666,1.4992156285880427,2.5,2.5,0.5,0.6666666666666666,0.6666666666666666
34,Yes,Travel_Frequently,Sales,6,2,4,1,1,Sales Representative,3,Divorced,2351,0,16,4,1,3,2,2,1,0.123623989791578,0.2916666666666667,0.16666666666666666,1.277142534220087,2.0,1.0,0.6666666666666666,0.0,1.0
38,No,Travel_Frequently,Research & Development,2,2,4,3,1,Laboratory Technician,4,Married,1702,1,23,3,1,3,3,1,0,0.06485311398354883,0.3333333333333333,0.7916666666666666,6.042648944741345,0.5,1.0,0.0,0.0,1.5
40,No,Travel_Rarely,Sales,2,4,3,3,5,Manager,3,Married,18041,0,14,4,0,2,3,20,1,0.17645917632060307,0.2916666666666667,0.16666666666666666,2.9071466527831267,20.0,10.0,0.7142857142857143,0.5714285714285714,0.09523809523809523
26,No,Travel_Rarely,Research & Development,23,3,1,3,1,Research Scientist,4,Divorced,2886,1,22,2,2,3,1,3,0,0.17062023562023557,0.3333333333333333,0.125,4.9839799105247335,1.5,3.0,0.5,0.5,0.75
30,No,Non-Travel,Research & Development,3,3,3,3,1,Laboratory Technician,4,Married,2097,4,15,3,1,3,1,5,1,0.13913686218407248,0.25,0.20833333333333334,2.289784543588793,1.0,2.5,0.5,0.6666666666666666,0.5
29,No,Travel_Rarely,Research & Development,3,4,2,2,3,Research Director,3,Married,11935,1,18,3,0,2,3,10,0,0.10882614160033516,0.2916666666666667,0.041666666666666664,2.873057214673422,5.0,10.0,0.18181818181818182,0.6363636363636364,0.18181818181818182
29,Yes,Travel_Rarely,Research & Development,25,5,3,2,1,Research Scientist,2,Married,2546,5,16,2,0,2,4,2,1,0.0703495679497251,0.25,0.125,1.2908604007882143,0.3333333333333333,1.0,0.6666666666666666,0.3333333333333333,0.6666666666666666
19,Yes,Travel_Rarely,Human Resources,2,2,1,2,1,Human Resources,4,Single,2564,1,12,3,0,3,4,1,0,0.05119734789391575,0.25,0.08333333333333333,1.544314624523396,0.5,1.0,0.0,0.0,1.5
30,No,Non-Travel,Sales,22,4,3,3,3,Sales Executive,1,Married,8412,0,11,3,0,3,3,9,7,0.1688338088445078,0.3333333333333333,0.125,2.584382547481308,9.0,1.125,0.8,0.8,0.3
57,No,Travel_Rarely,Sales,29,3,1,2,4,Manager,4,Divorced,14118,3,12,3,1,3,2,1,0,0.12180691316050432,0.2916666666666667,0.08333333333333333,2.516993138987518,0.25,1.0,0.0,0.0,1.5
50,No,Travel_Rarely,Research & Development,29,4,2,2,4,Manager,3,Married,17046,0,15,2,1,2,3,27,15,0.15327525519183383,0.20833333333333334,0.041666666666666664,2.0457980710077424,27.0,1.6875,0.35714285714285715,0.25,0.07142857142857142
30,No,Non-Travel,Research & Development,2,3,3,3,1,Laboratory Technician,4,Single,2564,0,14,3,0,2,2,11,6,0.10621294851794069,0.2916666666666667,0.16666666666666666,2.6157464947288336,11.0,1.5714285714285714,0.5833333333333334,0.5833333333333334,0.16666666666666666
60,No,Travel_Frequently,Sales,28,3,3,2,3,Sales Executive,1,Married,10266,4,19,4,0,5,4,18,13,0.06765049678550555,0.3333333333333333,0.16666666666666666,2.3220344014772327,3.6,1.2857142857142858,0.6842105263157895,0.5789473684210527,0.2631578947368421
47,No,Travel_Rarely,Research & Development,2,2,1,3,2,Manufacturing Director,4,Divorced,5070,5,13,3,3,2,3,5,0,0.06301577909270213,0.16666666666666666,0.20833333333333334,0.7780324207209649,0.8333333333333334,5.0,0.0,0.6666666666666666,0.3333333333333333
46,No,Travel_Rarely,Research & Development,2,3,1,3,4,Research Director,3,Married,17861,6,13,3,0,2,1,3,0,0.1109988242539611,0.2916666666666667,0.08333333333333333,1.8042516990523327,0.42857142857142855,3.0,0.5,0.25,0.5
35,No,Travel_Rarely,Research & Development,22,3,4,1,1,Laboratory Technician,3,Single,4230,0,15,3,0,2,3,5,4,0.17658392434988177,0.20833333333333334,0.125,1.388399799980732,5.0,1.0,0.6666666666666666,0.5,0.3333333333333333
54,No,Travel_Rarely,Research & Development,8,4,3,3,2,Laboratory Technician,3,Single,3780,7,11,3,0,3,3,1,0,0.06876984126984122,0.25,0.0,2.12133584084784,0.125,1.0,0.0,0.0,1.5
34,No,Travel_Rarely,Research & Development,2,4,4,2,1,Research Scientist,3,Divorced,2768,3,12,3,1,3,3,7,5,0.126242774566474,0.2916666666666667,0.08333333333333333,1.7816343622067126,1.75,1.1666666666666667,0.375,0.875,0.375
46,No,Travel_Rarely,Sales,10,3,3,2,3,Sales Executive,4,Married,9071,2,19,3,1,3,3,3,1,0.16126005953037162,0.25,0.5833333333333334,1.8498273762133013,1.0,1.5,0.5,0.5,0.75
31,No,Travel_Rarely,Research & Development,9,1,3,3,3,Manufacturing Director,2,Divorced,10648,1,25,4,1,6,4,13,0,0.17447501878286997,0.3333333333333333,0.16666666666666666,3.4451379107949114,6.5,13.0,0.5714285714285714,0.5714285714285714,0.42857142857142855
33,Yes,Travel_Rarely,Research & Development,15,1,2,3,3,Manager,3,Married,13610,7,12,4,0,2,4,7,7,0.12953049228508448,0.2916666666666667,0.5833333333333334,1.341871238372314,0.875,0.875,0.75,0.875,0.25
33,Yes,Travel_Rarely,Research & Development,10,1,1,1,1,Laboratory Technician,4,Divorced,3408,7,13,1,3,2,3,4,1,0.14521713615023477,0.25,0.08333333333333333,1.3155577116418458,0.5,2.0,0.6,0.6,0.4
30,No,Travel_Rarely,Sales,7,1,4,3,1,Sales Representative,2,Single,2983,0,14,1,0,3,3,3,1,0.11901106268856863,0.25,0.08333333333333333,2.3962651587863726,3.0,1.5,0.5,0.5,0.75
35,No,Travel_Rarely,Research & Development,16,3,4,3,3,Healthcare Representative,3,Married,7632,4,12,3,0,2,3,8,0,0.125486111111111,0.3333333333333333,0.8333333333333334,2.822658404080539,1.6,8.0,0.7777777777777778,0.0,0.2222222222222222
31,Yes,Travel_Frequently,Research & Development,20,3,1,3,3,Healthcare Representative,3,Married,9824,3,12,1,0,2,3,1,0,0.09389861563517907,0.3333333333333333,0.16666666666666666,1.4101905593295585,0.25,1.0,0.0,0.0,1.0
34,Yes,Travel_Frequently,Human Resources,23,3,2,3,3,Human Resources,1,Divorced,9950,9,15,3,3,2,3,3,0,0.11198090452261297,0.3333333333333333,0.8333333333333334,2.3156085919468277,0.3,3.0,0.5,0.5,0.5
42,No,Travel_Frequently,Research & Development,5,2,2,3,1,Laboratory Technician,3,Married,2093,4,17,4,1,4,3,2,2,0.14285714285714285,0.20833333333333334,0.125,1.6200706687073674,0.4,0.6666666666666666,0.6666666666666666,0.0,1.3333333333333333
36,No,Non-Travel,Sales,10,4,2,3,3,Sales Executive,4,Single,9980,1,14,4,0,3,2,10,9,0.07439879759519039,0.2916666666666667,0.041666666666666664,2.299226659311247,5.0,1.0,0.2727272727272727,0.6363636363636364,0.2727272727272727
22,Yes,Travel_Frequently,Research & Development,4,1,3,2,1,Laboratory Technician,3,Single,3894,5,16,3,0,3,3,2,1,0.10242681047765803,0.2916666666666667,0.08333333333333333,1.578466280274668,0.3333333333333333,1.0,0.6666666666666666,0.6666666666666666,1.0
48,No,Travel_Rarely,Sales,2,5,2,3,2,Sales Executive,4,Married,4051,2,14,1,1,2,3,9,6,0.08787953591705752,0.2916666666666667,0.25,1.5426711861687192,3.0,1.2857142857142858,0.7,0.7,0.2
55,No,Travel_Rarely,Sales,18,5,1,3,4,Manager,2,Single,16835,3,23,4,0,2,3,10,7,0.1156352836352837,0.3333333333333333,0.041666666666666664,6.426279172040962,2.5,1.25,0.8181818181818182,0.6363636363636364,0.18181818181818182
41,No,Non-Travel,Sales,10,2,4,3,2,Sales Executive,4,Single,6230,7,14,4,0,3,3,14,1,0.1569951845906902,0.25,0.08333333333333333,1.9519103203116968,1.75,7.0,0.2,0.6666666666666666,0.2
35,No,Travel_Rarely,Sales,1,3,2,3,2,Sales Executive,3,Married,4717,9,11,3,0,2,3,11,6,0.06198855204579174,0.3333333333333333,0.125,3.216909439599621,1.1,1.5714285714285714,0.75,0.75,0.16666666666666666
40,No,Travel_Rarely,Research & Development,6,3,2,3,4,Manufacturing Director,3,Single,13237,7,15,3,0,3,3,20,5,0.17223993351967973,0.3333333333333333,0.125,1.7707404678637118,2.5,3.3333333333333335,0.2857142857142857,0.6190476190476191,0.14285714285714285
39,No,Travel_Frequently,Research & Development,8,1,3,3,1,Laboratory Technician,3,Married,3755,1,11,1,1,3,3,8,0,0.13386684420772305,0.25,0.041666666666666664,1.9217688985069898,4.0,8.0,0.3333333333333333,0.7777777777777778,0.3333333333333333
31,No,Travel_Rarely,Sales,2,1,2,3,2,Sales Executive,4,Single,6582,4,13,3,0,2,4,6,0,0.10930568216347612,0.2916666666666667,0.6666666666666666,2.7209491292092864,1.2,6.0,0.7142857142857143,0.7142857142857143,0.2857142857142857
42,No,Travel_Rarely,Research & Development,24,3,4,3,3,Manufacturing Director,1,Married,7406,1,21,4,1,5,2,10,5,0.13345125573859035,0.3333333333333333,0.6666666666666666,4.070770495489799,5.0,1.6666666666666667,0.8181818181818182,0.7272727272727273,0.45454545454545453
45,No,Travel_Rarely,Sales,2,3,4,3,2,Sales Executive,2,Married,4805,0,19,2,1,3,4,8,3,0.12140270551508849,0.2916666666666667,0.08333333333333333,2.70453824637264,8.0,2.0,0.7777777777777778,0.7777777777777778,0.3333333333333333
26,Yes,Travel_Frequently,Human Resources,17,4,2,3,1,Human Resources,3,Divorced,2741,0,11,2,1,2,2,7,1,0.161101787668734,0.2916666666666667,0.7083333333333334,2.6351794782601887,7.0,3.5,0.875,0.0,0.25
29,No,Travel_Rarely,Research & Development,19,3,4,3,2,Manufacturing Director,4,Divorced,4262,4,12,2,2,2,4,3,1,0.17342562177381518,0.2916666666666667,0.16666666666666666,2.3102661954359207,0.6,1.5,0.5,0.5,0.5
33,No,Travel_Rarely,Research & Development,1,5,1,4,4,Research Director,3,Divorced,16184,4,19,3,1,2,3,6,0,0.08416398912506183,0.125,0.041666666666666664,1.1901616320000408,1.2,6.0,0.14285714285714285,0.7142857142857143,0.2857142857142857
31,No,Travel_Rarely,Sales,7,3,3,2,3,Manager,4,Divorced,11557,9,21,3,1,3,2,5,0,0.08857488967725187,0.3333333333333333,0.125,4.391729610489796,0.5,5.0,0.6666666666666666,0.16666666666666666,0.5
18,Yes,Travel_Frequently,Sales,5,3,2,3,1,Sales Representative,2,Single,1878,1,14,4,0,3,3,0,0,0.13307774227902028,0.25,0.6666666666666666,2.3172579582218313,0.0,0.0,0.0,0.0,3.0
40,No,Non-Travel,Sales,28,3,3,1,3,Sales Executive,1,Divorced,10932,3,15,3,1,2,3,1,0,0.17052414928649837,0.20833333333333334,0.125,0.9926415536911678,0.25,1.0,0.0,0.5,1.0
41,No,Non-Travel,Research & Development,2,4,1,2,2,Healthcare Representative,3,Single,6811,2,17,1,0,3,3,8,0,0.09256056379386292,0.3333333333333333,0.8333333333333334,2.129204166119976,2.6666666666666665,8.0,0.7777777777777778,0.7777777777777778,0.3333333333333333
26,No,Travel_Rarely,Sales,29,2,1,3,2,Sales Executive,3,Divorced,4306,5,12,1,2,5,3,0,0,0.09508128193218766,0.3333333333333333,0.08333333333333333,2.5952913935421105,0.0,0.0,0.0,0.0,5.0
35,No,Travel_Rarely,Sales,1,3,1,3,2,Sales Executive,3,Single,4859,1,16,4,0,3,3,5,0,0.12498456472525214,0.2916666666666667,0.08333333333333333,2.00933473239642,2.5,5.0,0.6666666666666666,0.5,0.5
34,No,Travel_Rarely,Sales,21,4,4,4,2,Sales Executive,4,Single,5337,1,12,4,0,3,3,10,5,0.08824058459808874,0.16666666666666666,0.0,1.3189047753563425,5.0,1.6666666666666667,0.6363636363636364,0.6363636363636364,0.2727272727272727
26,Yes,Travel_Rarely,Research & Development,24,3,3,1,1,Laboratory Technician,4,Single,2340,1,18,2,0,3,1,1,0,0.16185897435897437,0.25,0.7916666666666666,2.409389671361502,0.5,1.0,0.0,0.0,1.5
37,No,Travel_Rarely,Research & Development,1,3,2,3,3,Manufacturing Director,4,Single,7491,4,17,4,0,3,4,6,1,0.10128954745694836,0.2916666666666667,0.0,1.311938983039362,1.2,3.0,0.7142857142857143,0.2857142857142857,0.42857142857142855
46,No,Travel_Frequently,Research & Development,18,1,1,3,3,Healthcare Representative,3,Married,10527,5,11,4,0,3,2,2,1,0.1452256103353283,0.25,0.041666666666666664,1.2180643376972935,0.3333333333333333,1.0,0.6666666666666666,0.6666666666666666,1.0
41,No,Travel_Rarely,Sales,2,5,2,3,4,Manager,1,Married,16595,7,16,2,1,2,3,18,11,0.1523892738776741,0.2916666666666667,0.16666666666666666,2.6819470361154085,2.25,1.5,0.8421052631578947,0.42105263157894735,0.10526315789473684
37,No,Non-Travel,Sales,9,4,1,3,3,Sales Executive,2,Divorced,8834,1,13,4,1,6,3,9,7,0.0630484491736472,0.25,0.041666666666666664,1.4548872333278022,4.5,1.125,0.5,0.7,0.6
52,No,Travel_Rarely,Research & Development,6,2,4,3,2,Research Scientist,1,Divorced,5577,3,12,2,2,3,3,10,6,0.12885601577909273,0.2916666666666667,0.8333333333333334,2.6809490960862643,2.5,1.4285714285714286,0.8181818181818182,0.8181818181818182,0.2727272727272727
32,Yes,Non-Travel,Sales,11,4,4,4,2,Sales Executive,3,Married,4707,8,12,4,0,2,3,4,1,0.1370724452942426,0.3333333333333333,0.041666666666666664,2.2650837047301597,0.4444444444444444,2.0,0.4,0.4,0.4
24,No,Travel_Frequently,Sales,24,3,4,3,1,Sales Representative,4,Married,2400,0,13,3,2,3,3,2,2,0.1219083333333333,0.2916666666666667,0.08333333333333333,1.4301198999328433,2.0,0.6666666666666666,0.6666666666666666,0.3333333333333333,1.0
38,No,Travel_Rarely,Research & Development,10,3,3,3,2,Healthcare Representative,3,Married,9824,3,19,3,1,4,3,1,0,0.05908489413680789,0.16666666666666666,0.041666666666666664,0.7255800861410586,0.25,1.0,0.0,0.0,2.0
37,No,Travel_Rarely,Research & Development,1,4,2,3,2,Manufacturing Director,2,Married,6447,6,12,2,1,2,2,6,4,0.13886769039863497,0.25,0.08333333333333333,2.006682866671755,0.8571428571428571,1.2,0.7142857142857143,0.42857142857142855,0.2857142857142857
49,No,Travel_Rarely,Research & Development,18,4,4,2,5,Research Director,3,Divorced,19502,1,17,3,1,5,3,31,0,0.14740641985437397,0.25,0.7083333333333334,2.0308653733086754,15.5,31.0,0.28125,0.28125,0.15625
24,No,Travel_Rarely,Research & Development,23,3,2,4,1,Research Scientist,4,Married,2725,1,11,2,2,3,3,6,1,0.055442201834862356,0.2916666666666667,0.875,2.255933974638225,3.0,3.0,0.7142857142857143,0.5714285714285714,0.42857142857142855
26,No,Travel_Rarely,Sales,28,2,1,3,2,Sales Executive,2,Married,6272,1,20,4,2,5,4,5,1,0.06951690051020412,0.3333333333333333,0.08333333333333333,4.480171176036587,2.5,2.5,0.5,0.6666666666666666,0.8333333333333334
24,No,Travel_Rarely,Research & Development,17,2,4,2,1,Laboratory Technician,2,Married,2127,1,21,4,1,2,3,1,0,0.12146215326751289,0.3333333333333333,0.125,5.518219108050959,0.5,1.0,0.0,0.0,1.0
50,No,Travel_Frequently,Human Resources,3,3,1,3,5,Manager,2,Married,18200,1,11,3,1,2,3,32,10,0.06644285714285705,0.3333333333333333,0.041666666666666664,1.896128772541656,16.0,2.909090909090909,0.15151515151515152,0.21212121212121213,0.06060606060606061
25,No,Travel_Rarely,Sales,13,1,2,3,1,Sales Representative,3,Married,2096,1,11,3,0,1,3,7,0,0.15531011450381688,0.25,0.25,1.7031073522075981,3.5,7.0,0.5,0.75,0.125
24,Yes,Travel_Frequently,Research & Development,7,3,1,3,1,Laboratory Technician,3,Married,2886,1,16,4,1,4,3,6,1,0.07979556479556478,0.25,0.8333333333333334,1.1050353892593512,3.0,3.0,0.42857142857142855,0.2857142857142857,0.5714285714285714
30,Yes,Travel_Frequently,Sales,12,4,2,2,1,Sales Representative,1,Married,2033,1,18,3,1,2,4,1,0,0.06936055090998534,0.2916666666666667,0.16666666666666666,1.8014800196146694,0.5,1.0,0.0,0.0,1.0
34,No,Travel_Rarely,Research & Development,1,2,2,2,1,Research Scientist,4,Married,3622,1,13,4,1,3,3,6,1,0.058550524572059684,0.25,0.8333333333333334,2.197517257067341,3.0,3.0,0.7142857142857143,0.42857142857142855,0.42857142857142855
31,Yes,Travel_Rarely,Sales,13,4,2,3,2,Sales Executive,1,Divorced,4233,2,17,3,0,2,1,3,1,0.13955587054098742,0.20833333333333334,0.125,1.4907176513611253,1.0,1.5,0.25,0.5,0.5
35,No,Travel_Rarely,Research & Development,25,2,1,2,2,Laboratory Technician,4,Single,3681,4,14,4,0,3,3,3,0,0.1476202118989406,0.16666666666666666,0.0,1.2672842878584272,0.6,3.0,0.5,0.5,0.75
31,No,Travel_Rarely,Sales,6,4,1,4,2,Sales Executive,4,Divorced,5460,4,22,4,2,4,4,7,5,0.05802197802197805,0.3333333333333333,0.0,3.4360909392946994,1.4,1.1666666666666667,0.875,0.875,0.5
27,No,Travel_Rarely,Research & Development,6,4,1,2,1,Research Scientist,3,Divorced,2187,0,12,3,2,5,2,5,0,0.17092821216278015,0.20833333333333334,0.041666666666666664,1.398918789528784,5.0,5.0,0.5,0.5,0.8333333333333334
37,No,Travel_Rarely,Sales,2,3,4,3,2,Sales Executive,3,Married,9602,4,11,3,1,3,2,3,1,0.09988544053322228,0.3333333333333333,0.7083333333333334,1.8452834747686835,0.6,1.5,0.0,0.0,0.75
20,No,Travel_Rarely,Research & Development,1,3,4,2,1,Research Scientist,2,Single,2836,1,13,4,0,0,4,1,0,0.058861071932298954,0.25,0.125,1.0305841745084587,0.5,1.0,0.0,0.0,0.0
42,No,Travel_Rarely,Research & Development,2,4,3,3,2,Healthcare Representative,4,Married,4089,1,13,2,2,4,3,10,2,0.06619466862313526,0.2916666666666667,0.16666666666666666,1.3344921645871362,5.0,3.3333333333333335,0.18181818181818182,0.18181818181818182,0.36363636363636365
43,No,Travel_Rarely,Research & Development,6,4,2,2,4,Research Director,4,Divorced,16627,4,14,3,1,3,2,1,0,0.13145666686714377,0.2916666666666667,0.8333333333333334,2.8787164238606646,0.2,1.0,0.0,0.0,1.5
38,No,Travel_Rarely,Research & Development,1,1,3,3,1,Research Scientist,1,Single,2619,3,17,4,0,3,2,0,0,0.14466590301641852,0.20833333333333334,0.08333333333333333,1.0966041273063716,0.0,0.0,0.0,0.0,3.0
43,No,Travel_Frequently,Research & Development,9,5,4,3,2,Laboratory Technician,3,Divorced,5679,3,13,2,1,3,3,8,4,0.08407642190526506,0.2916666666666667,0.5833333333333334,1.1929337559110431,2.0,1.6,0.7777777777777778,0.7777777777777778,0.3333333333333333
48,No,Travel_Rarely,Research & Development,1,4,4,2,4,Manager,1,Married,15402,7,11,1,1,3,1,3,0,0.10531424490325927,0.20833333333333334,0.16666666666666666,1.91570375543222,0.375,3.0,0.5,0.5,0.75
44,No,Travel_Rarely,Human Resources,1,4,1,2,2,Human Resources,3,Single,5985,4,11,2,0,1,4,2,0,0.0666215538847117,0.2916666666666667,0.125,2.7066553726630636,0.4,2.0,0.6666666666666666,0.6666666666666666,0.3333333333333333
34,No,Travel_Rarely,Sales,14,3,3,3,1,Sales Representative,3,Divorced,2579,1,18,4,2,3,3,8,0,0.07272586273749514,0.20833333333333334,0.6666666666666666,0.9809065293743526,4.0,8.0,0.2222222222222222,0.6666666666666666,0.3333333333333333
27,Yes,Travel_Rarely,Sales,2,1,3,3,1,Sales Representative,1,Divorced,3041,0,11,2,1,3,3,4,0,0.14933903321275893,0.2916666666666667,0.125,1.5943935793946244,4.0,4.0,0.6,0.4,0.6
21,No,Travel_Rarely,Sales,22,1,3,3,1,Sales Representative,3,Single,3447,1,11,3,0,2,3,3,1,0.05465042065564262,0.2916666666666667,0.08333333333333333,2.7825254112204547,1.5,1.5,0.5,0.5,0.5
44,No,Travel_Rarely,Research & Development,3,4,4,3,5,Manager,4,Married,19513,4,12,1,1,2,4,2,0,0.06912109875467629,0.2916666666666667,0.7083333333333334,1.9694290707991595,0.4,2.0,0.6666666666666666,0.3333333333333333,0.6666666666666666
22,No,Travel_Rarely,Research & Development,6,1,1,3,1,Research Scientist,3,Married,2773,0,20,4,0,3,3,2,2,0.07943021997836286,0.3333333333333333,0.08333333333333333,5.148016338652296,2.0,0.6666666666666666,0.6666666666666666,0.6666666666666666,1.0
33,No,Travel_Rarely,Sales,8,4,3,3,2,Sales Executive,3,Divorced,7104,0,12,4,0,3,3,5,1,0.13991694819819822,0.25,0.125,1.6045787533705187,5.0,2.5,0.0,0.3333333333333333,0.5
32,No,Travel_Rarely,Research & Development,9,4,1,3,2,Research Scientist,4,Married,6322,1,12,4,1,2,2,6,0,0.17771749446377724,0.16666666666666666,0.6666666666666666,0.9761285462224436,3.0,6.0,0.5714285714285714,0.7142857142857143,0.2857142857142857
30,No,Travel_Frequently,Research & Development,3,3,3,3,1,Research Scientist,3,Divorced,2083,1,20,3,1,2,3,1,0,0.15500720115218442,0.3333333333333333,0.041666666666666664,5.565512395034899,0.5,1.0,0.0,0.0,1.0
53,No,Travel_Rarely,Sales,1,1,4,3,2,Sales Executive,1,Single,8381,7,20,4,0,2,4,14,8,0.12354730939028764,0.3333333333333333,0.125,5.24906459320548,1.75,1.5555555555555556,0.4666666666666667,0.6666666666666666,0.13333333333333333
34,No,Travel_Rarely,Research & Development,1,5,2,3,1,Research Scientist,4,Married,2691,1,12,4,1,4,2,10,8,0.0519100706057228,0.2916666666666667,0.08333333333333333,2.9003696524297187,5.0,1.1111111111111112,0.8181818181818182,0.7272727272727273,0.36363636363636365
45,Yes,Travel_Frequently,Sales,26,4,1,3,2,Sales Executive,1,Married,4286,2,14,4,2,4,3,1,0,0.05967802146523559,0.3333333333333333,0.125,1.440113451093804,0.3333333333333333,1.0,0.5,0.0,2.0
26,No,Travel_Rarely,Research & Development,6,3,3,3,1,Laboratory Technician,4,Married,2659,1,13,3,1,2,3,3,0,0.11110191801429112,0.2916666666666667,0.6666666666666666,1.4765662162888253,1.5,3.0,0.5,0.5,0.5
37,No,Travel_Rarely,Research & Development,3,3,3,3,3,Manufacturing Director,3,Married,9434,1,15,3,1,2,3,10,7,0.06419652321390706,0.25,0.20833333333333334,2.2536345451424706,5.0,1.25,0.6363636363636364,0.7272727272727273,0.18181818181818182
29,No,Travel_Rarely,Sales,3,2,2,3,2,Sales Executive,3,Married,5561,1,14,1,1,5,2,6,1,0.16147095846070844,0.2916666666666667,0.08333333333333333,1.768105492696293,3.0,3.0,0.0,0.2857142857142857,0.7142857142857143
35,No,Travel_Rarely,Research & Development,6,4,2,1,2,Research Scientist,4,Single,6646,1,13,2,0,3,3,17,11,0.1632771591934999,0.2916666666666667,0.08333333333333333,1.4561958332609082,8.5,1.4166666666666667,0.6111111111111112,0.4444444444444444,0.16666666666666666
33,No,Travel_Frequently,Research & Development,6,3,3,3,2,Healthcare Representative,4,Divorced,7725,3,23,3,1,2,1,13,4,0.1749190938511327,0.3333333333333333,0.16666666666666666,3.997967680121839,3.25,2.6,0.7857142857142857,0.5,0.14285714285714285
54,No,Travel_Rarely,Human Resources,19,4,3,3,3,Human Resources,2,Married,10725,2,15,3,1,1,4,9,7,0.1386573426573427,0.25,0.16666666666666666,1.0927862313650738,3.0,1.125,0.7,0.1,0.1
36,No,Travel_Rarely,Research & Development,9,2,2,2,2,Manufacturing Director,2,Divorced,8847,2,11,3,1,2,3,3,0,0.12646659884706685,0.25,0.8333333333333334,1.6937998579168,1.0,3.0,0.5,0.5,0.5
27,No,Travel_Rarely,Research & Development,3,4,1,2,1,Research Scientist,4,Single,2045,0,13,4,0,0,3,4,1,0.11584352078239614,0.2916666666666667,0.125,2.3971571922384523,4.0,2.0,0.4,0.2,0.0
20,Yes,Travel_Rarely,Research & Development,10,1,4,3,1,Research Scientist,3,Single,1009,1,11,4,0,5,3,1,1,0.15117938553022792,0.20833333333333334,0.8333333333333334,2.0231672787760764,0.5,0.5,0.0,0.5,2.5
33,Yes,Travel_Frequently,Research & Development,3,3,1,3,1,Research Scientist,1,Single,3348,1,11,1,0,3,3,10,9,0.1731123058542413,0.125,0.625,1.02684311691539,5.0,1.0,0.7272727272727273,0.6363636363636364,0.2727272727272727
35,No,Non-Travel,Research & Development,3,3,3,2,1,Laboratory Technician,3,Married,1281,1,18,3,2,3,3,1,0,0.15269320843091327,0.20833333333333334,0.08333333333333333,1.5175791585139242,0.5,1.0,0.0,0.0,1.5
23,No,Travel_Rarely,Research & Development,4,3,1,4,1,Research Scientist,1,Married,2819,2,16,1,1,3,4,3,0,0.06286626463284846,0.20833333333333334,0.125,1.816282674315561,1.0,3.0,0.5,0.5,0.75
25,No,Travel_Rarely,Sales,8,3,4,4,2,Sales Executive,2,Married,4851,0,22,3,1,4,3,3,1,0.16155019583591018,0.3333333333333333,0.041666666666666664,3.602019548236953,3.0,1.5,0.5,0.5,1.0
38,No,Travel_Rarely,Sales,7,4,4,2,2,Sales Executive,4,Single,4028,0,20,1,0,2,3,7,0,0.0827557100297915,0.3333333333333333,0.16666666666666666,4.47238375920817,7.0,7.0,0.875,0.625,0.25
29,No,Travel_Frequently,Research & Development,1,4,2,1,1,Research Scientist,4,Divorced,2720,1,18,4,1,5,3,10,2,0.09669117647058824,0.3333333333333333,0.041666666666666664,3.2188484759240175,5.0,3.3333333333333335,0.6363636363636364,0.7272727272727273,0.45454545454545453
48,No,Travel_Rarely,Sales,2,1,2,4,2,Sales Executive,2,Married,8120,3,12,4,0,3,3,2,2,0.09915517241379303,0.20833333333333334,0.041666666666666664,1.5846740108573558,0.5,0.6666666666666666,0.6666666666666666,0.6666666666666666,1.0
27,No,Travel_Frequently,Sales,3,1,4,4,2,Sales Executive,4,Divorced,4647,1,20,2,2,3,3,6,0,0.15454271573057884,0.3333333333333333,0.7083333333333334,4.781516354067719,3.0,6.0,0.7142857142857143,0.5714285714285714,0.42857142857142855
37,No,Travel_Rarely,Research & Development,10,2,4,4,1,Research Scientist,4,Single,4680,3,17,1,0,2,3,1,0,0.0781367521367522,0.2916666666666667,0.041666666666666664,1.881556934320121,0.25,1.0,0.0,0.0,1.0
50,No,Travel_Rarely,Research & Development,28,1,4,4,1,Laboratory Technician,3,Married,3221,1,11,3,3,3,3,20,3,0.17663458553244335,0.16666666666666666,0.625,0.8650085428479856,10.0,5.0,0.38095238095238093,0.38095238095238093,0.14285714285714285
34,No,Travel_Rarely,Research & Development,9,3,4,2,3,Healthcare Representative,2,Single,8621,1,14,2,0,3,4,8,7,0.17571743417236987,0.20833333333333334,0.041666666666666664,1.3659814357599265,4.0,1.0,0.7777777777777778,0.7777777777777778,0.3333333333333333
24,Yes,Travel_Rarely,Sales,3,2,1,3,2,Sales Executive,3,Single,4577,9,14,1,0,3,3,2,2,0.10891632073410536,0.20833333333333334,0.041666666666666664,2.0717513822693516,0.2,0.6666666666666666,0.6666666666666666,0.0,1.0
39,No,Travel_Rarely,Research & Development,2,4,4,2,2,Healthcare Representative,3,Single,4553,1,11,1,0,4,3,20,11,0.09631451790028563,0.2916666666666667,0.041666666666666664,1.4581058279013908,10.0,1.6666666666666667,0.3333333333333333,0.47619047619047616,0.19047619047619047
32,No,Travel_Rarely,Sales,10,3,4,3,2,Sales Executive,4,Single,5396,1,12,4,0,2,2,10,0,0.1250500370644923,0.2916666666666667,0.20833333333333334,1.8828900088400369,5.0,10.0,0.6363636363636364,0.7272727272727273,0.18181818181818182
50,Yes,Travel_Frequently,Sales,8,2,2,3,2,Sales Executive,3,Married,6796,3,14,1,1,4,3,4,1,0.15000147145379633,0.2916666666666667,0.75,1.5538880855595036,1.0,2.0,0.6,0.6,0.8
38,No,Travel_Rarely,Research & Development,1,4,2,4,2,Healthcare Representative,4,Single,7625,0,13,3,0,4,2,9,1,0.128440655737705,0.25,0.125,1.2807860354893361,9.0,4.5,0.7,0.8,0.4
27,No,Travel_Rarely,Research & Development,1,2,3,3,3,Manufacturing Director,1,Married,7412,1,11,4,0,3,3,9,0,0.13810982191041554,0.20833333333333334,0.041666666666666664,1.6288205361563217,4.5,9.0,0.7,0.7,0.3
32,No,Travel_Rarely,Research & Development,3,2,3,3,3,Research Director,4,Single,11159,3,15,4,0,6,3,7,7,0.13207366251456218,0.2916666666666667,0.16666666666666666,1.5068320305022973,1.75,0.875,0.875,0.875,0.75
47,No,Travel_Rarely,Sales,14,4,4,3,2,Sales Executive,1,Single,4960,2,12,4,0,2,3,7,1,0.1000967741935483,0.3333333333333333,0.16666666666666666,2.1532157273994055,2.3333333333333335,3.5,0.875,0.875,0.25
40,No,Travel_Frequently,Sales,5,4,4,2,3,Sales Executive,1,Married,10475,5,21,3,1,2,3,18,1,0.1546310262529833,0.3333333333333333,0.7083333333333334,3.595637369001761,3.0,9.0,0.6842105263157895,0.631578947368421,0.10526315789473684
53,No,Travel_Rarely,Research & Development,7,3,3,4,4,Research Director,3,Married,14814,3,19,3,0,3,3,5,1,0.07144660456325097,0.20833333333333334,0.041666666666666664,1.432425370773034,1.25,2.5,0.16666666666666666,0.5,0.5
41,No,Travel_Rarely,Human Resources,10,4,2,2,5,Manager,4,Divorced,19141,3,15,2,3,2,2,21,12,0.06881510892847807,0.2916666666666667,0.08333333333333333,1.4469615764890316,5.25,1.6153846153846154,0.2727272727272727,0.2727272727272727,0.09090909090909091
60,No,Travel_Rarely,Sales,16,4,1,3,2,Sales Executive,1,Single,5405,8,14,4,0,1,3,2,2,0.09589084181313598,0.2916666666666667,0.041666666666666664,2.405614616151246,0.2222222222222222,0.6666666666666666,0.6666666666666666,0.6666666666666666,0.3333333333333333
27,No,Travel_Frequently,Research & Development,10,2,4,3,3,Manufacturing Director,1,Divorced,8793,1,21,3,2,4,2,9,1,0.12952462185829636,0.3333333333333333,0.0,4.752137915900075,4.5,4.5,0.7,0.7,0.4
41,No,Travel_Rarely,Human Resources,1,3,4,2,5,Manager,3,Married,19189,1,12,2,1,3,3,22,2,0.16401949033300323,0.2916666666666667,0.08333333333333333,1.6564036942863403,11.0,7.333333333333333,0.30434782608695654,0.43478260869565216,0.13043478260869565
50,No,Travel_Rarely,Sales,8,4,4,3,1,Sales Representative,2,Married,3875,7,15,4,1,2,3,2,2,0.1422683870967742,0.25,0.20833333333333334,1.6192124202035265,0.25,0.6666666666666666,0.6666666666666666,0.6666666666666666,0.6666666666666666
28,Yes,Travel_Rarely,Research & Development,1,2,1,1,1,Research Scientist,2,Single,2216,7,13,4,0,4,3,7,3,0.06025270758122743,0.3333333333333333,0.875,2.4928564354167064,0.875,1.75,0.875,0.875,0.5
36,No,Non-Travel,Research & Development,8,3,1,4,3,Research Director,1,Married,11713,9,14,1,1,2,3,8,0,0.15680184410484085,0.20833333333333334,0.16666666666666666,1.902745717446988,0.8,8.0,0.7777777777777778,0.5555555555555556,0.2222222222222222
38,No,Travel_Rarely,Research & Development,1,3,3,3,3,Manufacturing Director,3,Single,7861,4,14,4,0,4,4,1,0,0.09378068947970986,0.2916666666666667,0.6666666666666666,2.726559757908792,0.2,1.0,0.0,0.0,2.0
44,No,Non-Travel,Research & Development,24,3,1,1,1,Laboratory Technician,3,Single,3708,2,14,3,0,5,3,5,1,0.0981256742179072,0.25,0.041666666666666664,1.06690982211641,1.6666666666666667,2.5,0.3333333333333333,0.6666666666666666,0.8333333333333334
47,No,Travel_Frequently,Sales,3,3,4,3,4,Sales Executive,3,Divorced,13770,9,12,4,2,2,2,22,11,0.14485403050108928,0.2916666666666667,0.5833333333333334,2.904056315391763,2.2,1.8333333333333333,0.08695652173913043,0.5652173913043478,0.08695652173913043
30,No,Travel_Rarely,Sales,27,5,3,3,2,Sales Executive,4,Divorced,5304,7,23,4,1,2,2,8,7,0.17312971342383102,0.3333333333333333,0.25,5.27519141764154,1.0,1.0,0.7777777777777778,0.7777777777777778,0.2222222222222222
29,No,Travel_Rarely,Sales,10,3,3,3,1,Sales Representative,3,Single,2642,1,11,3,0,6,3,1,0,0.13180545041635125,0.25,0.0,1.345359242628324,0.5,1.0,0.0,0.0,3.0
42,Yes,Travel_Frequently,Research & Development,19,3,3,4,1,Research Scientist,3,Divorced,2759,6,12,4,0,2,3,2,2,0.0754150054367525,0.25,0.875,2.4414795436077497,0.2857142857142857,0.6666666666666666,0.6666666666666666,0.6666666666666666,0.6666666666666666
43,No,Travel_Frequently,Sales,15,3,4,2,2,Sales Executive,4,Married,6804,3,18,3,1,5,3,2,2,0.11164168136390354,0.20833333333333334,0.08333333333333333,1.9015214863647882,0.5,0.6666666666666666,0.6666666666666666,0.6666666666666666,1.6666666666666667
34,No,Travel_Rarely,Research & Development,8,2,2,3,2,Healthcare Representative,3,Single,6142,3,11,4,0,2,3,5,4,0.05555682188212301,0.2916666666666667,0.125,1.8193397928856214,1.25,1.0,0.16666666666666666,0.5,0.3333333333333333
23,No,Travel_Rarely,Research & Development,9,1,2,3,1,Laboratory Technician,1,Married,2500,1,14,4,1,2,4,4,0,0.16617199999999993,0.2916666666666667,0.041666666666666664,1.3722219374310531,2.0,4.0,0.6,0.4,0.4
39,No,Travel_Rarely,Human Resources,3,3,3,4,2,Human Resources,2,Married,6389,9,15,3,1,3,1,8,3,0.15512599780873382,0.25,0.08333333333333333,1.3147929211562848,0.8,2.0,0.3333333333333333,0.6666666666666666,0.3333333333333333
56,No,Travel_Rarely,Research & Development,9,3,3,3,4,Healthcare Representative,4,Married,11103,7,11,3,0,1,2,10,1,0.13946410879942353,0.25,0.16666666666666666,1.252141936864609,1.25,5.0,0.6363636363636364,0.09090909090909091,0.09090909090909091
40,No,Travel_Rarely,Research & Development,2,1,4,2,1,Research Scientist,4,Single,2342,0,20,4,0,2,2,4,2,0.15969684030742964,0.3333333333333333,0.625,7.305112748557898,4.0,1.3333333333333333,0.4,0.6,0.4
27,No,Travel_Rarely,Research & Development,7,3,4,2,2,Healthcare Representative,1,Single,6811,8,19,1,0,2,1,7,0,0.13629716634855377,0.2916666666666667,0.041666666666666664,2.5743477348493595,0.7777777777777778,7.0,0.75,0.875,0.25
29,No,Travel_Rarely,Sales,10,3,4,3,1,Sales Representative,2,Divorced,2297,1,14,4,2,2,3,2,2,0.06656508489333918,0.2916666666666667,0.041666666666666664,2.236191709982107,1.0,0.6666666666666666,0.6666666666666666,0.6666666666666666,0.6666666666666666
53,No,Travel_Rarely,Research & Development,6,3,4,3,2,Laboratory Technician,4,Single,2450,2,17,4,0,4,3,2,2,0.12830612244897954,0.2916666666666667,0.125,2.3210147637449214,0.6666666666666666,0.6666666666666666,0.6666666666666666,0.6666666666666666,1.3333333333333333
35,No,Non-Travel,Research & Development,2,4,4,3,2,Healthcare Representative,1,Divorced,5093,2,11,1,1,2,4,1,0,0.10342430787355189,0.16666666666666666,0.20833333333333334,0.9054876362356814,0.3333333333333333,1.0,0.0,0.0,1.0
32,No,Travel_Frequently,Research & Development,24,4,1,3,2,Laboratory Technician,4,Married,5309,1,15,4,2,2,3,10,4,0.11761160293840642,0.2916666666666667,0.125,2.5061138896253032,5.0,2.0,0.7272727272727273,0.6363636363636364,0.18181818181818182
38,No,Travel_Rarely,Research & Development,2,5,4,3,1,Research Scientist,3,Married,3057,6,13,2,1,0,1,1,0,0.16844946025515206,0.25,0.7083333333333334,2.472298152627296,0.14285714285714285,1.0,0.0,0.5,0.0
34,No,Travel_Rarely,Research & Development,8,5,2,3,2,Manufacturing Director,1,Divorced,5121,3,14,3,1,3,3,0,0,0.13648506151142348,0.3333333333333333,0.08333333333333333,3.260068699282056,0.0,0.0,0.0,0.0,3.0
52,No,Travel_Rarely,Sales,3,4,3,2,4,Manager,1,Married,16856,1,11,1,0,3,4,34,1,0.10681953013763641,0.25,0.125,1.2722099484740246,17.0,17.0,0.17142857142857143,0.45714285714285713,0.08571428571428572
33,Yes,Travel_Rarely,Research & Development,1,4,4,3,1,Research Scientist,4,Single,2686,1,13,3,0,2,2,10,7,0.13776247207743864,0.2916666666666667,0.8333333333333334,2.163242774408729,5.0,1.25,0.8181818181818182,0.7272727272727273,0.18181818181818182
25,No,Travel_Rarely,Sales,26,1,3,3,2,Sales Executive,4,Single,6180,1,23,2,0,5,2,6,1,0.06548058252427186,0.3333333333333333,0.125,5.68570429102947,3.0,3.0,0.7142857142857143,0.5714285714285714,0.7142857142857143
45,No,Travel_Rarely,Sales,2,2,2,1,2,Sales Representative,3,Single,6632,0,13,1,0,3,3,8,3,0.16876960193003615,0.3333333333333333,0.0,1.4896502433250283,8.0,2.0,0.7777777777777778,0.1111111111111111,0.3333333333333333
23,No,Travel_Rarely,Research & Development,10,1,1,4,1,Research Scientist,3,Single,3505,1,18,4,0,3,3,2,0,0.17830242510698996,0.25,0.16666666666666666,1.3638775708214106,1.0,2.0,0.6666666666666666,0.6666666666666666,1.0
47,Yes,Travel_Frequently,Sales,27,2,2,4,2,Sales Executive,3,Single,6397,4,12,4,0,2,3,5,1,0.0886806315460372,0.20833333333333334,0.5833333333333334,1.7759918594804716,1.0,2.5,0.6666666666666666,0.5,0.3333333333333333
34,No,Travel_Rarely,Sales,2,3,4,3,2,Sales Executive,4,Single,6274,1,22,3,0,5,3,6,1,0.1704096270321963,0.3333333333333333,0.08333333333333333,6.418156685866146,3.0,3.0,0.7142857142857143,0.5714285714285714,0.7142857142857143
55,Yes,Travel_Rarely,Research & Development,2,3,4,3,5,Manager,1,Married,19859,5,13,4,1,2,3,5,1,0.12004028400221567,0.25,0.5,1.4467898401461687,0.8333333333333334,2.5,0.3333333333333333,0.6666666666666666,0.3333333333333333
36,No,Non-Travel,Sales,8,4,1,2,3,Sales Executive,1,Single,7587,1,15,2,0,1,3,10,0,0.14699617767233428,0.2916666666666667,0.08333333333333333,1.3849535252645682,5.0,10.0,0.6363636363636364,0.8181818181818182,0.09090909090909091
52,No,Non-Travel,Research & Development,19,4,4,3,1,Research Scientist,4,Married,4258,0,18,1,1,3,3,4,1,0.16895255988727093,0.20833333333333334,0.041666666666666664,0.9464397860406697,4.0,2.0,0.6,0.4,0.6
26,No,Travel_Frequently,Research & Development,1,2,1,1,1,Laboratory Technician,4,Divorced,4364,3,14,1,1,2,3,2,2,0.16843263061411548,0.20833333333333334,0.08333333333333333,1.4283884812902148,0.5,0.6666666666666666,0.6666666666666666,0.0,0.6666666666666666
29,No,Travel_Rarely,Research & Development,27,3,2,3,2,Healthcare Representative,3,Married,4335,4,12,1,1,3,2,8,1,0.06759861591695501,0.3333333333333333,0.125,3.3115029162855794,1.6,4.0,0.7777777777777778,0.1111111111111111,0.3333333333333333
26,Yes,Travel_Rarely,Sales,8,3,4,2,2,Sales Executive,1,Single,5326,6,17,3,0,2,2,4,1,0.16325197146075845,0.20833333333333334,0.0,1.8145579812193584,0.5714285714285714,2.0,0.6,0.4,0.4
34,No,Travel_Rarely,Research & Development,1,4,2,4,1,Research Scientist,4,Single,3280,2,16,3,0,2,3,4,1,0.07891768292682924,0.20833333333333334,0.08333333333333333,1.1280492883066122,1.3333333333333333,2.0,0.4,0.6,0.4
54,No,Travel_Rarely,Research & Development,19,4,4,3,2,Manufacturing Director,1,Divorced,5485,9,11,2,2,4,3,5,1,0.1419453053783044,0.25,0.625,1.7325589523975533,0.5,2.5,0.5,0.6666666666666666,0.6666666666666666
27,No,Travel_Frequently,Sales,8,1,3,3,2,Sales Executive,4,Married,4342,0,19,2,1,3,3,4,1,0.16570935052970986,0.25,0.125,2.033345913668753,4.0,2.0,0.4,0.2,0.6
37,No,Travel_Rarely,Research & Development,10,1,4,3,1,Research Scientist,1,Divorced,2782,0,13,2,2,3,2,5,4,0.11434219985621852,0.3333333333333333,0.7916666666666666,1.6208836542163763,5.0,1.0,0.5,0.5,0.5
38,No,Travel_Frequently,Research & Development,2,4,1,4,2,Manufacturing Director,1,Single,5980,6,12,4,0,2,3,15,4,0.05081772575250842,0.25,0.7083333333333334,1.3996970625531293,2.142857142857143,3.0,0.4375,0.75,0.125
34,No,Travel_Rarely,Research & Development,2,4,3,2,1,Research Scientist,1,Single,4381,1,11,3,0,3,3,6,1,0.11114129194247885,0.20833333333333334,0.041666666666666664,0.941768633637189,3.0,3.0,0.7142857142857143,0.42857142857142855,0.42857142857142855
35,No,Travel_Rarely,Sales,8,4,1,3,1,Sales Representative,4,Married,2572,1,16,2,1,1,2,3,0,0.07780715396578534,0.20833333333333334,0.16666666666666666,1.2977191130937678,1.5,3.0,0.5,0.5,0.25
30,No,Travel_Rarely,Research & Development,1,3,4,1,1,Laboratory Technician,3,Married,3833,3,21,3,2,2,3,2,0,0.08515523088964248,0.3333333333333333,0.20833333333333334,7.160241874527588,0.5,2.0,0.6666666666666666,0.6666666666666666,0.6666666666666666
40,No,Travel_Frequently,Research & Development,2,2,3,4,2,Healthcare Representative,2,Married,4244,1,24,4,1,2,3,8,3,0.1466918001885015,0.3333333333333333,0.125,7.351475785287333,4.0,2.0,0.7777777777777778,0.7777777777777778,0.2222222222222222
34,No,Travel_Rarely,Sales,8,2,3,3,2,Sales Executive,1,Married,6500,5,17,2,1,1,3,3,1,0.1444784615384615,0.20833333333333334,0.16666666666666666,1.764369041688094,0.5,1.5,0.5,0.5,0.25
42,No,Travel_Frequently,Research & Development,8,3,2,3,5,Manager,4,Divorced,18430,1,13,2,1,4,2,24,14,0.06839772110689092,0.3333333333333333,0.125,2.479998848489854,12.0,1.6,0.28,0.36,0.16
23,Yes,Travel_Rarely,Research & Development,6,3,3,4,1,Laboratory Technician,1,Married,1601,1,21,3,2,2,3,0,0,0.11673329169269213,0.3333333333333333,0.6666666666666666,5.719178452728375,0.0,0.0,0.0,0.0,2.0
24,No,Non-Travel,Research & Development,9,3,3,2,1,Laboratory Technician,2,Divorced,2694,1,11,3,3,4,3,1,0,0.12171492204899781,0.3333333333333333,0.16666666666666666,1.9974107314683605,0.5,1.0,0.0,0.0,2.0
52,No,Travel_Rarely,Research & Development,11,4,4,3,2,Laboratory Technician,3,Married,3149,8,20,2,1,3,3,5,1,0.16757700857415048,0.3333333333333333,0.125,7.166393475492996,0.5555555555555556,2.5,0.3333333333333333,0.6666666666666666,0.5
50,No,Travel_Rarely,Research & Development,2,3,3,3,4,Research Director,3,Married,17639,5,16,4,0,3,3,4,0,0.1148988037870628,0.2916666666666667,0.0,2.498293987137752,0.6666666666666666,4.0,0.6,0.6,0.6
29,Yes,Travel_Rarely,Research & Development,1,2,2,2,1,Laboratory Technician,1,Married,2319,1,11,4,1,1,3,1,0,0.1607977576541612,0.2916666666666667,0.7083333333333334,1.9436253997228248,0.5,1.0,0.0,0.0,0.5
33,No,Travel_Rarely,Research & Development,7,3,3,3,3,Research Director,3,Married,11691,0,11,4,0,3,4,13,3,0.07127191856984003,0.2916666666666667,0.16666666666666666,1.6286474074652864,13.0,3.25,0.6428571428571429,0.5,0.21428571428571427
33,Yes,Travel_Rarely,Sales,16,3,1,3,2,Sales Executive,1,Single,5324,5,15,3,0,3,3,3,0,0.1600770097670924,0.25,0.041666666666666664,2.293972143790683,0.5,3.0,0.5,0.5,0.75
47,No,Travel_Rarely,Research & Development,2,2,3,3,4,Manager,4,Married,16752,1,11,3,1,3,2,26,3,0.15498627029608417,0.25,0.5,1.0673971786480452,13.0,6.5,0.5185185185185185,0.0,0.1111111111111111
36,No,Travel_Rarely,Research & Development,1,3,3,3,2,Manufacturing Director,2,Married,5228,0,15,1,1,2,3,9,0,0.07678462127008422,0.16666666666666666,0.08333333333333333,1.1008290650459227,9.0,9.0,0.7,0.5,0.2
29,No,Travel_Rarely,Research & Development,23,2,3,4,1,Research Scientist,3,Married,2700,1,24,3,1,3,3,10,0,0.15887407407407408,0.3333333333333333,0.08333333333333333,3.5161257655509544,5.0,10.0,0.6363636363636364,0.6363636363636364,0.2727272727272727
58,Yes,Travel_Rarely,Research & Development,2,4,4,3,5,Research Director,2,Single,19246,7,12,4,0,2,3,31,13,0.17913072846305722,0.3333333333333333,0.4583333333333333,2.5742718890553253,3.875,2.2142857142857144,0.46875,0.25,0.0625
35,No,Travel_Rarely,Research & Development,1,4,4,4,1,Research Scientist,3,Single,2506,3,13,3,0,0,3,2,2,0.07035115722266568,0.2916666666666667,0.0,2.676638735966085,0.5,0.6666666666666666,0.6666666666666666,0.6666666666666666,0.0
42,No,Travel_Rarely,Research & Development,1,2,4,2,2,Manufacturing Director,4,Married,6062,9,13,4,1,4,3,4,0,0.061793137578357,0.25,0.625,1.0122981223008491,0.4,4.0,0.6,0.4,0.8
28,Yes,Travel_Rarely,Research & Development,2,4,3,3,1,Research Scientist,3,Single,4382,6,17,4,0,3,2,2,2,0.1555727978092196,0.2916666666666667,0.08333333333333333,2.0027253227574753,0.2857142857142857,0.6666666666666666,0.6666666666666666,0.3333333333333333,1.0
36,No,Travel_Rarely,Human Resources,13,3,3,3,1,Human Resources,2,Married,2143,4,13,2,1,2,3,5,0,0.05947736817545499,0.25,0.0,1.4560752171747617,1.0,5.0,0.3333333333333333,0.6666666666666666,0.3333333333333333
32,No,Travel_Rarely,Research & Development,4,3,3,2,2,Manufacturing Director,3,Married,6162,1,12,3,1,3,3,14,6,0.07832521908471281,0.25,0.08333333333333333,1.793522735081177,7.0,2.0,0.8666666666666667,0.5333333333333333,0.2
40,No,Travel_Frequently,Research & Development,16,4,1,2,2,Laboratory Technician,3,Single,5094,6,14,4,0,6,3,1,0,0.1034943070278759,0.2916666666666667,0.041666666666666664,1.2640408198964197,0.14285714285714285,1.0,0.0,0.0,3.0
30,No,Travel_Rarely,Research & Development,2,3,3,2,2,Manufacturing Director,4,Single,6877,5,24,2,0,4,2,0,0,0.15132761378508075,0.3333333333333333,0.7916666666666666,4.0099880813211835,0.0,0.0,0.0,0.0,4.0
45,No,Travel_Rarely,Research & Development,2,3,2,2,1,Research Scientist,3,Single,2274,1,14,4,0,3,3,1,0,0.11441072999120495,0.20833333333333334,0.125,0.924198616696615,0.5,1.0,0.0,0.0,1.5
42,No,Travel_Rarely,Research & Development,29,3,2,3,2,Manufacturing Director,2,Married,4434,1,13,4,1,3,2,9,7,0.1463870094722598,0.3333333333333333,0.08333333333333333,2.8779571010301424,4.5,1.125,0.8,0.8,0.3
38,No,Travel_Frequently,Research & Development,12,3,1,2,2,Healthcare Representative,1,Divorced,6288,2,15,3,1,3,2,4,1,0.09626749363867683,0.20833333333333334,0.08333333333333333,1.0641386659430123,1.3333333333333333,2.0,0.6,0.4,0.6
34,No,Travel_Frequently,Research & Development,16,4,3,2,1,Research Scientist,4,Single,2553,1,16,3,0,3,3,5,1,0.07927144535840193,0.25,0.041666666666666664,2.3707226522195186,2.5,2.5,0.3333333333333333,0.5,0.5
49,Yes,Travel_Rarely,Sales,11,3,3,3,3,Sales Executive,4,Married,7654,1,18,1,2,3,4,9,7,0.12697282466684093,0.2916666666666667,0.08333333333333333,1.4100559894593623,4.5,1.125,0.8,0.7,0.3
55,Yes,Travel_Rarely,Sales,2,1,3,3,2,Sales Executive,4,Single,5160,4,16,3,0,3,2,9,7,0.12362596899224804,0.20833333333333334,0.08333333333333333,1.97368814396846,1.8,1.125,0.7,0.3,0.3
43,No,Travel_Rarely,Research & Development,14,2,2,3,4,Research Director,1,Married,17159,6,24,3,1,3,3,4,1,0.0579410222040911,0.3333333333333333,0.125,4.007594896406362,0.5714285714285714,2.0,0.2,0.0,0.6
27,No,Travel_Rarely,Research & Development,5,1,3,2,3,Research Director,4,Divorced,12808,1,16,2,1,3,3,9,0,0.1208830418488445,0.20833333333333334,0.75,1.7235401395397194,4.5,9.0,0.8,0.8,0.3
35,No,Travel_Rarely,Research & Development,7,3,3,3,3,Manufacturing Director,3,Single,10221,3,21,2,0,3,4,8,1,0.09670580178064772,0.3333333333333333,0.0,5.485149828320581,2.0,4.0,0.5555555555555556,0.6666666666666666,0.3333333333333333
28,No,Travel_Rarely,Sales,2,4,2,3,2,Sales Executive,2,Married,4779,1,20,1,0,2,3,8,7,0.09554718560368275,0.3333333333333333,0.5833333333333334,6.402494004275426,4.0,1.0,0.7777777777777778,0.5555555555555556,0.2222222222222222
34,No,Travel_Rarely,Human Resources,3,2,3,3,1,Human Resources,4,Married,3737,0,19,3,1,1,1,3,0,0.07213005084292218,0.20833333333333334,0.25,1.6983552257708356,3.0,3.0,0.5,0.5,0.25
26,Yes,Travel_Frequently,Research & Development,5,2,3,2,1,Research Scientist,3,Married,2366,1,14,1,1,2,3,8,1,0.11316145393068461,0.16666666666666666,0.6666666666666666,0.7102759100862073,4.0,4.0,0.7777777777777778,0.7777777777777778,0.2222222222222222
27,No,Non-Travel,Research & Development,3,3,4,3,1,Research Scientist,4,Married,1706,1,11,3,3,6,2,0,0,0.17202813599062133,0.20833333333333334,0.041666666666666664,1.7002520591124497,0.0,0.0,0.0,0.0,6.0
51,No,Travel_Rarely,Sales,26,4,1,3,4,Manager,3,Married,16307,2,14,3,1,2,2,20,4,0.07375789538235117,0.3333333333333333,0.041666666666666664,3.107036342238423,6.666666666666667,4.0,0.2857142857142857,0.8095238095238095,0.09523809523809523
44,No,Travel_Rarely,Research & Development,4,3,4,3,2,Healthcare Representative,2,Single,5933,9,12,4,0,2,2,5,2,0.0795280633743469,0.3333333333333333,0.16666666666666666,3.0919980615553744,0.5,1.6666666666666667,0.3333333333333333,0.5,0.3333333333333333
25,No,Travel_Rarely,Research & Development,2,1,1,4,1,Research Scientist,1,Single,3424,7,13,3,0,3,2,4,0,0.0833323598130841,0.2916666666666667,0.08333333333333333,1.8931238996440054,0.5,4.0,0.6,0.2,0.6
33,No,Travel_Rarely,Sales,1,3,1,4,2,Sales Executive,1,Divorced,4037,1,22,1,1,5,3,9,0,0.07962595987119143,0.3333333333333333,0.041666666666666664,4.352752658265295,4.5,9.0,0.8,0.8,0.5
35,No,Travel_Rarely,Research & Development,27,1,3,2,1,Research Scientist,1,Single,2559,1,11,4,0,3,2,6,1,0.0927823368503321,0.20833333333333334,0.08333333333333333,1.4852571629228892,3.0,3.0,0.7142857142857143,0.14285714285714285,0.42857142857142855
36,No,Travel_Rarely,Sales,1,2,2,3,2,Sales Executive,4,Married,6201,1,14,4,1,1,2,18,4,0.05386550556361884,0.2916666666666667,0.7083333333333334,1.851644473535825,9.0,3.6,0.7368421052631579,0.5789473684210527,0.05263157894736842
32,No,Travel_Rarely,Sales,13,4,2,3,2,Sales Executive,4,Divorced,4403,2,11,3,1,3,2,5,0,0.1263502157619804,0.25,0.0,1.2737155145133916,1.6666666666666667,5.0,0.3333333333333333,0.5,0.5
30,No,Travel_Frequently,Research & Development,5,4,2,2,1,Research Scientist,4,Divorced,3761,9,12,2,1,3,2,5,0,0.15552512629619789,0.25,0.08333333333333333,2.0460581255789796,0.5,5.0,0.6666666666666666,0.5,0.5
53,No,Travel_Rarely,Sales,7,2,1,2,3,Sales Executive,4,Married,10934,7,18,4,1,3,3,5,0,0.17179897567221517,0.2916666666666667,0.7083333333333334,2.8904441338138174,0.625,5.0,0.3333333333333333,0.6666666666666666,0.5
45,No,Travel_Rarely,Sales,9,3,4,3,3,Sales Executive,1,Divorced,10761,4,12,3,1,2,3,5,0,0.12017842207973235,0.20833333333333334,0.8333333333333334,1.3906342414574824,1.0,5.0,0.6666666666666666,0.3333333333333333,0.3333333333333333
32,No,Travel_Rarely,Research & Development,8,2,3,4,2,Research Scientist,3,Married,5175,5,12,3,1,3,2,5,1,0.14702995169082128,0.20833333333333334,0.041666666666666664,1.9154783161855544,0.8333333333333334,2.5,0.5,0.5,0.5
52,No,Travel_Frequently,Research & Development,25,4,3,2,4,Manufacturing Director,4,Married,13826,3,22,3,0,3,3,9,0,0.060290756545638646,0.3333333333333333,0.041666666666666664,5.491465266769386,2.25,9.0,0.8,0.0,0.3
37,No,Travel_Rarely,Sales,16,4,4,2,2,Sales Executive,3,Divorced,6334,4,19,4,2,2,3,1,0,0.12856173034417437,0.20833333333333334,0.041666666666666664,1.6900069992900808,0.2,1.0,0.0,0.0,1.0
28,No,Travel_Rarely,Human Resources,8,2,2,2,1,Human Resources,4,Divorced,4936,1,13,4,1,6,3,5,0,0.12841572123176653,0.2916666666666667,0.125,2.8647374733354662,2.5,5.0,0.16666666666666666,0.6666666666666666,1.0
22,No,Travel_Rarely,Research & Development,1,2,4,2,2,Manufacturing Director,4,Married,4775,6,22,1,2,2,1,2,2,0.14079162303664916,0.3333333333333333,0.041666666666666664,7.092644466196536,0.2857142857142857,0.6666666666666666,0.6666666666666666,0.6666666666666666,0.6666666666666666
44,No,Travel_Rarely,Research & Development,8,4,1,4,1,Laboratory Technician,4,Married,2818,2,24,3,1,2,2,3,0,0.08862668559261888,0.3333333333333333,0.625,6.347343129496146,1.0,3.0,0.5,0.5,0.5
42,No,Travel_Frequently,Research & Development,2,1,2,3,1,Research Scientist,4,Single,2515,5,14,4,0,2,3,2,2,0.05441351888667988,0.2916666666666667,0.625,2.916421700334078,0.3333333333333333,0.6666666666666666,0.3333333333333333,0.6666666666666666,0.6666666666666666
36,No,Travel_Rarely,Human Resources,8,3,1,2,1,Human Resources,1,Married,2342,0,21,3,0,3,3,5,0,0.1137233134073442,0.3333333333333333,0.08333333333333333,4.156381536705429,5.0,5.0,0.6666666666666666,0.5,0.5
25,No,Travel_Rarely,Sales,3,1,3,3,2,Sales Executive,1,Married,4194,1,18,4,0,3,3,5,0,0.12149260848831664,0.125,0.75,0.492871604561375,2.5,5.0,0.5,0.5,0.5
35,No,Travel_Rarely,Research & Development,9,3,4,2,3,Manufacturing Director,3,Married,10685,1,20,2,1,2,3,17,5,0.15332241459990642,0.3333333333333333,0.7916666666666666,5.368870057903436,8.5,2.8333333333333335,0.7777777777777778,0.8333333333333334,0.1111111111111111
35,Yes,Travel_Frequently,Research & Development,25,4,4,3,1,Research Scientist,2,Divorced,2022,1,19,1,1,3,2,10,7,0.08591988130563799,0.2916666666666667,0.6666666666666666,1.1899207790851838,5.0,1.25,0.18181818181818182,0.7272727272727273,0.2727272727272727
32,No,Non-Travel,Research & Development,1,3,4,3,1,Laboratory Technician,4,Divorced,2314,0,12,2,1,2,3,3,0,0.1439066551426102,0.20833333333333334,0.125,1.2784384868642074,3.0,3.0,0.0,0.5,0.5
25,No,Travel_Rarely,Sales,4,1,3,2,2,Sales Executive,1,Married,4256,1,12,1,0,1,4,5,0,0.06303336466165424,0.2916666666666667,0.16666666666666666,1.7547151632170046,2.5,5.0,0.3333333333333333,0.5,0.16666666666666666
49,No,Travel_Rarely,Research & Development,1,3,3,3,1,Research Scientist,1,Married,3580,2,16,2,1,2,3,4,0,0.10075139664804471,0.2916666666666667,0.125,1.291446349824264,1.3333333333333333,4.0,0.4,0.4,0.4
24,No,Non-Travel,Research & Development,4,1,1,2,1,Laboratory Technician,4,Married,3162,0,17,4,0,2,2,5,3,0.05108791903858317,0.2916666666666667,0.16666666666666666,1.2522660057715793,5.0,1.25,0.3333333333333333,0.6666666666666666,0.3333333333333333
32,No,Travel_Frequently,Sales,5,2,2,3,2,Sales Executive,2,Married,6524,1,14,4,1,3,3,10,5,0.055590128755364815,0.2916666666666667,0.041666666666666664,2.6994863382452357,5.0,1.6666666666666667,0.7272727272727273,0.2727272727272727,0.2727272727272727
38,No,Travel_Rarely,Sales,9,3,2,2,1,Sales Representative,2,Married,2899,0,19,4,1,3,3,2,1,0.06942393928941022,0.25,0.16666666666666666,1.7643995962661023,2.0,1.0,0.6666666666666666,0.6666666666666666,1.0
42,No,Travel_Rarely,Research & Development,3,3,3,4,2,Laboratory Technician,4,Married,5231,2,13,2,1,1,2,5,1,0.11845345058306253,0.2916666666666667,0.875,2.1953547421791475,1.6666666666666667,2.5,0.5,0.5,0.16666666666666666
31,No,Travel_Rarely,Research & Development,11,4,4,3,1,Research Scientist,4,Married,2356,3,19,2,1,2,3,6,0,0.12198641765704588,0.3333333333333333,0.875,1.7393605197063047,1.5,6.0,0.5714285714285714,0.2857142857142857,0.2857142857142857
29,Yes,Travel_Rarely,Sales,1,3,2,2,1,Sales Representative,3,Divorced,2800,6,19,3,3,3,3,3,0,0.10263214285714282,0.2916666666666667,0.6666666666666666,1.642138260369398,0.42857142857142855,3.0,0.5,0.5,0.75
53,No,Travel_Rarely,Sales,8,3,1,3,4,Sales Executive,4,Married,11836,5,14,3,1,3,3,2,2,0.11430381885772217,0.2916666666666667,0.041666666666666664,1.2860554367863883,0.3333333333333333,0.6666666666666666,0.0,0.6666666666666666,1.0
35,No,Travel_Rarely,Research & Development,25,3,4,2,3,Manufacturing Director,2,Married,10903,3,16,1,0,2,3,13,4,0.07838484820691545,0.3333333333333333,0.125,3.2321127029516514,3.25,2.6,0.7142857142857143,0.5714285714285714,0.14285714285714285
37,No,Travel_Frequently,Sales,21,2,3,3,1,Sales Representative,4,Married,2973,5,15,2,1,3,3,5,0,0.10894719138916922,0.16666666666666666,0.08333333333333333,0.8113847515115765,0.8333333333333334,5.0,0.6666666666666666,0.0,0.5
53,No,Travel_Rarely,Research & Development,23,4,4,3,4,Research Director,4,Single,14275,6,18,3,0,0,3,12,3,0.06006024518388796,0.3333333333333333,0.0,2.5432648715932156,1.7142857142857142,3.0,0.6923076923076923,0.6153846153846154,0.0
43,No,Travel_Frequently,Research & Development,1,3,4,3,2,Healthcare Representative,4,Married,5562,4,13,2,1,2,2,5,2,0.05951995685005397,0.2916666666666667,0.08333333333333333,2.3786804998516193,1.0,1.6666666666666667,0.3333333333333333,0.3333333333333333,0.3333333333333333
47,No,Travel_Rarely,Sales,2,2,3,3,2,Sales Executive,4,Married,4537,0,22,1,1,2,3,7,7,0.17836896627727578,0.3333333333333333,0.875,4.189069477368339,7.0,0.875,0.75,0.875,0.25
37,No,Non-Travel,Sales,19,2,1,3,3,Sales Executive,2,Single,7642,1,13,4,0,2,3,10,0,0.056589897932478414,0.25,0.75,1.8103636259179632,5.0,10.0,0.0,0.8181818181818182,0.18181818181818182
50,No,Non-Travel,Research & Development,2,4,1,3,4,Manager,1,Divorced,17924,1,11,4,1,3,3,31,14,0.10391374693148847,0.25,0.041666666666666664,1.548153163428308,15.5,2.066666666666667,0.1875,0.21875,0.09375
39,No,Travel_Rarely,Human Resources,2,3,4,2,2,Human Resources,4,Married,5204,8,11,3,2,2,3,5,0,0.1401787086856264,0.20833333333333334,0.041666666666666664,1.7729899356496648,0.5555555555555556,5.0,0.6666666666666666,0.6666666666666666,0.3333333333333333
33,No,Travel_Rarely,Human Resources,3,2,4,3,1,Human Resources,2,Divorced,2277,3,11,3,1,4,4,4,0,0.08888888888888893,0.3333333333333333,0.7083333333333334,2.3690005646527386,1.0,4.0,0.6,0.6,0.8
32,Yes,Travel_Rarely,Research & Development,25,4,1,3,1,Laboratory Technician,4,Single,2795,1,24,3,0,2,1,1,0,0.10720214669051882,0.3333333333333333,0.7083333333333334,5.195011186429358,0.5,1.0,0.0,0.5,1.0
29,No,Travel_Rarely,Research & Development,7,1,1,2,1,Laboratory Technician,4,Divorced,2532,6,14,3,3,5,3,4,0,0.13407187993680877,0.3333333333333333,0.0,1.7728731105505662,0.5714285714285714,4.0,0.6,0.6,1.0
44,No,Travel_Rarely,Research & Development,9,2,2,3,1,Research Scientist,1,Married,2559,1,13,4,0,0,3,8,7,0.12320828448612738,0.20833333333333334,0.75,1.3735241204367348,4.0,1.0,0.7777777777777778,0.1111111111111111,0.0
28,No,Travel_Rarely,Sales,5,4,1,3,2,Sales Executive,4,Single,4908,1,14,2,0,3,3,4,0,0.15283822330888347,0.25,0.08333333333333333,1.6310610031064747,2.0,4.0,0.4,0.4,0.6
58,Yes,Travel_Frequently,Research & Development,2,1,4,2,1,Laboratory Technician,4,Divorced,2380,9,14,4,1,3,2,1,0,0.10189075630252101,0.20833333333333334,0.625,0.9716791029045994,0.1,1.0,0.0,0.0,1.5
43,No,Travel_Rarely,Research & Development,8,3,1,3,2,Manufacturing Director,2,Divorced,4765,4,21,3,1,2,4,1,0,0.1288709338929695,0.3333333333333333,0.041666666666666664,4.257205328067024,0.2,1.0,0.0,0.0,1.0
20,Yes,Travel_Rarely,Sales,2,3,3,2,1,Sales Representative,3,Single,2044,1,13,4,0,3,2,2,0,0.15470156555772996,0.20833333333333334,0.125,1.930291067959158,1.0,2.0,0.6666666666666666,0.6666666666666666,1.0
21,Yes,Travel_Rarely,Research & Development,18,1,4,3,1,Research Scientist,4,Single,2693,1,19,1,0,3,2,1,0,0.10207575194949865,0.16666666666666666,0.125,1.6571304747722237,0.5,1.0,0.0,0.0,1.5
36,No,Travel_Rarely,Research & Development,14,1,3,3,2,Healthcare Representative,4,Married,6586,0,17,1,1,2,2,16,4,0.12970999088976623,0.2916666666666667,0.7083333333333334,2.0237145489618173,16.0,3.2,0.47058823529411764,0.6470588235294118,0.11764705882352941
47,No,Travel_Rarely,Sales,2,4,4,2,1,Sales Representative,4,Single,3294,1,18,1,0,3,2,3,1,0.11988160291438976,0.2916666666666667,0.75,2.179657766524352,1.5,1.5,0.5,0.5,0.75
22,Yes,Travel_Rarely,Research & Development,3,1,2,3,2,Manufacturing Director,3,Married,4171,0,19,1,1,3,4,3,0,0.14921601534404222,0.16666666666666666,0.7916666666666666,1.549253087238775,3.0,3.0,0.5,0.5,0.75
41,Yes,Travel_Rarely,Research & Development,2,4,2,1,1,Laboratory Technician,4,Divorced,2778,4,13,3,1,1,2,7,1,0.0660043196544277,0.25,0.625,2.1307455156950668,1.4,3.5,0.875,0.0,0.125
28,No,Travel_Rarely,Research & Development,9,3,3,3,1,Research Scientist,3,Divorced,2377,5,18,2,1,2,3,2,2,0.06563735801430373,0.3333333333333333,0.08333333333333333,1.9311290911510675,0.3333333333333333,0.6666666666666666,0.6666666666666666,0.6666666666666666,0.6666666666666666
39,Yes,Travel_Rarely,Research & Development,6,3,4,3,1,Laboratory Technician,1,Married,2404,7,21,4,0,2,1,2,2,0.07812396006655571,0.3333333333333333,0.6666666666666666,6.808859625594867,0.25,0.6666666666666666,0.6666666666666666,0.6666666666666666,0.6666666666666666
27,No,Travel_Rarely,Research & Development,4,3,2,3,1,Research Scientist,3,Single,2318,1,19,3,0,2,3,1,0,0.08588006902502164,0.2916666666666667,0.125,2.469139218671445,0.5,1.0,0.5,0.0,1.0
34,No,Travel_Rarely,Research & Development,10,3,2,3,1,Laboratory Technician,2,Divorced,2008,1,14,2,2,3,3,1,1,0.06197211155378489,0.3333333333333333,0.16666666666666666,1.4668032260954413,0.5,0.5,0.0,0.0,1.5
42,No,Travel_Rarely,Sales,14,2,3,2,2,Sales Executive,3,Single,6244,7,17,1,0,6,3,5,0,0.07405188981422167,0.2916666666666667,0.08333333333333333,2.0498573975982337,0.625,5.0,0.6666666666666666,0.5,1.0
33,No,Travel_Rarely,Research & Development,1,4,3,2,1,Research Scientist,1,Single,2799,3,11,2,0,1,3,3,0,0.13643086816720254,0.3333333333333333,0.7916666666666666,1.4277344936707097,0.75,3.0,0.5,0.5,0.25
58,No,Travel_Rarely,Research & Development,5,3,3,2,3,Healthcare Representative,2,Divorced,10552,2,13,4,1,3,3,6,0,0.1258747156937073,0.2916666666666667,0.4583333333333333,1.9450752604369177,2.0,6.0,0.0,0.5714285714285714,0.42857142857142855
31,No,Travel_Rarely,Sales,7,4,2,2,1,Sales Representative,3,Married,2329,3,15,2,0,2,4,7,5,0.11641477028767716,0.25,0.0,1.9293881481869297,1.75,1.1666666666666667,0.875,0.25,0.25
35,No,Travel_Rarely,Research & Development,21,1,4,3,2,Healthcare Representative,4,Married,4014,1,25,4,1,2,1,10,0,0.08871449925261593,0.3333333333333333,0.7916666666666666,4.688358519896788,5.0,10.0,0.5454545454545454,0.6363636363636364,0.18181818181818182
49,No,Travel_Rarely,Research & Development,8,2,1,3,3,Laboratory Technician,2,Married,7403,4,11,3,1,3,2,26,1,0.12102931244090227,0.25,0.125,1.9955871318564264,5.2,13.0,0.3333333333333333,0.25925925925925924,0.1111111111111111
48,No,Travel_Rarely,Research & Development,20,4,4,3,1,Research Scientist,3,Married,2259,4,17,1,2,2,2,0,0,0.07553784860557763,0.2916666666666667,0.041666666666666664,2.5363974468367716,0.0,0.0,0.0,0.0,2.0
31,No,Non-Travel,Sales,20,2,4,3,2,Sales Executive,3,Married,6932,1,13,4,1,2,2,9,0,0.10329919215233695,0.3333333333333333,0.08333333333333333,3.3124662242568728,4.5,9.0,0.8,0.0,0.2
36,No,Travel_Rarely,Research & Development,7,4,2,3,1,Research Scientist,4,Single,4678,2,18,3,0,6,3,6,0,0.0844890979050876,0.25,0.125,2.063899415353823,2.0,6.0,0.2857142857142857,0.14285714285714285,0.8571428571428571
38,No,Travel_Rarely,Research & Development,1,3,4,3,3,Research Director,1,Married,13582,1,13,2,1,3,3,15,5,0.15006184656162563,0.25,0.25,1.395029987804311,7.5,2.5,0.75,0.6875,0.1875
32,No,Non-Travel,Research & Development,1,3,3,2,1,Laboratory Technician,2,Married,2332,6,20,3,0,3,3,3,0,0.1627658662092625,0.3333333333333333,0.125,4.005181972376373,0.42857142857142855,3.0,0.0,0.5,0.75
25,Yes,Travel_Rarely,Sales,19,2,3,2,1,Sales Representative,2,Married,2413,1,18,3,3,2,3,1,0,0.11491089929548289,0.25,0.7916666666666666,1.9219946569313542,0.5,1.0,0.0,0.0,1.0
40,No,Travel_Rarely,Sales,10,4,1,2,3,Sales Executive,2,Divorced,9705,2,12,2,1,2,2,1,0,0.12588768675940235,0.2916666666666667,0.08333333333333333,2.2527284698295738,0.3333333333333333,1.0,0.0,0.0,1.0
26,No,Travel_Frequently,Sales,1,3,3,2,2,Sales Executive,1,Single,4294,1,12,2,0,2,3,7,0,0.11193292966930608,0.25,0.125,1.986234395859194,3.5,7.0,0.875,0.875,0.25
41,No,Travel_Rarely,Research & Development,6,3,4,3,1,Laboratory Technician,1,Single,4721,2,13,3,0,3,3,18,2,0.13574878203770385,0.2916666666666667,0.75,1.4369290319754404,6.0,6.0,0.6842105263157895,0.8947368421052632,0.15789473684210525
36,No,Travel_Rarely,Research & Development,2,4,3,3,1,Laboratory Technician,3,Single,2519,4,21,3,0,6,3,11,3,0.12696705041683204,0.3333333333333333,0.08333333333333333,7.027484401464163,2.2,2.75,0.6666666666666666,0.75,0.5
19,Yes,Travel_Rarely,Sales,21,3,4,2,1,Sales Representative,2,Single,2121,1,13,2,0,3,4,1,0,0.11636963696369644,0.20833333333333334,0.625,1.9460500450868623,0.5,1.0,0.0,0.0,1.5
20,Yes,Travel_Rarely,Research & Development,4,3,1,3,1,Laboratory Technician,1,Single,2973,1,19,2,0,2,3,1,0,0.12751429532458794,0.2916666666666667,0.08333333333333333,1.2130338155250657,0.5,1.0,0.0,0.0,1.0
31,No,Travel_Rarely,Research & Development,12,3,4,3,2,Healthcare Representative,4,Married,5855,0,11,3,2,2,1,9,8,0.1038684884713919,0.25,0.7916666666666666,2.409491035221331,9.0,1.0,0.7,0.5,0.2
40,No,Travel_Frequently,Research & Development,9,4,4,3,1,Research Scientist,2,Divorced,3617,8,14,4,1,2,3,1,0,0.1436190212883606,0.25,0.7916666666666666,1.5382032128520065,0.1111111111111111,1.0,0.5,0.0,1.0
32,No,Travel_Rarely,Research & Development,3,4,3,3,2,Manufacturing Director,1,Married,6725,1,12,3,1,2,4,8,6,0.10656059479553902,0.125,0.125,0.6351401058018732,4.0,1.1428571428571428,0.7777777777777778,0.3333333333333333,0.2222222222222222
36,Yes,Travel_Rarely,Sales,3,1,3,2,3,Sales Executive,4,Married,10325,1,11,1,1,6,3,16,3,0.05098692493946736,0.3333333333333333,0.8333333333333334,1.6391759260705154,8.0,4.0,0.4117647058823529,0.4117647058823529,0.35294117647058826
33,No,Travel_Rarely,Research & Development,1,3,2,2,2,Healthcare Representative,4,Single,6949,0,14,1,0,3,3,5,1,0.09473737228378183,0.3333333333333333,0.125,2.9635384942764014,5.0,2.5,0.0,0.6666666666666666,0.5
37,Yes,Travel_Rarely,Sales,1,4,1,2,3,Sales Executive,3,Married,10609,5,11,3,0,2,1,14,11,0.15188801960599482,0.2916666666666667,0.16666666666666666,1.452918694659396,2.3333333333333335,1.1666666666666667,0.06666666666666667,0.4666666666666667,0.13333333333333333
45,No,Non-Travel,Research & Development,4,2,3,3,2,Laboratory Technician,2,Married,4447,1,12,2,0,5,2,9,0,0.06080728581065884,0.16666666666666666,0.08333333333333333,1.531031401174112,4.5,9.0,0.7,0.8,0.5
29,No,Travel_Frequently,Sales,20,3,3,3,1,Sales Representative,4,Married,2157,1,15,2,1,5,3,3,0,0.16951321279554932,0.2916666666666667,0.08333333333333333,1.3949612933188593,1.5,3.0,0.25,0.5,1.25
35,No,Travel_Rarely,Sales,18,3,3,3,2,Sales Executive,3,Married,4601,1,16,2,0,3,3,5,1,0.15584003477504899,0.2916666666666667,0.16666666666666666,2.1683235114978947,2.5,2.5,0.3333333333333333,0.0,0.5
52,No,Travel_Rarely,Research & Development,1,2,4,3,4,Manager,4,Married,17099,2,15,2,1,2,2,9,7,0.15173518919235046,0.20833333333333334,0.041666666666666664,1.3178165633245191,3.0,1.125,0.8,0.8,0.2
58,Yes,Travel_Rarely,Research & Development,2,3,4,3,1,Research Scientist,3,Single,2479,4,24,1,0,4,3,1,0,0.1401452198467124,0.3333333333333333,0.125,7.039153670523099,0.2,1.0,0.0,0.0,2.0
53,No,Travel_Rarely,Sales,2,2,3,3,4,Manager,3,Divorced,14852,6,13,3,1,3,4,17,15,0.11543967142472383,0.20833333333333334,0.041666666666666664,1.1357590111215705,2.4285714285714284,1.0625,0.7222222222222222,0.1111111111111111,0.16666666666666666
30,No,Travel_Rarely,Sales,8,2,3,3,3,Sales Executive,3,Divorced,7264,5,11,1,1,2,4,8,7,0.0744135462555066,0.16666666666666666,0.125,0.9592028465339448,1.3333333333333333,1.0,0.4444444444444444,0.7777777777777778,0.2222222222222222
38,No,Non-Travel,Sales,10,3,3,3,2,Sales Executive,4,Single,5666,1,13,2,0,1,3,5,1,0.13932403812213198,0.2916666666666667,0.875,2.6842246229358375,2.5,2.5,0.5,0.5,0.16666666666666666
35,No,Travel_Rarely,Sales,3,4,4,3,3,Sales Executive,4,Divorced,7823,6,13,2,1,2,3,10,0,0.09755592483701908,0.3333333333333333,0.125,3.2136301233135436,1.4285714285714286,10.0,0.8181818181818182,0.7272727272727273,0.18181818181818182
39,No,Travel_Rarely,Sales,2,5,1,4,3,Sales Executive,3,Single,7880,0,18,4,0,3,3,8,0,0.11619289340101527,0.2916666666666667,0.16666666666666666,1.6862340765471346,8.0,8.0,0.7777777777777778,0.7777777777777778,0.3333333333333333
40,Yes,Non-Travel,Sales,24,3,2,4,4,Sales Executive,2,Single,13194,4,16,4,0,2,2,1,0,0.11732150977717148,0.2916666666666667,0.7083333333333334,2.8613499009653927,0.2,1.0,0.0,0.0,1.0
47,No,Travel_Frequently,Research & Development,16,4,3,4,2,Manufacturing Director,3,Divorced,5067,1,19,3,0,3,4,19,2,0.10753700414446424,0.20833333333333334,0.7083333333333334,0.961601447554024,9.5,6.333333333333333,0.5,0.35,0.15
36,No,Non-Travel,Sales,8,4,1,3,2,Sales Executive,4,Divorced,5079,4,13,4,2,3,3,7,0,0.11812167749556991,0.20833333333333334,0.16666666666666666,1.1243797665905106,1.4,7.0,0.875,0.875,0.375
31,Yes,Non-Travel,Research & Development,9,2,3,2,1,Research Scientist,1,Single,2321,0,22,1,0,0,3,3,1,0.1468806548901335,0.3333333333333333,0.7083333333333334,3.7601875620574288,3.0,1.5,0.5,0.5,0.0
33,No,Non-Travel,Sales,17,3,4,3,4,Manager,3,Single,17444,1,11,4,0,2,3,10,6,0.1241177482228847,0.20833333333333334,0.08333333333333333,1.9400550206889688,5.0,1.4285714285714286,0.7272727272727273,0.0,0.18181818181818182
29,Yes,Travel_Rarely,Research & Development,10,3,4,2,1,Research Scientist,1,Single,2404,6,20,3,0,5,3,0,0,0.1008444259567387,0.3333333333333333,0.7083333333333334,3.531855759064242,0.0,0.0,0.0,0.0,5.0
33,No,Travel_Rarely,Research & Development,13,1,2,3,1,Research Scientist,4,Single,3452,3,18,1,0,4,3,3,0,0.06162224797218998,0.25,0.125,1.0954365066386835,0.75,3.0,0.5,0.5,1.0
45,No,Travel_Rarely,Research & Development,1,4,4,3,1,Laboratory Technician,4,Divorced,2270,3,14,4,2,2,3,5,0,0.05321585903083709,0.2916666666666667,0.16666666666666666,2.5598235412939343,1.25,5.0,0.5,0.3333333333333333,0.3333333333333333
50,No,Travel_Rarely,Research & Development,1,2,4,3,4,Research Director,4,Divorced,17399,9,22,3,1,1,2,5,1,0.17836657279153983,0.3333333333333333,0.041666666666666664,6.321322736857322,0.5,2.5,0.6666666666666666,0.5,0.16666666666666666
33,No,Travel_Frequently,Research & Development,1,4,3,4,2,Healthcare Representative,2,Married,5488,1,13,1,1,2,3,6,1,0.14473214285714284,0.2916666666666667,0.75,1.8679820163326977,3.0,3.0,0.7142857142857143,0.2857142857142857,0.2857142857142857
41,No,Travel_Frequently,Research & Development,9,3,1,3,5,Research Director,3,Divorced,19419,2,17,2,1,2,4,18,0,0.09195324167052883,0.25,0.041666666666666664,1.8908298278779379,6.0,18.0,0.8421052631578947,0.5789473684210527,0.10526315789473684
27,No,Travel_Rarely,Research & Development,16,4,3,3,1,Laboratory Technician,2,Married,2811,9,14,2,1,2,3,2,2,0.1346922803272856,0.2916666666666667,0.08333333333333333,2.5656805726189535,0.2,0.6666666666666666,0.6666666666666666,0.6666666666666666,0.6666666666666666
45,No,Non-Travel,Research & Development,23,2,4,3,2,Laboratory Technician,1,Married,3633,1,15,3,1,2,3,9,0,0.1030498210845032,0.25,0.6666666666666666,1.3162303445640138,4.5,9.0,0.8,0.8,0.2
47,No,Travel_Rarely,Sales,4,2,4,3,2,Sales Executive,4,Single,4163,1,17,3,0,0,3,9,0,0.16808071102570268,0.20833333333333334,0.6666666666666666,1.1729887709230908,4.5,9.0,0.0,0.7,0.0
30,Yes,Travel_Rarely,Research & Development,22,3,1,3,1,Research Scientist,3,Married,2132,4,11,2,0,2,3,5,0,0.08896341463414638,0.2916666666666667,0.6666666666666666,1.7138168866815542,1.0,5.0,0.3333333333333333,0.16666666666666666,0.3333333333333333
50,No,Travel_Rarely,Research & Development,24,3,4,3,4,Manufacturing Director,3,Married,13973,3,18,4,1,2,3,12,1,0.15695484147999708,0.3333333333333333,0.75,1.444528976496941,3.0,6.0,0.8461538461538461,0.38461538461538464,0.15384615384615385
38,No,Travel_Frequently,Research & Development,10,1,3,3,1,Research Scientist,3,Married,2684,0,17,2,1,0,2,2,0,0.09464605067064091,0.3333333333333333,0.041666666666666664,3.1027938306981637,2.0,2.0,0.3333333333333333,0.6666666666666666,0.0
46,No,Travel_Rarely,Research & Development,7,2,4,3,3,Manufacturing Director,3,Divorced,10845,6,13,2,1,3,3,8,0,0.12202120792992159,0.20833333333333334,0.16666666666666666,1.660140011668605,1.1428571428571428,8.0,0.7777777777777778,0.7777777777777778,0.3333333333333333
24,No,Travel_Rarely,Research & Development,17,1,4,2,2,Manufacturing Director,3,Divorced,4377,1,15,2,2,6,3,4,3,0.1752318939913182,0.3333333333333333,0.16666666666666666,2.7903626641396935,2.0,1.0,0.4,0.4,1.2
35,Yes,Travel_Rarely,Research & Development,14,4,3,2,1,Laboratory Technician,2,Divorced,3743,1,24,4,1,2,1,4,0,0.06625434143734966,0.3333333333333333,0.8333333333333334,6.074757832791459,2.0,4.0,0.4,0.4,0.4
31,No,Travel_Frequently,Research & Development,1,1,3,3,2,Manufacturing Director,1,Married,4148,1,12,3,1,1,3,4,0,0.14390549662487948,0.2916666666666667,0.125,1.3796528772075003,2.0,4.0,0.6,0.6,0.2
18,No,Non-Travel,Research & Development,5,2,2,3,1,Research Scientist,4,Single,1051,1,15,4,0,2,3,0,0,0.17169362511893438,0.25,0.0,1.9074832380866669,0.0,0.0,0.0,0.0,2.0
54,No,Travel_Rarely,Research & Development,17,3,3,3,3,Manufacturing Director,3,Married,10739,8,11,3,1,2,3,10,0,0.13043765713753613,0.3333333333333333,0.125,2.805859817590518,1.1111111111111112,10.0,0.6363636363636364,0.7272727272727273,0.18181818181818182
35,No,Travel_Rarely,Research & Development,25,4,3,3,3,Healthcare Representative,3,Divorced,10388,1,11,3,1,3,2,16,10,0.11974104736234124,0.3333333333333333,0.6666666666666666,2.8066050803912312,8.0,1.4545454545454546,0.5882352941176471,0.058823529411764705,0.17647058823529413
30,No,Travel_Rarely,Research & Development,8,2,2,4,3,Research Director,1,Married,11416,0,12,3,3,4,2,8,1,0.08088297126839529,0.25,0.7916666666666666,1.842047881223415,8.0,4.0,0.7777777777777778,0.7777777777777778,0.4444444444444444
20,Yes,Travel_Rarely,Research & Development,11,3,4,2,1,Research Scientist,1,Single,2600,1,15,1,0,2,3,1,0,0.14941538461538462,0.2916666666666667,0.7916666666666666,2.7216211536089427,0.5,1.0,0.0,0.0,1.0
30,Yes,Travel_Frequently,Research & Development,5,3,2,3,1,Laboratory Technician,2,Single,2422,0,17,1,0,3,3,3,1,0.09725020644095787,0.3333333333333333,0.125,1.755037225616916,3.0,1.5,0.5,0.5,0.75
26,No,Travel_Rarely,Research & Development,2,2,4,4,2,Manufacturing Director,4,Married,5472,1,12,2,0,2,3,8,1,0.14582602339181286,0.3333333333333333,0.08333333333333333,1.747748387765646,4.0,4.0,0.7777777777777778,0.3333333333333333,0.2222222222222222
22,No,Travel_Rarely,Research & Development,8,1,2,1,1,Laboratory Technician,1,Married,2451,1,15,1,1,3,2,4,1,0.09982864137086897,0.2916666666666667,0.08333333333333333,2.2199718602612313,2.0,2.0,0.6,0.2,0.6
48,No,Travel_Rarely,Research & Development,6,3,1,2,2,Healthcare Representative,3,Single,4240,2,13,4,0,0,3,2,2,0.07095990566037733,0.25,0.0,2.3353288682917426,0.6666666666666666,0.6666666666666666,0.6666666666666666,0.6666666666666666,0.0
48,No,Travel_Rarely,Research & Development,4,4,3,2,3,Healthcare Representative,3,Single,10999,7,14,2,0,3,3,15,4,0.08966178743522144,0.25,0.125,1.6099440974733124,1.875,3.0,0.6875,0.5,0.1875
41,No,Travel_Rarely,Research & Development,7,2,4,3,2,Manufacturing Director,3,Single,5003,6,14,2,0,6,3,2,2,0.05476114331401164,0.20833333333333334,0.08333333333333333,1.8754142091582733,0.2857142857142857,0.6666666666666666,0.6666666666666666,0.3333333333333333,2.0
39,No,Travel_Rarely,Research & Development,1,1,4,2,4,Manufacturing Director,4,Married,12742,1,16,3,1,3,3,21,11,0.131815256631612,0.2916666666666667,0.041666666666666664,2.6980917961631796,10.5,1.75,0.2727272727272727,0.36363636363636365,0.13636363636363635
27,No,Travel_Rarely,Research & Development,2,4,1,3,2,Manufacturing Director,4,Married,4227,0,18,2,1,2,3,3,2,0.12632836527087765,0.16666666666666666,0.08333333333333333,1.3486673088666734,3.0,1.0,0.5,0.5,0.5
35,No,Travel_Rarely,Research & Development,10,3,2,3,1,Laboratory Technician,4,Divorced,3917,1,20,1,1,4,2,3,1,0.06723768189941279,0.3333333333333333,0.125,4.03087268808536,1.5,1.5,0.5,0.5,1.0
42,No,Travel_Rarely,Sales,5,2,4,3,5,Manager,3,Married,18303,6,13,2,0,3,4,1,0,0.054006447030541416,0.20833333333333334,0.16666666666666666,1.7057566816965635,0.14285714285714285,1.0,0.0,0.0,1.5
50,No,Travel_Rarely,Research & Development,9,3,1,3,1,Laboratory Technician,4,Married,2380,4,18,2,0,5,3,1,0,0.10012184873949578,0.2916666666666667,0.125,1.3087309193077368,0.2,1.0,0.0,0.0,2.5
59,No,Travel_Rarely,Research & Development,2,3,3,2,4,Manufacturing Director,4,Single,13726,3,13,1,0,4,3,5,4,0.06648623051143816,0.2,0.8,1.5966966268501637,1.25,1.0,0.5,0.5,0.6666666666666666
37,Yes,Travel_Rarely,Research & Development,11,2,1,1,2,Healthcare Representative,2,Married,4777,5,15,1,0,2,1,1,0,0.09420347498429982,0.16666666666666666,0.041666666666666664,1.5669716443706072,0.16666666666666666,1.0,0.0,0.0,1.0
55,No,Travel_Frequently,Research & Development,18,4,3,3,2,Healthcare Representative,2,Married,6385,3,14,4,2,3,3,8,6,0.17344087705559907,0.2916666666666667,0.75,1.5157703619910892,2.0,1.1428571428571428,0.7777777777777778,0.7777777777777778,0.3333333333333333
41,No,Non-Travel,Research & Development,7,1,2,1,5,Research Director,3,Divorced,19973,1,22,2,2,3,3,21,5,0.09660441596154806,0.3333333333333333,0.125,5.101504213096843,10.5,3.5,0.7272727272727273,0.45454545454545453,0.13636363636363635
38,No,Travel_Rarely,Sales,3,4,2,3,2,Sales Executive,4,Single,6861,8,12,3,0,1,3,1,0,0.0935665354904533,0.25,0.5416666666666666,1.637829941728983,0.1111111111111111,1.0,0.0,0.0,0.5
26,Yes,Non-Travel,Sales,29,2,2,1,2,Sales Executive,1,Single,4969,8,18,4,0,6,3,2,2,0.14887703763332671,0.2916666666666667,0.20833333333333334,1.605756484019022,0.2222222222222222,0.6666666666666666,0.6666666666666666,0.6666666666666666,2.0
52,Yes,Travel_Rarely,Sales,2,1,1,1,5,Manager,4,Married,19845,1,15,4,1,3,3,32,6,0.1039440665154951,0.25,0.125,1.0640469364850387,16.0,4.571428571428571,0.42424242424242425,0.2727272727272727,0.09090909090909091
44,No,Travel_Rarely,Sales,28,3,4,4,4,Sales Executive,4,Married,13320,3,18,3,1,2,3,12,11,0.10778453453453457,0.25,0.6666666666666666,1.4823751507692713,3.0,1.0,0.8461538461538461,0.8461538461538461,0.15384615384615385
50,No,Non-Travel,Sales,1,3,4,3,2,Sales Executive,3,Married,6347,0,12,1,1,3,3,18,0,0.11074208287379866,0.25,0.125,1.110878230486556,18.0,18.0,0.3684210526315789,0.6842105263157895,0.15789473684210525
36,Yes,Travel_Rarely,Research & Development,16,4,3,4,1,Laboratory Technician,1,Single,2743,1,16,3,0,1,3,17,15,0.1779001093693037,0.2916666666666667,0.20833333333333334,2.329653608025818,8.5,1.0625,0.7222222222222222,0.7777777777777778,0.05555555555555555
39,No,Travel_Frequently,Research & Development,22,3,4,3,3,Manufacturing Director,1,Single,10880,1,13,3,0,2,3,21,2,0.10832812500000005,0.3333333333333333,0.7916666666666666,3.2074328862564823,10.5,7.0,0.2727272727272727,0.36363636363636365,0.09090909090909091
33,No,Non-Travel,Sales,8,1,2,2,1,Sales Representative,4,Single,2342,0,19,4,0,2,2,2,2,0.15896242527754054,0.25,0.16666666666666666,2.033076525470709,2.0,0.6666666666666666,0.6666666666666666,0.6666666666666666,0.6666666666666666
45,No,Travel_Rarely,Sales,11,2,4,3,4,Manager,4,Married,17650,3,13,2,1,4,4,9,1,0.1589796033994335,0.2916666666666667,0.125,2.933403645988465,2.25,4.5,0.3,0.1,0.4
32,No,Non-Travel,Research & Development,29,4,4,3,1,Laboratory Technician,3,Single,4025,9,12,2,0,2,3,8,7,0.05752546583850931,0.3333333333333333,0.08333333333333333,2.4880259041346777,0.8,1.0,0.7777777777777778,0.7777777777777778,0.2222222222222222
34,No,Travel_Rarely,Sales,1,4,2,4,2,Sales Executive,4,Divorced,9725,0,11,4,1,2,2,15,0,0.07249665809768645,0.25,0.2916666666666667,2.379102944965622,15.0,15.0,0.0625,0.5625,0.125
59,No,Travel_Rarely,Sales,1,2,2,3,3,Manager,4,Married,11904,3,14,3,1,1,1,6,0,0.13016297043010747,0.3333333333333333,0.7916666666666666,3.1408357430436116,1.5,6.0,0.5714285714285714,0.5714285714285714,0.14285714285714285
45,No,Travel_Rarely,Human Resources,24,4,2,3,1,Human Resources,2,Single,2177,1,16,1,0,3,3,6,0,0.13005971520440968,0.25,0.08333333333333333,1.02591816428779,3.0,6.0,0.42857142857142855,0.5714285714285714,0.42857142857142855
53,No,Travel_Frequently,Sales,2,3,3,2,3,Sales Executive,2,Married,7525,2,12,1,1,2,3,15,6,0.15395481727574753,0.25,0.08333333333333333,1.9500276191764303,5.0,2.142857142857143,0.4375,0.75,0.125
36,Yes,Travel_Rarely,Research & Development,15,3,1,3,2,Laboratory Technician,3,Divorced,4834,7,14,2,1,3,2,1,0,0.10192594124948284,0.20833333333333334,0.20833333333333334,1.8453738505952535,0.125,1.0,0.0,0.0,1.5
26,Yes,Travel_Frequently,Research & Development,2,3,1,3,1,Research Scientist,1,Married,2042,6,14,2,1,2,3,3,1,0.1704750244857983,0.20833333333333334,0.7083333333333334,1.4367966546089743,0.42857142857142855,1.5,0.5,0.5,0.5
34,No,Travel_Rarely,Sales,10,4,3,3,1,Sales Representative,3,Married,2220,1,19,4,1,2,3,1,0,0.1793198198198199,0.3333333333333333,0.7916666666666666,2.5426532680847767,0.5,1.0,0.5,0.0,1.0
28,No,Travel_Rarely,Sales,10,1,4,3,1,Sales Representative,2,Married,1052,1,22,2,0,5,3,1,0,0.1501330798479088,0.3333333333333333,0.0,6.711874686928551,0.5,1.0,0.0,0.0,2.5
38,No,Travel_Frequently,Research & Development,3,4,3,3,1,Research Scientist,3,Married,2821,3,16,1,1,2,3,2,2,0.11304501949663243,0.3333333333333333,0.125,2.1716671603684423,0.5,0.6666666666666666,0.6666666666666666,0.6666666666666666,0.6666666666666666
50,No,Travel_Rarely,Research & Development,2,4,2,3,5,Research Director,3,Married,19237,2,11,4,1,2,2,8,7,0.10571034984664965,0.2916666666666667,0.7916666666666666,1.7198974841315586,2.6666666666666665,1.0,0.1111111111111111,0.7777777777777778,0.2222222222222222
37,No,Travel_Rarely,Research & Development,3,3,4,3,2,Healthcare Representative,2,Single,4107,3,15,1,0,3,2,4,0,0.07018018018018007,0.25,0.08333333333333333,2.382936943810209,1.0,4.0,0.6,0.2,0.6
40,No,Travel_Rarely,Sales,26,3,3,3,2,Sales Executive,1,Married,8396,1,14,2,1,3,2,7,7,0.09241900905192958,0.25,0.041666666666666664,1.4140629296067952,3.5,0.875,0.875,0.625,0.375
26,No,Travel_Frequently,Research & Development,1,1,1,2,1,Research Scientist,3,Divorced,2007,1,13,3,2,5,3,5,1,0.17607872446437461,0.25,0.08333333333333333,2.098115292413125,2.5,2.5,0.5,0.5,0.8333333333333334
46,No,Travel_Rarely,Research & Development,1,4,4,3,5,Research Director,4,Divorced,19627,9,17,4,2,0,3,2,2,0.06991287512100679,0.2916666666666667,0.08333333333333333,2.3571572893609583,0.2,0.6666666666666666,0.6666666666666666,0.6666666666666666,0.0
54,No,Travel_Rarely,Sales,2,4,3,2,3,Sales Executive,3,Married,10686,6,11,2,1,4,3,9,7,0.09371701291409312,0.20833333333333334,0.0,1.3534954971924387,1.2857142857142858,1.125,0.4,0.0,0.4
56,No,Travel_Frequently,Research & Development,9,3,1,3,1,Research Scientist,3,Married,2942,2,19,2,1,4,3,5,0,0.17505098572399727,0.2916666666666667,0.08333333333333333,1.8003511180337388,1.6666666666666667,5.0,0.6666666666666666,0.5,0.6666666666666666
36,No,Travel_Rarely,Research & Development,12,5,4,2,3,Manufacturing Director,4,Single,8858,0,11,2,0,2,2,14,7,0.1316493565138857,0.20833333333333334,0.0,0.9975217333537691,14.0,1.75,0.5333333333333333,0.5333333333333333,0.13333333333333333
55,No,Non-Travel,Research & Development,2,1,3,2,4,Manager,1,Single,16756,7,15,2,0,3,4,9,6,0.0533015039388875,0.25,0.125,1.9044106771705034,1.125,1.2857142857142858,0.7,0.2,0.3
43,No,Travel_Rarely,Sales,25,3,3,2,3,Sales Executive,4,Divorced,10798,5,13,3,1,5,3,1,0,0.10569642526393772,0.2916666666666667,0.08333333333333333,2.9573614579886733,0.16666666666666666,1.0,0.0,0.0,2.5
20,Yes,Travel_Frequently,Sales,9,3,4,3,1,Sales Representative,4,Single,2323,1,14,2,0,3,3,2,0,0.17359018510546706,0.20833333333333334,0.5833333333333334,1.2162457936608777,1.0,2.0,0.6666666666666666,0.6666666666666666,1.0
21,Yes,Travel_Rarely,Research & Development,10,3,3,2,1,Laboratory Technician,1,Single,1416,1,13,1,0,6,2,1,1,0.06641242937853105,0.25,0.08333333333333333,1.208840757594477,0.5,0.5,0.0,0.0,3.0
46,No,Travel_Rarely,Research & Development,8,4,4,2,2,Research Scientist,1,Divorced,4615,8,23,1,3,2,3,16,1,0.16050054171180933,0.3333333333333333,0.7916666666666666,6.997842408768583,1.7777777777777777,8.0,0.7647058823529411,0.4117647058823529,0.11764705882352941
51,Yes,Travel_Rarely,Research & Development,4,4,1,3,1,Research Scientist,3,Married,2461,9,12,3,3,2,4,10,2,0.08393336042259242,0.25,0.75,1.8251224953554117,1.0,3.3333333333333335,0.0,0.6363636363636364,0.18181818181818182
28,Yes,Non-Travel,Research & Development,24,2,2,2,3,Healthcare Representative,1,Single,8722,1,12,1,0,2,2,10,1,0.055433386837881196,0.2916666666666667,0.125,2.1132861692666776,5.0,5.0,0.6363636363636364,0.8181818181818182,0.18181818181818182
26,No,Travel_Rarely,Research & Development,1,2,1,2,1,Laboratory Technician,1,Married,3955,1,16,1,2,2,3,5,1,0.09371934260429832,0.25,0.08333333333333333,1.9929872739612542,2.5,2.5,0.5,0.5,0.3333333333333333
30,No,Travel_Rarely,Research & Development,20,3,3,3,2,Manufacturing Director,1,Married,9957,0,15,3,1,1,2,6,0,0.08592447524354718,0.3333333333333333,0.20833333333333334,1.3637177323271423,6.0,6.0,0.2857142857142857,0.2857142857142857,0.14285714285714285
41,No,Travel_Rarely,Research & Development,7,2,2,4,1,Research Scientist,3,Married,3376,1,13,3,0,3,3,10,0,0.173696682464455,0.25,0.16666666666666666,1.8616109087201163,5.0,10.0,0.5454545454545454,0.7272727272727273,0.2727272727272727
38,No,Travel_Rarely,Research & Development,17,1,3,2,3,Healthcare Representative,3,Married,8823,0,18,1,1,4,2,19,1,0.15825456194038318,0.25,0.041666666666666664,1.6968756167448726,19.0,9.5,0.45,0.45,0.2
40,No,Travel_Rarely,Research & Development,20,4,1,3,3,Healthcare Representative,4,Married,10322,4,20,4,1,6,3,11,11,0.16164212361945354,0.3333333333333333,0.08333333333333333,5.6799344366192175,2.2,0.9166666666666666,0.8333333333333334,0.08333333333333333,0.5
27,No,Non-Travel,Research & Development,8,5,1,1,1,Laboratory Technician,3,Married,4621,1,19,4,3,4,3,3,1,0.08986799394070542,0.2916666666666667,0.0,1.979604856036323,1.5,1.5,0.5,0.5,1.0
55,No,Travel_Frequently,Research & Development,2,1,4,3,3,Manufacturing Director,2,Married,10976,3,18,2,1,4,3,3,1,0.11192693148688049,0.2916666666666667,0.16666666666666666,2.2730714765659754,0.75,1.5,0.5,0.5,1.0
28,No,Travel_Rarely,Research & Development,10,3,3,3,2,Research Scientist,3,Single,3660,3,13,4,0,4,4,8,1,0.1389726775956285,0.20833333333333334,0.08333333333333333,1.8740590106753323,2.0,4.0,0.7777777777777778,0.7777777777777778,0.4444444444444444
44,Yes,Travel_Rarely,Human Resources,1,2,2,2,3,Human Resources,1,Married,10482,9,14,4,1,1,3,20,3,0.16515168860904414,0.25,0.125,1.8216413907971931,2.0,5.0,0.2857142857142857,0.2857142857142857,0.047619047619047616
33,No,Travel_Rarely,Research & Development,5,3,4,2,3,Healthcare Representative,4,Divorced,7119,4,15,3,1,2,3,3,1,0.07194128388818649,0.2916666666666667,0.08333333333333333,1.6105372939710219,0.6,1.5,0.5,0.5,0.5
35,Yes,Travel_Rarely,Sales,4,3,4,3,3,Sales Executive,1,Single,9582,0,22,1,0,2,3,8,4,0.07531099979127523,0.3333333333333333,0.875,4.064325176857191,8.0,1.6,0.7777777777777778,0.7777777777777778,0.2222222222222222
33,Yes,Travel_Frequently,Research & Development,29,4,1,2,2,Research Scientist,3,Single,4508,1,22,2,0,4,3,13,3,0.16289707187222718,0.3333333333333333,0.08333333333333333,4.46455795822638,6.5,3.25,0.5,0.5714285714285714,0.2857142857142857
28,No,Travel_Rarely,Research & Development,15,2,1,3,1,Laboratory Technician,3,Divorced,2207,1,16,4,1,5,2,4,2,0.13954236520163107,0.3333333333333333,0.08333333333333333,1.7656472475118086,2.0,1.3333333333333333,0.4,0.4,1.0
34,No,Travel_Frequently,Research & Development,3,1,1,3,2,Healthcare Representative,4,Single,7756,0,17,3,0,1,2,6,0,0.07948942753996911,0.2916666666666667,0.0,1.4359036042984725,6.0,6.0,0.2857142857142857,0.5714285714285714,0.14285714285714285
37,No,Travel_Rarely,Sales,10,4,4,2,2,Sales Executive,4,Divorced,6694,2,14,3,3,5,3,1,0,0.1574738571855393,0.2916666666666667,0.6666666666666666,2.19046094769018,0.3333333333333333,1.0,0.0,0.0,2.5
25,Yes,Travel_Rarely,Research & Development,4,1,4,3,1,Laboratory Technician,4,Married,3691,1,15,2,1,3,4,7,5,0.16068274180438905,0.2916666666666667,0.8333333333333334,1.5452491325278068,3.5,1.1666666666666667,0.875,0.75,0.375
26,Yes,Travel_Rarely,Research & Development,21,3,1,3,1,Laboratory Technician,3,Divorced,2377,1,20,3,1,0,2,1,0,0.10363483382414815,0.3333333333333333,0.041666666666666664,5.731743574770248,0.5,1.0,0.5,0.0,0.0
33,Yes,Travel_Rarely,Research & Development,25,3,1,2,1,Research Scientist,2,Single,2313,4,20,2,0,0,3,2,2,0.16939472546476436,0.3333333333333333,0.6666666666666666,6.522101607407747,0.4,0.6666666666666666,0.6666666666666666,0.6666666666666666,0.0
42,No,Travel_Rarely,Research & Development,2,2,4,3,4,Manager,1,Married,17665,0,17,4,1,3,3,22,13,0.14642796490234936,0.2916666666666667,0.125,1.9610711916796444,22.0,1.5714285714285714,0.2608695652173913,0.30434782608695654,0.13043478260869565
28,Yes,Travel_Frequently,Research & Development,1,3,1,2,1,Laboratory Technician,2,Divorced,2596,1,15,1,2,2,3,1,0,0.16219953775038526,0.25,0.041666666666666664,2.4347336742808476,0.5,1.0,0.0,0.0,1.0
50,Yes,Travel_Frequently,Sales,1,4,4,3,2,Sales Executive,3,Single,4728,3,14,4,0,4,3,0,0,0.08810490693739433,0.25,0.7083333333333334,1.6893625699244506,0.0,0.0,0.0,0.0,4.0
33,No,Travel_Frequently,Sales,7,3,4,3,2,Sales Executive,2,Married,4302,0,17,3,1,3,3,3,0,0.13068340306834025,0.25,0.125,1.5489189144272157,3.0,3.0,0.5,0.5,0.75
34,No,Non-Travel,Research & Development,3,4,3,2,1,Research Scientist,4,Married,2979,3,17,4,3,2,3,0,0,0.13213494461228603,0.25,0.08333333333333333,1.1658122405421096,0.0,0.0,0.0,0.0,2.0
48,No,Non-Travel,Research & Development,1,4,1,4,4,Manager,4,Single,16885,2,22,3,0,3,2,5,2,0.05546402132069875,0.3333333333333333,0.16666666666666666,6.39517977422458,1.6666666666666667,1.6666666666666667,0.6666666666666666,0.16666666666666666,0.5
45,No,Non-Travel,Sales,9,4,2,2,2,Sales Executive,3,Married,5593,1,13,4,1,2,3,15,4,0.06151796888968348,0.25,0.08333333333333333,2.2536826503040173,7.5,3.0,0.625,0.75,0.125
52,No,Travel_Rarely,Research & Development,7,4,2,3,3,Healthcare Representative,2,Single,10445,7,19,4,0,4,3,8,4,0.07885303973192923,0.25,0.125,2.1186157308358107,1.0,1.6,0.6666666666666666,0.0,0.4444444444444444
38,No,Travel_Rarely,Sales,10,4,3,2,3,Sales Executive,3,Divorced,8740,0,14,2,2,2,3,8,2,0.17039702517162478,0.2916666666666667,0.7083333333333334,1.3082738555569087,8.0,2.6666666666666665,0.7777777777777778,0.7777777777777778,0.2222222222222222
29,No,Travel_Rarely,Research & Development,28,4,3,3,1,Research Scientist,4,Divorced,2514,4,22,1,1,1,3,7,1,0.08770883054892602,0.3333333333333333,0.08333333333333333,4.651233445648398,1.4,3.5,0.625,0.875,0.125
28,No,Travel_Rarely,Research & Development,3,3,4,3,3,Manufacturing Director,2,Divorced,7655,0,17,2,3,3,2,9,1,0.05388765512736776,0.2916666666666667,0.08333333333333333,1.3175456677326733,9.0,4.5,0.7,0.7,0.3
46,No,Travel_Rarely,Sales,3,1,1,3,4,Manager,3,Married,17465,3,12,4,1,3,3,12,4,0.11085256226739197,0.3333333333333333,0.041666666666666664,3.053102793541224,3.0,2.4,0.6923076923076923,0.6923076923076923,0.23076923076923078
38,No,Travel_Rarely,Sales,2,2,4,3,3,Sales Executive,2,Single,7351,7,16,3,0,2,3,1,0,0.12171541286899736,0.2916666666666667,0.08333333333333333,2.629342595654396,0.125,1.0,0.0,0.0,1.0
43,No,Travel_Frequently,Research & Development,27,3,3,3,3,Manufacturing Director,1,Married,10820,8,11,3,1,1,3,8,0,0.10904621072088717,0.2916666666666667,0.125,2.528230533500713,0.8888888888888888,8.0,0.7777777777777778,0.1111111111111111,0.1111111111111111
39,Yes,Travel_Frequently,Research & Development,2,3,1,3,4,Healthcare Representative,4,Divorced,12169,7,11,4,3,4,3,18,11,0.1415029994247679,0.20833333333333334,0.08333333333333333,1.0383165114396289,2.25,1.5,0.3684210526315789,0.2631578947368421,0.21052631578947367
40,No,Travel_Rarely,Research & Development,14,3,3,2,5,Research Director,3,Single,19626,1,14,1,0,2,4,20,4,0.07792316315092224,0.20833333333333334,0.125,2.059184204925196,10.0,4.0,0.3333333333333333,0.42857142857142855,0.09523809523809523
21,No,Travel_Rarely,Research & Development,1,1,4,2,1,Research Scientist,2,Single,2070,1,11,3,0,6,4,2,2,0.12833333333333338,0.25,0.5833333333333334,1.9560272206042344,1.0,0.6666666666666666,0.6666666666666666,0.6666666666666666,2.0
39,No,Non-Travel,Research & Development,9,3,3,3,2,Laboratory Technician,2,Single,6782,9,15,3,0,2,2,5,0,0.11246092598053672,0.08333333333333333,0.08333333333333333,0.6652230287876426,0.5,5.0,0.6666666666666666,0.5,0.3333333333333333
36,No,Non-Travel,Research & Development,18,4,1,3,2,Manufacturing Director,4,Single,7779,2,20,1,0,0,3,11,0,0.12378069160560476,0.3333333333333333,0.125,3.7689252818704078,3.6666666666666665,11.0,0.75,0.75,0.0
31,No,Travel_Frequently,Sales,20,3,3,4,1,Sales Representative,4,Married,2791,0,12,1,1,4,3,2,2,0.1055858115370835,0.20833333333333334,0.041666666666666664,1.9965579882523206,2.0,0.6666666666666666,0.6666666666666666,0.6666666666666666,1.3333333333333333
28,No,Travel_Rarely,Research & Development,2,1,1,2,1,Research Scientist,2,Married,3201,0,17,1,0,2,1,5,0,0.0797688222430491,0.3333333333333333,0.041666666666666664,1.9850179452389716,5.0,5.0,0.5,0.6666666666666666,0.3333333333333333
35,No,Travel_Frequently,Sales,11,2,4,3,2,Sales Executive,4,Divorced,4968,1,11,4,1,3,3,5,0,0.12581521739130438,0.2916666666666667,0.2916666666666667,1.4472150582295762,2.5,5.0,0.3333333333333333,0.3333333333333333,0.5
49,No,Travel_Rarely,Sales,8,4,4,2,4,Sales Executive,2,Married,13120,6,17,2,1,3,3,9,2,0.1190114329268293,0.25,0.08333333333333333,1.4272107585832814,1.2857142857142858,3.0,0.8,0.3,0.3
34,No,Travel_Frequently,Research & Development,2,2,4,3,2,Manufacturing Director,3,Single,4033,2,11,4,0,3,2,3,0,0.07773121745598804,0.2916666666666667,0.20833333333333334,1.3106580910645682,1.0,3.0,0.5,0.5,0.75
29,No,Travel_Frequently,Research & Development,10,3,4,3,1,Research Scientist,2,Divorced,3291,0,14,4,2,2,2,7,1,0.15465512002430867,0.25,0.041666666666666664,2.2075530944512463,7.0,3.5,0.625,0.125,0.25
42,No,Travel_Rarely,Research & Development,29,3,2,1,2,Laboratory Technician,4,Single,4272,4,19,1,0,3,3,1,0,0.09166198501872658,0.25,0.08333333333333333,1.768617191796135,0.2,1.0,0.0,0.0,1.5
29,No,Travel_Rarely,Research & Development,8,1,2,2,2,Manufacturing Director,4,Married,5056,1,15,3,1,2,2,10,1,0.0915308544303797,0.3333333333333333,0.7083333333333334,2.6491323093750556,5.0,5.0,0.6363636363636364,0.18181818181818182,0.18181818181818182
38,No,Travel_Rarely,Human Resources,1,3,3,4,1,Human Resources,3,Married,2844,1,13,4,1,2,4,7,5,0.08791490857946561,0.20833333333333334,0.20833333333333334,1.9000721496116584,3.5,1.1666666666666667,0.75,0.0,0.25
28,No,Travel_Frequently,Research & Development,6,3,3,2,1,Research Scientist,3,Divorced,2703,1,14,4,1,2,3,3,0,0.1302330743618202,0.20833333333333334,0.9166666666666666,1.9029130463455814,1.5,3.0,0.25,0.5,0.5
18,Yes,Non-Travel,Research & Development,8,1,3,3,1,Laboratory Technician,3,Single,1904,1,12,4,0,0,3,0,0,0.06676995798319334,0.25,0.08333333333333333,1.4993574968721914,0.0,0.0,0.0,0.0,0.0
33,Yes,Travel_Rarely,Sales,9,4,1,3,2,Sales Executive,1,Single,8224,0,17,1,0,3,3,5,0,0.05835603112840468,0.2916666666666667,0.9166666666666666,1.1976554058935198,5.0,5.0,0.3333333333333333,0.5,0.5
41,No,Travel_Rarely,Research & Development,12,4,2,3,1,Laboratory Technician,4,Married,4766,3,11,1,1,4,3,1,0,0.09842215694502726,0.20833333333333334,0.625,1.7287626936652885,0.25,1.0,0.0,0.0,2.0
31,Yes,Travel_Frequently,Research & Development,15,3,3,3,1,Laboratory Technician,3,Married,2610,1,12,3,1,5,2,2,2,0.11998084291187743,0.3333333333333333,0.08333333333333333,2.1370535615395134,1.0,0.6666666666666666,0.6666666666666666,0.6666666666666666,1.6666666666666667
37,No,Travel_Rarely,Research & Development,25,2,3,2,2,Healthcare Representative,4,Divorced,5731,7,13,3,2,2,3,6,1,0.10758331879253191,0.20833333333333334,0.125,1.3870959212189025,0.75,3.0,0.2857142857142857,0.42857142857142855,0.2857142857142857
27,No,Travel_Rarely,Research & Development,6,3,4,2,1,Research Scientist,3,Married,2539,1,13,3,1,0,3,4,2,0.11781803859787313,0.3333333333333333,0.08333333333333333,2.900687708908635,2.0,1.3333333333333333,0.4,0.4,0.0
34,No,Travel_Rarely,Sales,9,1,2,3,2,Sales Executive,3,Married,5714,1,20,1,0,3,2,6,1,0.1379786489324466,0.3333333333333333,0.08333333333333333,6.325995348179031,3.0,3.0,0.7142857142857143,0.42857142857142855,0.42857142857142855
35,No,Travel_Rarely,Human Resources,8,4,3,3,1,Human Resources,3,Single,4323,1,17,2,0,2,1,5,1,0.16045570205875542,0.3333333333333333,0.0,3.2186052346996243,2.5,2.5,0.6666666666666666,0.6666666666666666,0.3333333333333333
29,Yes,Travel_Rarely,Sales,23,1,4,2,3,Sales Executive,1,Married,7336,1,13,1,1,3,1,11,3,0.13278762268266076,0.2916666666666667,0.041666666666666664,2.659332490069459,5.5,2.75,0.6666666666666666,0.8333333333333334,0.25
40,No,Travel_Frequently,Research & Development,9,4,2,3,3,Research Director,3,Single,13499,9,17,3,0,3,2,18,2,0.13548633232091267,0.2916666666666667,0.08333333333333333,2.2813314829487266,1.8,6.0,0.3684210526315789,0.6842105263157895,0.15789473684210525
42,Yes,Travel_Frequently,Sales,12,3,3,3,4,Sales Executive,1,Single,13758,0,12,2,0,2,2,21,13,0.07448902456752433,0.2916666666666667,0.7083333333333334,2.8970437535329645,21.0,1.5,0.4090909090909091,0.6363636363636364,0.09090909090909091
42,No,Travel_Rarely,Sales,4,4,2,3,2,Sales Executive,1,Single,5155,7,13,4,0,3,4,6,1,0.1452143549951503,0.25,0.041666666666666664,2.2288492115868306,0.75,3.0,0.5714285714285714,0.7142857142857143,0.42857142857142855
35,No,Travel_Rarely,Research & Development,1,4,4,2,1,Laboratory Technician,3,Married,2258,6,12,2,1,2,3,8,1,0.13400354295837022,0.3333333333333333,0.08333333333333333,2.309670760542179,1.1428571428571428,4.0,0.0,0.7777777777777778,0.2222222222222222
24,No,Travel_Rarely,Research & Development,24,3,4,3,1,Laboratory Technician,2,Single,3597,8,22,4,0,2,3,4,1,0.13816791770920206,0.3333333333333333,0.08333333333333333,4.045715398754767,0.4444444444444444,2.0,0.6,0.4,0.4
28,Yes,Travel_Rarely,Research & Development,12,1,3,3,1,Laboratory Technician,4,Married,2515,1,11,4,0,4,2,1,0,0.09383300198807148,0.25,0.875,1.0413157597255882,0.5,1.0,0.5,0.0,2.0
26,No,Travel_Rarely,Research & Development,3,4,1,4,1,Laboratory Technician,4,Married,4420,1,22,2,1,2,3,8,0,0.08362895927601817,0.32,0.04,5.9307278142807425,4.0,8.0,0.7777777777777778,0.7777777777777778,0.2222222222222222
30,No,Travel_Rarely,Sales,10,3,3,2,2,Sales Executive,3,Married,6578,1,18,1,1,3,3,10,1,0.10739738522347218,0.2916666666666667,0.08333333333333333,2.6302739955792065,5.0,5.0,0.2727272727272727,0.36363636363636365,0.2727272727272727
40,No,Travel_Frequently,Research & Development,26,2,3,2,2,Research Scientist,4,Married,4422,3,13,4,1,3,1,1,0,0.10171641791044775,0.2916666666666667,0.625,2.0878308868829283,0.25,1.0,0.5,0.0,1.5
35,No,Travel_Rarely,Research & Development,2,3,3,2,3,Manufacturing Director,2,Divorced,10274,2,18,2,1,2,4,7,6,0.05015281292583224,0.3333333333333333,0.25,2.3718709865025325,2.3333333333333335,1.0,0.875,0.5,0.25
34,No,Travel_Frequently,Research & Development,1,3,4,2,2,Healthcare Representative,1,Single,5343,0,20,3,0,3,3,13,4,0.07295901179112853,0.3333333333333333,0.08333333333333333,4.836561031791566,13.0,2.6,0.6428571428571429,0.6428571428571429,0.21428571428571427
35,No,Travel_Frequently,Research & Development,4,4,4,2,1,Laboratory Technician,4,Married,2376,1,13,2,1,2,4,2,2,0.16271885521885518,0.3333333333333333,0.0,3.308878582060764,1.0,0.6666666666666666,0.6666666666666666,0.6666666666666666,0.6666666666666666
43,Yes,Travel_Rarely,Sales,9,3,1,1,2,Sales Executive,3,Single,5346,8,13,2,0,2,2,4,1,0.09931163486719044,0.25,0.125,1.1821436804148096,0.4444444444444444,2.0,0.6,0.6,0.4
32,No,Non-Travel,Sales,2,1,3,3,1,Sales Representative,1,Divorced,2827,1,12,3,3,3,3,1,0,0.08165192783869824,0.2916666666666667,0.125,1.436575390840209,0.5,1.0,0.0,0.0,1.5
56,No,Travel_Rarely,Research & Development,4,4,4,3,5,Manager,1,Divorced,19943,4,13,4,1,2,3,5,4,0.0692137592137593,0.25,0.125,2.2876398264638507,1.0,1.0,0.3333333333333333,0.3333333333333333,0.3333333333333333
29,No,Travel_Rarely,Research & Development,6,1,2,3,1,Laboratory Technician,4,Married,3131,1,13,1,1,5,3,10,0,0.11167678058128389,0.125,0.08333333333333333,1.0958121293363414,5.0,10.0,0.7272727272727273,0.7272727272727273,0.45454545454545453
19,No,Travel_Rarely,Research & Development,9,2,3,3,1,Research Scientist,1,Single,2552,1,25,3,0,4,3,1,0,0.17788401253918495,0.3333333333333333,0.041666666666666664,5.032068592200209,0.5,1.0,0.5,0.0,2.0
45,No,Travel_Rarely,Research & Development,7,3,1,3,1,Research Scientist,3,Married,4477,4,19,3,1,2,2,3,0,0.1775541657359839,0.25,0.6666666666666666,1.6470791802097147,0.6,3.0,0.5,0.5,0.5
37,No,Travel_Rarely,Research & Development,1,3,4,2,2,Manufacturing Director,4,Married,6474,1,13,2,1,2,2,14,3,0.09577849860982386,0.2916666666666667,0.16666666666666666,1.5148529747930222,7.0,3.5,0.5333333333333333,0.7333333333333333,0.13333333333333333
20,No,Travel_Rarely,Research & Development,3,3,1,2,1,Laboratory Technician,3,Single,3033,1,12,1,0,2,2,2,1,0.12023738872403555,0.3333333333333333,0.125,2.2095263153445597,1.0,1.0,0.6666666666666666,0.6666666666666666,0.6666666666666666
44,Yes,Travel_Rarely,Research & Development,10,4,3,3,1,Research Scientist,3,Single,2936,1,11,3,0,4,3,6,0,0.17742166212534055,0.16666666666666666,0.75,0.8043545196377576,3.0,6.0,0.5714285714285714,0.2857142857142857,0.5714285714285714
53,No,Travel_Rarely,Research & Development,7,2,4,3,5,Manager,3,Divorced,18606,3,18,2,1,6,3,7,4,0.09447597549177683,0.25,0.0,2.2525722041655145,1.75,1.4,0.875,0.875,0.75
29,No,Travel_Rarely,Research & Development,15,1,2,1,1,Research Scientist,4,Married,2168,0,18,1,1,2,2,5,1,0.1526660516605166,0.16666666666666666,0.6666666666666666,1.3833251889544669,5.0,2.5,0.6666666666666666,0.5,0.3333333333333333
22,Yes,Travel_Frequently,Research & Development,3,4,3,2,1,Research Scientist,4,Married,2853,0,11,2,1,5,3,0,0,0.059172800560813234,0.3333333333333333,0.9166666666666666,2.7260847730502342,0.0,0.0,0.0,0.0,5.0
46,No,Travel_Rarely,Sales,2,3,3,3,4,Manager,1,Married,17048,8,23,1,0,2,3,26,15,0.09886966213045512,0.3333333333333333,0.08333333333333333,5.554671709664061,2.888888888888889,1.625,0.5555555555555556,0.3333333333333333,0.07407407407407407
44,No,Non-Travel,Research & Development,17,3,4,1,1,Research Scientist,3,Single,2290,2,13,4,0,3,3,0,0,0.13580786026200872,0.20833333333333334,0.0,1.2574479076976064,0.0,0.0,0.0,0.0,3.0
33,No,Travel_Rarely,Human Resources,2,3,2,3,1,Human Resources,3,Married,3600,1,13,4,1,2,3,5,1,0.15057222222222233,0.3333333333333333,0.125,2.639478630865998,2.5,2.5,0.6666666666666666,0.6666666666666666,0.3333333333333333
41,Yes,Non-Travel,Research & Development,5,2,1,2,1,Research Scientist,1,Divorced,2107,6,17,1,1,2,1,1,0,0.1459183673469387,0.2916666666666667,0.2916666666666667,1.6807108339138996,0.14285714285714285,1.0,0.0,0.0,1.0
30,No,Travel_Rarely,Sales,29,4,3,3,2,Sales Executive,1,Divorced,4115,8,19,3,3,3,3,4,0,0.06130498177399767,0.2916666666666667,0.0,2.8428266612346396,0.4444444444444444,4.0,0.6,0.6,0.6
40,No,Travel_Frequently,Sales,2,4,2,3,2,Sales Executive,2,Married,4327,5,12,4,3,2,3,0,0,0.17360295816963262,0.3333333333333333,0.08333333333333333,1.4348067989637698,0.0,0.0,0.0,0.0,2.0
50,No,Travel_Frequently,Research & Development,2,3,4,3,4,Manager,1,Married,17856,2,22,3,1,3,3,2,2,0.07829525089605739,0.3333333333333333,0.16666666666666666,5.542322131992771,0.6666666666666666,0.6666666666666666,0.6666666666666666,0.6666666666666666,1.0
28,No,Travel_Rarely,Research & Development,19,4,4,2,1,Laboratory Technician,1,Married,3196,1,12,3,3,2,3,6,3,0.09507822277847305,0.3333333333333333,0.08333333333333333,2.7609298405998297,3.0,1.5,0.7142857142857143,0.42857142857142855,0.2857142857142857
46,No,Travel_Rarely,Research & Development,15,2,4,3,5,Research Director,2,Married,19081,5,11,1,1,2,3,4,0,0.10233740370001576,0.2916666666666667,0.08333333333333333,2.236211935288139,0.6666666666666666,4.0,0.4,0.6,0.4
35,No,Travel_Rarely,Sales,17,4,3,3,2,Sales Executive,1,Married,8966,3,15,4,3,2,3,7,1,0.07224291768904746,0.25,0.7083333333333334,1.7021785227692279,1.75,3.5,0.875,0.875,0.25
24,Yes,Travel_Rarely,Research & Development,17,2,4,3,1,Laboratory Technician,2,Married,2210,1,13,1,1,3,1,1,0,0.06889592760181006,0.3333333333333333,0.125,1.814347098954711,0.5,1.0,0.0,0.0,1.5
33,No,Travel_Frequently,Sales,25,3,2,3,2,Sales Executive,3,Married,4539,1,12,1,1,3,2,10,0,0.0905089226701916,0.2916666666666667,0.16666666666666666,1.53503003317693,5.0,10.0,0.6363636363636364,0.09090909090909091,0.2727272727272727
36,No,Travel_Rarely,Research & Development,6,4,3,1,1,Laboratory Technician,3,Divorced,2741,1,14,3,1,4,3,7,1,0.1640459686245896,0.20833333333333334,0.08333333333333333,1.7154636318458256,3.5,3.5,0.875,0.875,0.5
30,No,Travel_Rarely,Research & Development,7,4,3,3,2,Laboratory Technician,3,Divorced,3491,1,13,1,3,4,2,10,8,0.17249785161844744,0.25,0.08333333333333333,1.4774953671699935,5.0,1.1111111111111112,0.6363636363636364,0.8181818181818182,0.36363636363636365
44,No,Travel_Rarely,Research & Development,29,4,4,3,2,Research Scientist,4,Single,4541,1,25,2,0,3,3,20,13,0.16391543712838585,0.3333333333333333,0.125,3.8541033870453747,10.0,1.4285714285714286,0.5238095238095238,0.8095238095238095,0.14285714285714285
20,No,Travel_Rarely,Sales,21,3,3,4,1,Sales Representative,4,Single,2678,1,17,4,0,2,3,2,2,0.13428678117998502,0.2916666666666667,0.08333333333333333,1.9907157752629336,1.0,0.6666666666666666,0.3333333333333333,0.6666666666666666,0.6666666666666666
46,No,Travel_Rarely,Research & Development,2,4,4,3,2,Manufacturing Director,4,Divorced,7379,2,11,3,1,3,2,6,1,0.1636143108822333,0.2916666666666667,0.0,2.517034542252373,2.0,3.0,0.42857142857142855,0.5714285714285714,0.42857142857142855
42,No,Non-Travel,Human Resources,2,5,4,4,2,Human Resources,1,Married,6272,7,16,1,1,3,4,4,0,0.15763233418367348,0.20833333333333334,0.041666666666666664,1.2710680471397144,0.5,4.0,0.6,0.6,0.6
60,No,Travel_Rarely,Sales,7,4,2,4,2,Sales Executive,4,Divorced,5220,0,18,2,1,3,3,11,1,0.07767432950191572,0.25,0.7083333333333334,2.1369687616461492,11.0,5.5,0.5833333333333334,0.75,0.25
32,No,Travel_Frequently,Research & Development,13,3,3,2,1,Laboratory Technician,2,Married,2743,1,20,3,1,2,3,2,2,0.1027633977397011,0.3333333333333333,0.125,6.271237521854378,1.0,0.6666666666666666,0.6666666666666666,0.6666666666666666,0.6666666666666666
32,No,Travel_Frequently,Research & Development,2,2,4,3,2,Research Scientist,3,Single,4998,4,14,4,0,2,3,8,0,0.08197478991596639,0.20833333333333334,0.6666666666666666,1.4726676777400287,1.6,8.0,0.7777777777777778,0.7777777777777778,0.2222222222222222
36,No,Travel_Rarely,Research & Development,1,3,3,1,3,Manufacturing Director,1,Divorced,10252,2,21,3,1,2,3,7,7,0.09116562621927421,0.3333333333333333,0.7916666666666666,3.8945583358751548,2.3333333333333335,0.875,0.875,0.875,0.25
33,No,Travel_Rarely,Research & Development,9,3,1,3,1,Research Scientist,4,Married,2781,0,13,2,1,5,3,14,4,0.17376483279395893,0.2916666666666667,0.08333333333333333,1.639358888949315,14.0,2.8,0.6666666666666666,0.6666666666666666,0.3333333333333333
40,No,Travel_Rarely,Sales,10,3,2,2,2,Sales Executive,2,Divorced,6852,7,12,2,1,2,4,5,1,0.10306479859894918,0.2916666666666667,0.041666666666666664,2.833679868045249,0.625,2.5,0.16666666666666666,0.5,0.3333333333333333
25,No,Travel_Rarely,Sales,10,4,3,3,2,Sales Executive,4,Single,4950,0,14,2,0,4,3,4,1,0.10794949494949502,0.2916666666666667,0.0,1.6503215930474795,4.0,2.0,0.6,0.2,0.8
30,No,Travel_Rarely,Research & Development,1,3,4,3,1,Research Scientist,2,Married,3579,0,21,1,1,2,3,11,5,0.09635093601564687,0.3333333333333333,0.75,4.56084007709911,11.0,1.8333333333333333,0.75,0.5833333333333334,0.16666666666666666
42,No,Travel_Frequently,Research & Development,26,5,1,3,3,Research Director,1,Married,13191,3,17,3,0,6,3,1,0,0.07872337199605796,0.3333333333333333,0.75,2.2610990932845763,0.25,1.0,0.0,0.0,3.0
35,No,Non-Travel,Sales,8,2,3,2,3,Sales Executive,4,Married,10377,4,11,2,1,6,2,13,4,0.1577488676881564,0.25,0.875,1.8312138163826899,2.6,2.6,0.14285714285714285,0.8571428571428571,0.42857142857142855
27,No,Travel_Rarely,Research & Development,14,3,1,3,1,Research Scientist,1,Married,2235,1,14,4,2,3,2,9,6,0.07578970917225945,0.25,0.7916666666666666,1.7101148418409076,4.5,1.2857142857142858,0.7,0.8,0.3
54,No,Travel_Frequently,Research & Development,1,4,4,3,3,Manufacturing Director,3,Divorced,10502,7,17,1,1,2,1,5,1,0.10600266615882686,0.25,0.08333333333333333,2.106502012690182,0.625,2.5,0.6666666666666666,0.6666666666666666,0.3333333333333333
44,No,Travel_Rarely,Research & Development,2,1,1,4,1,Research Scientist,4,Married,2011,1,13,4,1,5,3,10,7,0.11380905022376922,0.2916666666666667,0.041666666666666664,1.6228663606871925,5.0,1.25,0.45454545454545453,0.6363636363636364,0.45454545454545453
19,Yes,Non-Travel,Research & Development,10,3,1,2,1,Research Scientist,2,Single,1859,1,25,2,0,2,4,1,0,0.0843249058633674,0.3333333333333333,0.7083333333333334,3.5309402161120653,0.5,1.0,0.5,0.0,1.0
29,No,Travel_Rarely,Research & Development,1,3,1,3,1,Research Scientist,4,Divorced,3760,1,15,1,3,5,3,3,1,0.06327659574468086,0.25,0.16666666666666666,1.5215965453187534,1.5,1.5,0.5,0.5,1.25
54,No,Travel_Rarely,Research & Development,3,3,4,3,4,Research Director,4,Married,17779,3,14,1,0,2,3,10,0,0.11535181956240509,0.2916666666666667,0.16666666666666666,2.77276338994263,2.5,10.0,0.8181818181818182,0.8181818181818182,0.18181818181818182
31,No,Travel_Rarely,Research & Development,11,2,3,3,2,Healthcare Representative,1,Married,6833,1,12,4,0,2,2,6,0,0.16845894921703497,0.20833333333333334,0.625,1.5457986218291375,3.0,6.0,0.7142857142857143,0.14285714285714285,0.2857142857142857
31,No,Travel_Rarely,Research & Development,24,3,3,2,2,Healthcare Representative,1,Single,6812,1,19,2,0,2,3,10,1,0.1226042278332355,0.2916666666666667,0.08333333333333333,2.4168824430448983,5.0,5.0,0.8181818181818182,0.7272727272727273,0.18181818181818182
59,No,Travel_Rarely,Sales,3,3,3,2,2,Sales Executive,4,Single,5171,5,17,4,0,2,3,6,0,0.10192612647456979,0.2916666666666667,0.20833333333333334,1.2876793435496612,1.0,6.0,0.14285714285714285,0.7142857142857143,0.2857142857142857
43,No,Travel_Rarely,Research & Development,3,3,3,1,5,Research Director,4,Married,19740,3,14,2,1,2,3,8,0,0.16372593718338402,0.2916666666666667,0.08333333333333333,2.072600333838755,2.0,8.0,0.7777777777777778,0.7777777777777778,0.2222222222222222
49,No,Travel_Rarely,Research & Development,4,2,1,2,5,Manager,3,Married,18711,2,13,3,1,2,4,1,0,0.1723852279407835,0.20833333333333334,0.041666666666666664,1.9636738014910522,0.3333333333333333,1.0,0.0,0.0,1.0
36,No,Travel_Frequently,Research & Development,3,3,3,3,1,Research Scientist,2,Married,3692,1,12,3,0,2,2,11,0,0.1328981581798483,0.25,0.16666666666666666,2.4093475292489215,5.5,11.0,0.8333333333333334,0.5833333333333334,0.16666666666666666
48,No,Travel_Rarely,Research & Development,2,2,4,4,1,Laboratory Technician,2,Single,2559,5,11,3,0,4,2,1,0,0.13739742086752635,0.2916666666666667,0.125,1.8501583858733281,0.16666666666666666,1.0,0.0,0.0,2.0
27,No,Travel_Rarely,Research & Development,4,2,1,3,1,Research Scientist,3,Divorced,2517,1,11,2,3,2,3,5,0,0.05817640047675798,0.3333333333333333,0.08333333333333333,2.0611545116267695,2.5,5.0,0.5,0.5,0.3333333333333333
29,No,Travel_Rarely,Research & Development,7,3,3,3,2,Healthcare Representative,4,Divorced,6623,1,11,2,2,2,3,6,1,0.05216518194171822,0.20833333333333334,0.5416666666666666,1.614069352964683,3.0,3.0,0.0,0.0,0.2857142857142857
48,No,Travel_Rarely,Research & Development,1,3,4,2,5,Research Director,4,Single,18265,6,12,3,0,3,4,1,0,0.1395926635641938,0.25,0.08333333333333333,1.4872655835115591,0.14285714285714285,1.0,0.0,0.0,1.5
29,No,Travel_Rarely,Research & Development,1,3,4,2,4,Research Director,4,Divorced,16124,3,14,2,2,2,2,7,1,0.14974199950384512,0.3333333333333333,0.041666666666666664,1.934341610111694,1.75,3.5,0.875,0.875,0.25
34,No,Travel_Rarely,Research & Development,20,3,3,4,1,Research Scientist,3,Married,2585,0,17,4,0,5,2,1,0,0.12097872340425532,0.3333333333333333,0.08333333333333333,2.3236604606275244,1.0,1.0,0.0,0.0,2.5
44,No,Travel_Rarely,Sales,5,3,2,3,5,Manager,2,Married,18213,7,11,3,1,5,3,22,3,0.15249876461867892,0.25,0.16666666666666666,1.9304465607410406,2.75,5.5,0.391304347826087,0.43478260869565216,0.21739130434782608
33,No,Travel_Rarely,Sales,10,5,4,4,3,Sales Executive,3,Divorced,8380,0,14,4,2,3,3,9,0,0.05894630071599038,0.25,0.6666666666666666,1.7960249621888456,9.0,9.0,0.8,0.8,0.3
19,No,Travel_Rarely,Research & Development,25,3,2,4,1,Research Scientist,4,Single,2994,1,12,4,0,2,3,1,0,0.16412491649966596,0.25,0.5833333333333334,1.7880610847859106,0.5,1.0,0.0,0.5,1.0
23,No,Travel_Rarely,Research & Development,1,2,4,3,1,Research Scientist,3,Married,1223,1,22,4,1,2,3,1,0,0.14913327882256755,0.3333333333333333,0.08333333333333333,3.8905182648671213,0.5,1.0,0.0,0.5,1.0
25,Yes,Travel_Frequently,Sales,24,1,3,1,1,Sales Representative,4,Single,1118,1,14,4,0,4,3,1,1,0.1445080500894454,0.3333333333333333,0.5,2.5186568498568818,0.5,0.5,0.0,0.0,2.0
26,No,Travel_Rarely,Research & Development,4,2,3,3,1,Research Scientist,4,Single,2875,1,20,2,0,2,2,8,2,0.07170086956521735,0.3333333333333333,0.75,5.840863877159224,4.0,2.6666666666666665,0.5555555555555556,0.2222222222222222,0.2222222222222222
45,Yes,Travel_Rarely,Sales,2,3,1,1,5,Manager,2,Single,18824,2,16,1,0,2,3,24,1,0.1794639821504462,0.3333333333333333,0.9166666666666666,1.3999283712476964,8.0,12.0,0.4,0.44,0.08
55,No,Non-Travel,Research & Development,8,1,4,2,4,Healthcare Representative,2,Divorced,13577,1,15,4,1,3,3,33,15,0.1510539883626722,0.2916666666666667,0.7916666666666666,2.8152574543115394,16.5,2.0625,0.2647058823529412,0.0,0.08823529411764706
21,Yes,Travel_Frequently,Research & Development,10,2,1,2,1,Laboratory Technician,3,Single,2625,1,20,3,0,2,1,2,2,0.16645333333333334,0.3333333333333333,0.125,6.978035053414783,1.0,0.6666666666666666,0.6666666666666666,0.6666666666666666,0.6666666666666666
46,No,Travel_Rarely,Sales,4,2,4,2,5,Manager,2,Married,18789,2,14,3,1,2,3,11,0,0.10281920272499862,0.20833333333333334,0.041666666666666664,1.5143865696984988,3.6666666666666665,11.0,0.3333333333333333,0.6666666666666666,0.16666666666666666
34,No,Travel_Rarely,Sales,2,3,3,3,2,Sales Executive,1,Single,4538,0,12,4,0,3,3,3,0,0.08429925077126492,0.3333333333333333,0.9166666666666666,2.016608141331851,3.0,3.0,0.5,0.5,0.75
51,No,Travel_Frequently,Sales,9,3,4,3,5,Manager,2,Divorced,19847,4,24,1,1,5,2,29,11,0.15461480324482288,0.3333333333333333,0.7083333333333334,4.7881874755431015,5.8,2.4166666666666665,0.3333333333333333,0.3333333333333333,0.16666666666666666
59,No,Travel_Rarely,Research & Development,18,4,4,3,3,Manufacturing Director,4,Single,10512,6,12,4,0,6,2,9,5,0.06135654490106541,0.3333333333333333,0.041666666666666664,1.3392562143099862,1.2857142857142858,1.5,0.7,0.4,0.6
34,No,Travel_Frequently,Research & Development,19,3,3,3,2,Laboratory Technician,2,Divorced,4444,4,13,3,2,2,4,11,5,0.09363861386138617,0.2916666666666667,0.16666666666666666,1.445197009004272,2.2,1.8333333333333333,0.6666666666666666,0.8333333333333334,0.16666666666666666
28,No,Travel_Frequently,Research & Development,1,4,4,3,1,Laboratory Technician,3,Single,2154,0,11,3,0,2,2,4,0,0.16115134633240477,0.3333333333333333,0.7083333333333334,1.3791982447999909,4.0,4.0,0.4,0.4,0.4
44,No,Travel_Rarely,Research & Development,4,2,3,4,5,Manager,1,Divorced,19190,1,14,4,2,4,2,25,14,0.145734757686295,0.2916666666666667,0.0,1.5493343592861288,12.5,1.6666666666666667,0.34615384615384615,0.5,0.15384615384615385
34,No,Travel_Frequently,Human Resources,11,3,3,2,2,Human Resources,2,Married,4490,4,11,4,2,5,4,10,1,0.09271269487750551,0.20833333333333334,0.041666666666666664,1.1579507952909611,2.0,5.0,0.8181818181818182,0.7272727272727273,0.45454545454545453
35,No,Travel_Rarely,Research & Development,6,1,3,3,1,Research Scientist,3,Married,3506,0,14,4,0,3,3,3,2,0.05437820878494013,0.25,0.7083333333333334,1.9395301928814557,3.0,1.0,0.5,0.5,0.75
42,No,Travel_Rarely,Research & Development,7,4,2,4,2,Research Scientist,2,Married,2372,6,16,4,0,2,3,1,0,0.073397976391231,0.25,0.75,1.719719261798176,0.14285714285714285,1.0,0.0,0.0,1.0
43,No,Travel_Rarely,Sales,4,4,4,2,3,Sales Executive,4,Single,10231,3,14,4,0,3,4,21,15,0.15719186785260478,0.2916666666666667,0.041666666666666664,2.2146901649097916,5.25,1.3125,0.3181818181818182,0.7727272727272727,0.13636363636363635
36,No,Travel_Rarely,Research & Development,2,4,3,3,2,Manufacturing Director,2,Single,5410,9,11,4,0,2,3,16,5,0.08167837338262479,0.2916666666666667,0.8333333333333334,2.844057916970413,1.6,2.6666666666666665,0.8235294117647058,0.7058823529411765,0.11764705882352941
44,Yes,Travel_Rarely,Research & Development,15,3,1,3,3,Healthcare Representative,4,Married,7978,1,11,4,1,2,3,10,0,0.1714402105790925,0.2916666666666667,0.041666666666666664,1.8093647605961314,5.0,10.0,0.6363636363636364,0.45454545454545453,0.18181818181818182
28,No,Travel_Frequently,Research & Development,2,3,4,2,1,Laboratory Technician,4,Married,3867,1,12,2,1,2,3,2,2,0.15817688130333593,0.2916666666666667,0.75,2.133898222850013,1.0,0.6666666666666666,0.6666666666666666,0.6666666666666666,0.6666666666666666
51,No,Travel_Frequently,Research & Development,6,2,2,2,1,Laboratory Technician,3,Single,2838,0,14,2,0,6,2,7,7,0.1401444679351656,0.16666666666666666,0.041666666666666664,0.8639171512867534,7.0,0.875,0.0,0.875,0.75
30,No,Non-Travel,Research & Development,9,2,3,3,2,Manufacturing Director,3,Single,4695,7,18,3,0,3,3,8,1,0.06191480298189555,0.2916666666666667,0.7083333333333334,2.035400816731096,1.0,4.0,0.4444444444444444,0.7777777777777778,0.3333333333333333
29,Yes,Travel_Rarely,Research & Development,7,3,2,3,1,Laboratory Technician,3,Divorced,3339,3,13,1,2,2,3,7,7,0.06017669961066183,0.25,0.7083333333333334,1.1705746227593183,1.75,0.875,0.875,0.875,0.25
28,No,Travel_Rarely,Research & Development,1,3,4,3,1,Research Scientist,1,Single,2080,2,11,2,0,2,2,3,1,0.16449038461538457,0.25,0.041666666666666664,2.1644250733092494,1.0,1.5,0.5,0.5,0.5
25,No,Travel_Rarely,Research & Development,1,3,4,3,1,Research Scientist,2,Single,2096,1,18,4,0,3,2,2,2,0.13628816793893123,0.16666666666666666,0.041666666666666664,0.9830965038016879,1.0,0.6666666666666666,0.6666666666666666,0.3333333333333333,1.0
32,No,Travel_Rarely,Sales,8,3,3,4,2,Sales Executive,4,Married,6209,1,15,3,2,4,4,10,0,0.15278788854888065,0.20833333333333334,0.041666666666666664,1.1218154422214743,5.0,10.0,0.6363636363636364,0.7272727272727273,0.36363636363636365
45,No,Travel_Frequently,Research & Development,25,3,2,3,5,Manager,2,Single,18061,3,22,3,0,4,3,0,0,0.13659099717623616,0.3333333333333333,0.041666666666666664,6.5676695054735195,0.0,0.0,0.0,0.0,4.0
39,No,Travel_Rarely,Research & Development,13,4,3,2,4,Manager,2,Divorced,17123,6,13,4,2,4,3,19,15,0.08291537697833314,0.2916666666666667,0.6666666666666666,1.25445983172053,2.7142857142857144,1.1875,0.45,0.1,0.2
58,No,Travel_Rarely,Research & Development,23,4,1,3,1,Research Scientist,3,Divorced,2372,1,12,4,2,3,3,2,2,0.07420320404721763,0.2916666666666667,0.08333333333333333,2.034464022092096,1.0,0.6666666666666666,0.6666666666666666,0.6666666666666666,1.0
32,Yes,Travel_Rarely,Research & Development,7,2,4,3,2,Laboratory Technician,3,Married,4883,1,18,1,1,3,3,10,1,0.1542310055293876,0.25,0.041666666666666664,1.3468949995680501,5.0,5.0,0.36363636363636365,0.09090909090909091,0.2727272727272727
39,Yes,Travel_Rarely,Research & Development,23,3,3,3,1,Research Scientist,1,Single,3904,0,13,1,0,2,3,5,0,0.10346055327868849,0.20833333333333334,0.125,1.3288163617779079,5.0,5.0,0.3333333333333333,0.5,0.3333333333333333
30,No,Travel_Rarely,Research & Development,6,3,1,2,2,Laboratory Technician,4,Married,4627,0,12,1,1,6,3,9,6,0.05923060298249414,0.25,0.125,1.2821243693479882,9.0,1.2857142857142858,0.2,0.7,0.6
36,No,Travel_Rarely,Research & Development,10,4,4,3,3,Healthcare Representative,3,Married,7094,3,12,1,0,0,3,7,1,0.11868198477586697,0.3333333333333333,0.125,2.011504059179359,1.75,3.5,0.875,0.875,0.0
46,No,Travel_Rarely,Human Resources,1,2,4,3,1,Human Resources,1,Single,3423,6,12,3,0,3,4,7,5,0.08032719836400819,0.3333333333333333,0.125,3.201772882116864,1.0,1.1666666666666667,0.75,0.875,0.375
28,No,Non-Travel,Research & Development,1,3,3,1,2,Laboratory Technician,4,Married,6674,0,11,1,3,6,3,9,7,0.08106682649086004,0.2916666666666667,0.16666666666666666,2.4851774081985702,9.0,1.125,0.8,0.5,0.6
50,No,Travel_Rarely,Research & Development,28,3,4,3,4,Research Director,1,Married,16880,4,11,2,0,2,3,3,1,0.17226481042654038,0.20833333333333334,0.7916666666666666,1.3773835400502321,0.6,1.5,0.5,0.5,0.5
40,Yes,Travel_Rarely,Sales,25,4,4,2,3,Sales Executive,2,Single,9094,2,12,3,0,2,3,5,1,0.12433032768858586,0.2916666666666667,0.8333333333333334,2.590340867438927,1.6666666666666667,2.5,0.6666666666666666,0.0,0.3333333333333333
52,Yes,Travel_Rarely,Sales,5,3,2,3,3,Sales Executive,2,Single,8446,9,19,3,0,2,2,8,7,0.17502841581813885,0.25,0.9166666666666666,1.59512112404716,0.8,1.0,0.7777777777777778,0.7777777777777778,0.2222222222222222
30,No,Travel_Rarely,Research & Development,17,4,2,3,3,Manager,1,Married,11916,1,23,4,2,2,3,9,0,0.14450234978180593,0.3333333333333333,0.7083333333333334,4.431659459721526,4.5,9.0,0.1,0.8,0.2
39,No,Travel_Rarely,Research & Development,18,2,1,3,2,Manufacturing Director,3,Single,4534,0,11,1,0,6,3,8,1,0.0660013233348037,0.2916666666666667,0.041666666666666664,1.840663442718878,8.0,4.0,0.7777777777777778,0.7777777777777778,0.6666666666666666
31,No,Non-Travel,Sales,2,4,4,3,3,Sales Executive,3,Divorced,9852,1,19,1,1,5,2,10,9,0.1610840438489647,0.2916666666666667,0.7083333333333334,2.2157092661059066,5.0,1.0,0.7272727272727273,0.5454545454545454,0.45454545454545453
41,No,Non-Travel,Sales,10,2,3,1,2,Sales Executive,2,Single,6151,1,13,1,0,4,3,19,11,0.07683140952690622,0.2916666666666667,0.20833333333333334,1.5964927675239424,9.5,1.5833333333333333,0.1,0.45,0.2
31,Yes,Travel_Frequently,Sales,1,3,4,3,1,Sales Representative,2,Single,2302,1,11,1,0,2,4,3,2,0.13361859252823638,0.3333333333333333,0.6666666666666666,1.878488997318168,1.5,1.0,0.5,0.5,0.5
44,Yes,Travel_Rarely,Research & Development,3,3,1,3,1,Laboratory Technician,1,Married,2362,4,12,3,0,4,4,3,1,0.06008467400508047,0.2916666666666667,0.08333333333333333,1.3300679863639884,0.6,1.5,0.5,0.5,1.0
42,No,Non-Travel,Research & Development,2,1,3,3,4,Manager,3,Married,17861,0,13,4,0,3,2,20,2,0.07977940764794797,0.25,0.625,1.6026706135689301,20.0,6.666666666666667,0.38095238095238093,0.47619047619047616,0.14285714285714285
55,No,Travel_Rarely,Research & Development,2,2,4,1,5,Manager,3,Married,19187,4,14,4,1,5,3,19,9,0.08290196487204875,0.3333333333333333,0.08333333333333333,3.013318376538431,3.8,1.9,0.45,0.55,0.25
56,No,Travel_Rarely,Human Resources,8,4,4,3,5,Manager,2,Single,19717,6,14,1,0,4,3,7,7,0.08680833798245162,0.2916666666666667,0.08333333333333333,2.1823110580224965,1.0,0.875,0.375,0.875,0.5
40,No,Non-Travel,Research & Development,16,2,3,3,1,Research Scientist,3,Divorced,3544,9,16,2,1,0,3,4,0,0.12068848758465006,0.25,0.041666666666666664,2.046235711487806,0.4,4.0,0.4,0.0,0.0
34,No,Travel_Rarely,Research & Development,9,3,4,3,3,Healthcare Representative,4,Divorced,8500,0,11,4,1,0,2,9,1,0.17646941176470585,0.25,0.041666666666666664,2.0328294566035026,9.0,4.5,0.7,0.6,0.0
40,No,Travel_Rarely,Research & Development,2,3,3,3,2,Research Scientist,4,Single,4661,1,13,3,0,4,3,9,8,0.10136880497747255,0.25,0.125,1.7046303547166888,4.5,1.0,0.8,0.8,0.4
41,No,Travel_Frequently,Sales,1,3,3,3,2,Sales Executive,1,Divorced,4103,0,17,4,1,2,3,9,1,0.12703875213258586,0.20833333333333334,0.08333333333333333,1.0693546029415923,9.0,4.5,0.3,0.7,0.2
35,No,Travel_Frequently,Research & Development,4,4,3,3,2,Research Scientist,3,Single,4249,1,11,2,0,3,3,9,1,0.12984466933396094,0.3333333333333333,0.75,2.0677681485157433,4.5,4.5,0.6,0.1,0.3
51,No,Travel_Rarely,Human Resources,5,3,3,3,4,Manager,2,Divorced,14026,1,11,2,1,2,3,33,0,0.17146727506060175,0.25,0.7916666666666666,2.2029089873809906,16.5,33.0,0.2647058823529412,0.29411764705882354,0.058823529411764705
38,No,Travel_Rarely,Sales,2,2,2,3,2,Sales Executive,1,Divorced,6893,3,15,4,1,3,3,7,1,0.1483200348179312,0.20833333333333334,0.041666666666666664,1.7469174071777918,1.75,3.5,0.875,0.875,0.375
34,No,Travel_Rarely,Sales,15,2,3,3,2,Sales Executive,1,Single,6125,1,12,4,0,6,4,10,9,0.13771755102040822,0.20833333333333334,0.20833333333333334,1.8383948883123689,5.0,1.0,0.7272727272727273,0.5454545454545454,0.5454545454545454
25,No,Travel_Rarely,Research & Development,19,1,4,3,1,Laboratory Technician,4,Married,3669,3,11,3,3,6,2,3,1,0.15415099482147723,0.3333333333333333,0.20833333333333334,1.820224159391546,0.75,1.5,0.5,0.5,1.5
58,Yes,Travel_Rarely,Research & Development,7,4,3,2,3,Manufacturing Director,1,Married,10008,7,14,4,0,0,2,10,5,0.14415067945643484,0.25,0.7083333333333334,1.4601797129923302,1.25,1.6666666666666667,0.8181818181818182,0.8181818181818182,0.0
40,No,Travel_Rarely,Research & Development,1,4,2,3,1,Laboratory Technician,2,Married,2387,3,22,3,1,3,3,4,0,0.16586091328026806,0.3333333333333333,0.041666666666666664,5.570573065210393,1.0,4.0,0.4,0.6,0.6
36,No,Travel_Frequently,Sales,7,3,1,4,2,Sales Executive,1,Married,4639,2,16,4,1,2,2,15,6,0.126300926923906,0.25,0.08333333333333333,1.5004771218978143,5.0,2.142857142857143,0.4375,0.8125,0.125
48,No,Travel_Rarely,Research & Development,4,3,4,3,3,Manufacturing Director,4,Single,7898,1,11,3,0,2,3,10,0,0.08973664218789565,0.25,0.08333333333333333,1.2915011723113057,5.0,10.0,0.8181818181818182,0.7272727272727273,0.18181818181818182
27,No,Travel_Rarely,Sales,11,3,3,4,1,Sales Representative,4,Married,2534,8,14,2,1,4,3,1,0,0.10928571428571422,0.2916666666666667,0.08333333333333333,2.4277781185273954,0.1111111111111111,1.0,0.0,0.0,2.0
51,No,Travel_Rarely,Research & Development,11,2,4,2,4,Manufacturing Director,2,Single,13142,3,16,2,0,1,2,5,0,0.17812433419570842,0.25,0.08333333333333333,1.8791610392054379,1.25,5.0,0.3333333333333333,0.5,0.16666666666666666
18,No,Non-Travel,Research & Development,1,3,4,3,1,Laboratory Technician,4,Single,1611,1,15,3,0,5,4,0,0,0.16373060211049037,0.3333333333333333,0.08333333333333333,2.647818737446064,0.0,0.0,0.0,0.0,5.0
35,No,Travel_Rarely,Research & Development,1,3,4,2,2,Laboratory Technician,4,Married,5363,0,12,2,1,0,3,9,0,0.09830691776990495,0.20833333333333334,0.125,1.5143138492660337,9.0,9.0,0.7,0.0,0.0
27,No,Travel_Frequently,Sales,2,1,4,1,2,Sales Executive,4,Single,5071,3,20,2,0,3,3,6,0,0.05150463419443902,0.3333333333333333,0.041666666666666664,3.758910774012635,1.5,6.0,0.2857142857142857,0.0,0.42857142857142855
55,Yes,Travel_Rarely,Sales,13,4,1,4,4,Sales Executive,3,Single,13695,6,17,3,0,2,2,19,3,0.14937787513691125,0.3333333333333333,0.7916666666666666,2.489761940036721,2.7142857142857144,4.75,0.35,0.4,0.1
56,No,Travel_Rarely,Research & Development,23,3,4,3,4,Manufacturing Director,2,Married,13402,4,12,1,1,0,3,19,15,0.09332338456946719,0.2916666666666667,0.7916666666666666,2.3149232500786363,3.8,1.1875,0.8,0.45,0.0
34,No,Non-Travel,Research & Development,26,1,1,2,1,Research Scientist,3,Divorced,2029,1,20,3,3,2,3,5,0,0.1635929029078363,0.3333333333333333,0.08333333333333333,7.029050156752549,2.5,5.0,0.6666666666666666,0.0,0.3333333333333333
40,No,Travel_Rarely,Research & Development,2,1,2,4,2,Healthcare Representative,3,Divorced,6377,5,20,2,3,0,3,12,11,0.14504782813235068,0.3333333333333333,0.16666666666666666,5.778094427691937,2.0,1.0,0.8461538461538461,0.6153846153846154,0.0
34,No,Travel_Rarely,Research & Development,29,3,2,3,2,Laboratory Technician,3,Married,5429,4,13,1,2,1,3,8,7,0.13845091177012334,0.2916666666666667,0.0,2.363633562518157,1.6,1.0,0.7777777777777778,0.7777777777777778,0.1111111111111111
31,Yes,Travel_Frequently,Sales,2,3,3,2,1,Sales Representative,4,Single,2785,7,14,3,0,3,4,1,0,0.13563734290843807,0.25,0.08333333333333333,1.1957817778849162,0.125,1.0,0.0,0.0,1.5
35,Yes,Travel_Frequently,Sales,18,4,4,3,2,Sales Executive,3,Married,4614,0,18,3,1,0,2,4,3,0.14340052015604673,0.25,0.6666666666666666,1.2640322698823427,4.0,1.0,0.4,0.4,0.0
38,No,Travel_Frequently,Research & Development,7,3,4,4,1,Research Scientist,3,Divorced,2610,1,11,4,3,2,3,4,0,0.06793486590038313,0.2916666666666667,0.041666666666666664,1.182369151265309,2.0,4.0,0.4,0.6,0.4
34,No,Travel_Rarely,Research & Development,2,4,3,3,2,Healthcare Representative,4,Single,6687,1,11,4,0,2,4,14,4,0.16759234335277398,0.2916666666666667,0.08333333333333333,1.3807704652740642,7.0,2.8,0.7333333333333333,0.7333333333333333,0.13333333333333333
28,No,Travel_Rarely,Sales,26,3,3,2,2,Sales Executive,1,Married,4724,1,11,3,1,0,3,5,0,0.1794750211685013,0.2916666666666667,0.041666666666666664,2.4126460581971756,2.5,5.0,0.5,0.6666666666666666,0.0
31,Yes,Travel_Rarely,Research & Development,22,4,4,3,2,Manufacturing Director,3,Married,6179,1,15,4,2,3,2,10,6,0.10501537465609327,0.2916666666666667,0.7916666666666666,2.315974054343304,5.0,1.4285714285714286,0.18181818181818182,0.6363636363636364,0.2727272727272727
39,No,Travel_Rarely,Sales,21,4,1,2,2,Sales Executive,4,Married,6120,3,12,4,2,2,4,5,1,0.08370261437908501,0.20833333333333334,0.4166666666666667,1.3205426907005307,1.25,2.5,0.6666666666666666,0.6666666666666666,0.3333333333333333
51,No,Travel_Frequently,Sales,2,3,2,3,3,Sales Executive,2,Married,10596,2,11,2,0,5,3,4,3,0.10950453001132499,0.25,0.125,1.2161465414048742,1.3333333333333333,1.0,0.4,0.4,1.0
41,No,Travel_Frequently,Research & Development,22,3,4,3,2,Research Scientist,4,Divorced,5467,3,14,1,2,4,2,6,3,0.10120907261752339,0.25,0.4166666666666667,1.9075212166321989,1.5,1.5,0.2857142857142857,0.42857142857142855,0.5714285714285714
37,No,Travel_Rarely,Research & Development,4,1,3,3,1,Research Scientist,3,Married,2996,7,15,4,0,2,3,6,1,0.0525634178905207,0.2916666666666667,0.7083333333333334,2.1996004289672673,0.75,3.0,0.5714285714285714,0.42857142857142855,0.2857142857142857
33,No,Travel_Frequently,Sales,5,1,2,3,2,Sales Executive,4,Married,9998,6,13,1,0,2,4,5,1,0.11483396679335874,0.16666666666666666,0.125,1.6414674300505934,0.7142857142857143,2.5,0.6666666666666666,0.3333333333333333,0.3333333333333333
32,No,Travel_Rarely,Sales,2,1,3,3,2,Sales Executive,2,Married,4078,0,13,1,3,3,2,3,1,0.06585090730750368,0.2916666666666667,0.6666666666666666,1.4289351156652816,3.0,1.5,0.5,0.5,0.75
39,No,Non-Travel,Research & Development,25,2,3,3,3,Healthcare Representative,3,Married,10920,3,21,2,1,2,3,6,0,0.050873626373626454,0.3333333333333333,0.08333333333333333,6.219770113286471,1.5,6.0,0.5714285714285714,0.7142857142857143,0.2857142857142857
25,No,Travel_Rarely,Sales,18,1,1,4,2,Sales Executive,3,Married,6232,2,11,2,0,3,2,3,1,0.15650032092426194,0.2916666666666667,0.125,2.8801976429323233,1.0,1.5,0.5,0.5,0.75
52,No,Travel_Frequently,Research & Development,28,2,4,4,4,Manufacturing Director,3,Married,13247,2,11,2,1,3,2,5,0,0.13930172869328905,0.20833333333333334,0.625,1.5373747259169022,1.6666666666666667,5.0,0.5,0.3333333333333333,0.5
43,No,Travel_Rarely,Research & Development,6,3,1,2,2,Research Scientist,3,Single,4081,1,14,1,0,3,1,20,1,0.10206321979906896,0.25,0.75,1.3940182718910326,10.0,10.0,0.3333333333333333,0.38095238095238093,0.14285714285714285
27,No,Travel_Rarely,Sales,10,3,4,2,2,Sales Executive,4,Married,5769,1,11,4,0,3,3,6,4,0.14256543595077137,0.25,0.8333333333333334,1.8522517838222812,3.0,1.2,0.2857142857142857,0.5714285714285714,0.42857142857142855
27,Yes,Travel_Rarely,Research & Development,17,4,4,3,1,Research Scientist,3,Single,2394,1,13,4,0,2,3,8,7,0.07486215538847109,0.25,0.6666666666666666,1.7325083293669683,4.0,1.0,0.2222222222222222,0.7777777777777778,0.2222222222222222
26,No,Travel_Rarely,Research & Development,2,1,1,2,1,Research Scientist,4,Single,3904,0,12,4,0,2,3,4,1,0.08518698770491796,0.2916666666666667,0.16666666666666666,2.390465163970154,4.0,2.0,0.6,0.2,0.4
42,No,Travel_Rarely,Human Resources,10,3,3,3,4,Manager,1,Married,16799,0,14,3,1,5,3,20,0,0.05188285016965306,0.3333333333333333,0.16666666666666666,3.249706890180035,20.0,20.0,0.3333333333333333,0.42857142857142855,0.23809523809523808
52,No,Travel_Rarely,Research & Development,8,4,3,3,1,Laboratory Technician,1,Married,2950,9,13,3,0,2,1,5,0,0.09640677966101698,0.2916666666666667,0.08333333333333333,2.827059909836511,0.5,5.0,0.6666666666666666,0.6666666666666666,0.3333333333333333
37,No,Travel_Rarely,Research & Development,11,3,1,3,1,Laboratory Technician,3,Single,3629,4,18,1,0,6,3,3,0,0.11555249379994492,0.25,0.041666666666666664,2.3481513321412986,0.6,3.0,0.5,0.5,1.5
35,No,Travel_Frequently,Research & Development,18,2,3,3,3,Manufacturing Director,4,Single,9362,2,11,3,0,2,3,2,2,0.0559613330484939,0.25,0.041666666666666664,2.071008307039824,0.6666666666666666,0.6666666666666666,0.6666666666666666,0.6666666666666666,0.6666666666666666
25,No,Travel_Rarely,Research & Development,1,3,1,3,1,Laboratory Technician,4,Married,3229,4,11,2,1,2,2,3,0,0.1690802105915144,0.16666666666666666,0.08333333333333333,0.8380208917306278,0.6,3.0,0.5,0.5,0.5
26,No,Travel_Rarely,Research & Development,7,3,3,4,1,Laboratory Technician,1,Single,3578,0,12,4,0,2,3,7,0,0.11868641699273333,0.25,0.041666666666666664,2.418919682474865,7.0,7.0,0.875,0.875,0.25
29,No,Travel_Rarely,Human Resources,17,3,2,2,3,Human Resources,1,Single,7988,1,13,1,0,3,2,10,0,0.08536554832248368,0.2916666666666667,0.20833333333333334,1.6279381154674815,5.0,10.0,0.8181818181818182,0.8181818181818182,0.2727272727272727
49,Yes,Travel_Frequently,Research & Development,28,2,1,2,2,Laboratory Technician,1,Single,4284,3,20,1,0,2,3,4,1,0.16602474323062558,0.3333333333333333,0.041666666666666664,6.056738197618849,1.0,2.0,0.6,0.6,0.4
29,Yes,Travel_Frequently,Research & Development,14,1,3,3,3,Healthcare Representative,4,Single,7553,0,12,1,0,1,3,8,7,0.13108168939494233,0.2916666666666667,0.75,1.269680486243428,8.0,1.0,0.7777777777777778,0.7777777777777778,0.1111111111111111
54,No,Travel_Rarely,Research & Development,1,3,4,3,4,Research Director,4,Single,17328,6,19,4,0,3,2,20,12,0.14547322253000913,0.2916666666666667,0.08333333333333333,1.475302870502286,2.857142857142857,1.5384615384615385,0.3333333333333333,0.3333333333333333,0.14285714285714285
58,No,Travel_Rarely,Research & Development,1,3,4,3,5,Research Director,1,Married,19701,3,21,3,1,3,3,9,1,0.14040150246180394,0.3333333333333333,0.625,7.156248678344153,2.25,4.5,0.8,0.5,0.3
55,No,Travel_Rarely,Research & Development,1,4,2,4,4,Research Director,4,Divorced,14732,2,13,4,2,4,4,7,0,0.06319440673364102,0.20833333333333334,0.16666666666666666,1.1504843608253899,2.3333333333333335,7.0,0.875,0.0,0.5
36,No,Travel_Rarely,Sales,3,4,1,3,2,Sales Executive,2,Single,9278,3,16,4,0,3,3,5,0,0.13283035136882945,0.20833333333333334,0.8333333333333334,1.7295102895368433,1.25,5.0,0.6666666666666666,0.16666666666666666,0.5
31,Yes,Travel_Frequently,Sales,1,4,2,1,1,Sales Representative,3,Single,1359,1,12,2,0,3,3,1,0,0.15671081677704196,0.2916666666666667,0.16666666666666666,1.4867660421862616,0.5,1.0,0.0,0.0,1.5
30,No,Travel_Rarely,Sales,7,4,4,3,2,Sales Executive,1,Divorced,4779,7,14,2,2,3,3,3,0,0.14274115923833436,0.3333333333333333,0.125,2.631222385273211,0.375,3.0,0.5,0.5,0.75
31,No,Travel_Rarely,Research & Development,8,5,1,3,4,Research Director,2,Single,16422,3,11,3,0,3,4,3,1,0.10211606381683112,0.3333333333333333,0.20833333333333334,2.363315700889348,0.75,1.5,0.5,0.0,0.75
34,No,Travel_Frequently,Research & Development,1,4,4,3,1,Research Scientist,1,Divorced,2996,5,14,3,2,2,3,4,1,0.05357142857142857,0.25,0.041666666666666664,1.4867753955164624,0.6666666666666666,2.0,0.6,0.6,0.4
31,Yes,Travel_Rarely,Research & Development,8,3,1,2,1,Research Scientist,2,Single,1261,1,12,3,0,3,4,1,0,0.07436161776367961,0.3333333333333333,0.2916666666666667,1.3849201795169273,0.5,1.0,0.0,0.0,1.5
27,No,Travel_Rarely,Research & Development,11,1,2,3,1,Laboratory Technician,1,Married,2099,0,14,2,0,3,4,5,1,0.12230109575988568,0.25,0.125,2.4163356039387023,5.0,2.5,0.0,0.6666666666666666,0.5
36,No,Travel_Rarely,Research & Development,4,4,1,2,2,Laboratory Technician,4,Single,5810,1,16,3,0,2,2,10,1,0.12387091222030974,0.25,0.08333333333333333,2.2169283213785964,5.0,5.0,0.36363636363636365,0.7272727272727273,0.18181818181818182
36,No,Travel_Rarely,Sales,16,4,3,2,2,Sales Executive,1,Married,5647,4,13,1,2,3,2,3,0,0.174451921374181,0.3333333333333333,0.041666666666666664,2.606973620040818,0.6,3.0,0.5,0.5,0.75
47,No,Travel_Rarely,Research & Development,1,3,1,3,1,Research Scientist,4,Married,3420,7,12,3,1,2,2,6,1,0.07158187134502922,0.25,0.125,2.4710362589482076,0.75,3.0,0.7142857142857143,0.2857142857142857,0.2857142857142857
25,Yes,Travel_Rarely,Sales,9,2,1,2,1,Sales Representative,1,Married,4400,3,12,1,0,2,3,3,2,0.09720000000000006,0.08333333333333333,0.08333333333333333,0.6621308581482819,0.75,1.0,0.5,0.5,0.5
37,No,Non-Travel,Research & Development,5,2,3,4,1,Laboratory Technician,3,Single,3500,0,14,1,0,2,1,6,1,0.10036000000000006,0.2916666666666667,0.041666666666666664,1.4714074678885216,6.0,3.0,0.7142857142857143,0.42857142857142855,0.2857142857142857
56,No,Travel_Rarely,Research & Development,1,2,1,3,1,Research Scientist,1,Married,2066,2,22,4,1,3,4,3,1,0.17969506292352372,0.3333333333333333,0.041666666666666664,3.4361109569014974,1.0,1.5,0.5,0.0,0.75
47,No,Travel_Rarely,Research & Development,2,4,1,3,4,Research Director,3,Married,17169,3,19,2,2,2,4,20,5,0.14749373871512608,0.125,0.125,1.1577265941819872,5.0,3.3333333333333335,0.8095238095238095,0.2857142857142857,0.09523809523809523
24,No,Travel_Rarely,Sales,4,1,4,3,2,Sales Executive,3,Married,4162,1,12,3,2,3,3,5,0,0.13305382027871226,0.2916666666666667,0.75,1.3519254647657388,2.5,5.0,0.6666666666666666,0.5,0.5
32,No,Travel_Rarely,Sales,7,5,4,3,2,Sales Executive,4,Married,9204,4,12,3,1,3,2,4,0,0.1174467622772707,0.2916666666666667,0.08333333333333333,2.7661401468932696,0.8,4.0,0.6,0.6,0.6
34,No,Travel_Rarely,Research & Development,1,3,4,2,1,Laboratory Technician,2,Married,3294,5,17,1,1,2,2,5,0,0.16010625379477836,0.25,0.16666666666666666,1.8665406289695197,0.8333333333333334,5.0,0.6666666666666666,0.3333333333333333,0.3333333333333333
41,No,Travel_Rarely,Research & Development,5,5,2,4,1,Research Scientist,3,Married,2127,2,12,1,0,5,2,4,0,0.08606488011283496,0.20833333333333334,0.5833333333333334,1.575576415714143,1.3333333333333333,4.0,0.4,0.6,1.0
40,No,Non-Travel,Research & Development,9,4,3,3,2,Laboratory Technician,3,Divorced,3975,3,11,3,2,2,4,8,0,0.1216050314465409,0.3333333333333333,0.08333333333333333,1.9235387697668829,2.0,8.0,0.7777777777777778,0.7777777777777778,0.2222222222222222
31,No,Travel_Rarely,Sales,8,2,1,3,3,Sales Executive,4,Divorced,10793,1,18,1,1,5,3,13,9,0.14288520337255628,0.3333333333333333,0.125,3.2160249493388764,6.5,1.3,0.5,0.6428571428571429,0.35714285714285715
46,Yes,Travel_Rarely,Sales,9,3,1,3,3,Sales Executive,4,Divorced,10096,4,11,1,1,1,4,7,4,0.09971176703645013,0.25,0.125,1.523996562995192,1.4,1.4,0.875,0.375,0.125
39,Yes,Non-Travel,Research & Development,2,3,1,2,1,Laboratory Technician,1,Single,3646,2,23,2,0,2,4,1,0,0.13894130554031814,0.3333333333333333,0.5833333333333334,3.6005700183024776,0.3333333333333333,1.0,0.0,0.0,1.0
31,Yes,Travel_Frequently,Research & Development,1,5,3,4,3,Manufacturing Director,2,Single,7446,1,11,1,0,2,3,10,4,0.06443459575611063,0.2916666666666667,0.16666666666666666,2.7611965318273737,5.0,2.0,0.7272727272727273,0.6363636363636364,0.18181818181818182
45,No,Travel_Rarely,Research & Development,20,3,2,1,3,Healthcare Representative,1,Divorced,10851,2,18,2,1,2,3,7,0,0.11591558381715965,0.2916666666666667,0.625,1.9610286574308966,2.3333333333333335,7.0,0.875,0.875,0.25
31,No,Travel_Rarely,Human Resources,8,2,4,4,1,Human Resources,2,Single,2109,9,18,4,0,3,3,3,0,0.16622095779990514,0.2916666666666667,0.125,2.1714662762706474,0.3,3.0,0.5,0.5,0.75
31,Yes,Travel_Frequently,Research & Development,2,3,2,3,1,Laboratory Technician,4,Married,3722,6,13,3,1,2,1,2,2,0.15236969371305747,0.25,0.7916666666666666,1.784002078167903,0.2857142857142857,0.6666666666666666,0.6666666666666666,0.6666666666666666,0.6666666666666666
45,No,Travel_Rarely,Research & Development,29,3,2,3,3,Manufacturing Director,4,Married,9380,4,18,4,2,4,4,3,1,0.05163539445628999,0.2916666666666667,0.6666666666666666,2.0310071168413284,0.6,1.5,0.25,0.5,1.0
48,No,Travel_Rarely,Sales,7,3,3,3,2,Sales Executive,1,Divorced,5486,4,11,1,3,3,3,2,2,0.1047776157491798,0.25,0.08333333333333333,1.8473012323079911,0.4,0.6666666666666666,0.6666666666666666,0.6666666666666666,1.0
34,Yes,Travel_Rarely,Human Resources,9,4,1,3,1,Human Resources,3,Married,2742,1,15,4,0,0,3,2,2,0.15913566739606125,0.3333333333333333,0.041666666666666664,2.732782535063021,1.0,0.6666666666666666,0.6666666666666666,0.6666666666666666,0.0
40,No,Non-Travel,Research & Development,8,1,4,2,3,Research Director,2,Divorced,13757,2,11,3,1,5,3,9,4,0.1479087010249328,0.20833333333333334,0.16666666666666666,0.9539898672015552,3.0,1.8,0.8,0.8,0.5
28,No,Travel_Rarely,Sales,5,3,4,3,2,Sales Executive,1,Single,8463,0,18,4,0,4,3,5,1,0.14781165071487656,0.2916666666666667,0.125,1.6898251428229811,5.0,2.5,0.6666666666666666,0.5,0.6666666666666666
44,No,Non-Travel,Research & Development,5,3,3,2,1,Laboratory Technician,3,Single,3162,3,14,4,0,5,3,5,0,0.13526249209361157,0.25,0.041666666666666664,1.2388134284286556,1.25,5.0,0.3333333333333333,0.5,0.8333333333333334
53,No,Travel_Rarely,Research & Development,2,3,4,4,4,Research Director,2,Single,16598,4,12,2,0,2,2,9,8,0.06399505964574037,0.2916666666666667,0.125,1.5136554665223643,1.8,1.0,0.8,0.8,0.2
49,No,Travel_Rarely,Research & Development,5,4,1,3,2,Healthcare Representative,3,Married,6651,2,14,2,1,0,2,3,1,0.16790106750864534,0.20833333333333334,0.0,0.9054547277517221,1.0,1.5,0.5,0.5,0.0
40,No,Travel_Rarely,Research & Development,2,3,3,3,1,Research Scientist,3,Divorced,2345,2,14,3,1,3,4,3,1,0.16159061833688693,0.25,0.08333333333333333,1.6869932680777942,1.0,1.5,0.25,0.5,0.75
44,No,Travel_Rarely,Research & Development,20,3,4,3,1,Research Scientist,2,Single,3420,1,13,3,0,3,2,5,1,0.061304093567251416,0.2916666666666667,0.125,2.277598272514981,2.5,2.5,0.3333333333333333,0.5,0.5
33,No,Travel_Frequently,Sales,7,3,4,3,2,Sales Executive,1,Married,4373,0,14,1,2,2,3,4,0,0.09700663160301853,0.2916666666666667,0.08333333333333333,2.0141747585263303,4.0,4.0,0.6,0.6,0.4
34,No,Travel_Rarely,Sales,3,3,4,1,2,Sales Executive,1,Single,4759,3,18,4,0,2,3,13,3,0.05755831056944738,0.25,0.25,1.249887923750112,3.25,3.25,0.6428571428571429,0.8571428571428571,0.14285714285714285
30,No,Travel_Rarely,Sales,16,1,4,3,2,Sales Executive,3,Married,5301,8,15,3,2,2,2,2,2,0.1421826070552726,0.25,0.08333333333333333,1.9572683676834042,0.2222222222222222,0.6666666666666666,0.3333333333333333,0.6666666666666666,0.6666666666666666
42,No,Travel_Frequently,Research & Development,9,2,1,3,1,Laboratory Technician,4,Single,3673,1,13,3,0,3,3,12,5,0.1251157092295127,0.20833333333333334,0.041666666666666664,1.023615647723826,6.0,2.0,0.6923076923076923,0.6153846153846154,0.23076923076923078
44,No,Travel_Frequently,Sales,1,5,1,3,2,Sales Executive,3,Married,4768,7,12,3,1,4,2,1,0,0.10994756711409387,0.2916666666666667,0.08333333333333333,1.6587317153905157,0.125,1.0,0.0,0.0,2.0
30,No,Non-Travel,Research & Development,7,3,3,3,1,Research Scientist,3,Divorced,1274,1,13,2,2,2,2,1,0,0.17838304552590267,0.2916666666666667,0.08333333333333333,2.5651950928321425,0.5,1.0,0.0,0.0,1.0
57,No,Travel_Rarely,Research & Development,1,2,2,4,2,Research Scientist,3,Married,4900,0,24,1,1,2,2,12,2,0.1593979591836735,0.3333333333333333,0.0,5.239844996507647,12.0,4.0,0.6923076923076923,0.6153846153846154,0.15384615384615385
49,No,Travel_Rarely,Research & Development,7,4,3,3,3,Healthcare Representative,2,Divorced,10466,3,14,2,2,3,3,8,0,0.15646187655264673,0.2916666666666667,0.041666666666666664,1.7247136943190726,2.0,8.0,0.7777777777777778,0.7777777777777778,0.3333333333333333
34,No,Travel_Frequently,Research & Development,15,3,2,3,4,Research Director,1,Divorced,17007,7,14,4,2,3,2,14,6,0.13945963426824254,0.2916666666666667,0.041666666666666664,2.636576440051643,1.75,2.0,0.5333333333333333,0.6,0.2
28,Yes,Travel_Frequently,Sales,1,3,1,3,1,Sales Representative,3,Married,2909,3,15,4,1,3,4,3,1,0.09911997249914065,0.20833333333333334,0.041666666666666664,1.9771300915994292,0.75,1.5,0.5,0.5,0.75
29,Yes,Travel_Frequently,Sales,13,3,1,3,2,Sales Executive,2,Single,5765,5,11,1,0,4,1,5,0,0.17985082393755422,0.2916666666666667,0.08333333333333333,1.895570791169326,0.8333333333333334,5.0,0.5,0.0,0.6666666666666666
34,Yes,Travel_Rarely,Sales,24,4,1,2,2,Sales Executive,2,Single,4599,0,23,3,0,2,4,15,10,0.06303326810176132,0.3333333333333333,0.875,6.680632690913874,15.0,1.3636363636363635,0.5625,0.625,0.125
35,No,Travel_Rarely,Sales,7,1,4,3,1,Sales Representative,3,Married,2404,1,13,1,1,3,3,1,0,0.11768718801996675,0.25,0.125,2.146665042860622,0.5,1.0,0.0,0.0,1.5
24,Yes,Travel_Frequently,Research & Development,9,3,2,3,1,Laboratory Technician,1,Single,3172,2,11,3,0,2,2,0,0,0.05449558638083232,0.25,0.625,2.4356967692793576,0.0,0.0,0.0,0.0,2.0
24,No,Non-Travel,Sales,13,2,4,3,1,Sales Representative,2,Married,2033,1,13,3,1,2,3,1,0,0.16262174126906057,0.20833333333333334,0.041666666666666664,1.9178222918718433,0.5,1.0,0.0,0.0,1.0
44,No,Travel_Frequently,Research & Development,2,1,2,3,3,Manufacturing Director,3,Single,10209,5,18,2,0,2,2,2,2,0.14652953276520717,0.2916666666666667,0.6666666666666666,2.6903047648245058,0.3333333333333333,0.6666666666666666,0.6666666666666666,0.6666666666666666,0.6666666666666666
29,No,Travel_Rarely,Sales,19,3,3,2,2,Sales Executive,3,Divorced,8620,1,14,3,2,3,3,10,0,0.1485962877030162,0.20833333333333334,0.125,1.071827499475321,5.0,10.0,0.6363636363636364,0.36363636363636365,0.2727272727272727
30,No,Travel_Rarely,Human Resources,1,3,3,3,1,Human Resources,3,Divorced,2064,0,21,1,1,3,4,5,1,0.1475532945736435,0.3333333333333333,0.08333333333333333,4.822944485919448,5.0,2.5,0.5,0.5,0.5
55,No,Travel_Rarely,Research & Development,4,4,4,3,2,Healthcare Representative,3,Married,4035,0,16,2,0,2,3,3,1,0.17809417596034688,0.2916666666666667,0.625,2.1057653030456462,3.0,1.5,0.5,0.5,0.5
33,No,Travel_Rarely,Research & Development,4,4,1,2,1,Laboratory Technician,2,Married,3838,8,11,4,0,5,3,5,0,0.16103439291297555,0.2916666666666667,0.0,1.1787114721331546,0.5555555555555556,5.0,0.6666666666666666,0.3333333333333333,0.8333333333333334
47,No,Travel_Rarely,Sales,14,3,3,3,2,Sales Executive,3,Married,4591,3,17,3,1,4,2,5,1,0.11935308211718576,0.2916666666666667,0.875,2.8169442723249896,1.25,2.5,0.6666666666666666,0.3333333333333333,0.6666666666666666
28,Yes,Travel_Frequently,Research & Development,2,2,3,2,1,Laboratory Technician,1,Single,2561,7,11,3,0,2,2,0,0,0.1482623975009761,0.2916666666666667,0.041666666666666664,1.5367371297356573,0.0,0.0,0.0,0.0,2.0
28,No,Travel_Rarely,Research & Development,1,3,1,2,1,Research Scientist,3,Divorced,1563,1,14,4,1,2,1,1,0,0.17777991042866276,0.20833333333333334,0.25,1.3658369078118193,0.5,1.0,0.0,0.0,1.0
28,No,Travel_Frequently,Sales,7,3,3,3,2,Sales Executive,1,Single,4898,0,14,4,0,5,3,4,1,0.15466516945692124,0.3333333333333333,0.041666666666666664,3.129026093905211,4.0,2.0,0.4,0.6,1.0
49,No,Travel_Rarely,Research & Development,3,2,3,2,2,Laboratory Technician,1,Married,4789,4,25,1,1,3,3,3,1,0.11377114220087708,0.3333333333333333,0.041666666666666664,5.633408687751026,0.6,1.5,0.5,0.5,0.75
29,No,Travel_Frequently,Research & Development,2,1,4,3,1,Laboratory Technician,2,Married,3180,0,13,3,3,3,3,3,0,0.12351257861635219,0.3333333333333333,0.25,3.2912010557478144,3.0,3.0,0.5,0.5,0.75
28,No,Travel_Rarely,Research & Development,29,1,3,1,2,Manufacturing Director,2,Married,6549,1,14,2,2,2,2,8,1,0.10894945793250882,0.16666666666666666,0.0,0.8502570199299955,4.0,4.0,0.6666666666666666,0.7777777777777778,0.2222222222222222
33,No,Travel_Rarely,Research & Development,8,5,4,3,2,Healthcare Representative,3,Single,6388,2,17,1,0,6,3,0,0,0.09609893550407014,0.2916666666666667,0.7083333333333334,2.4318863699052318,0.0,0.0,0.0,0.0,6.0
32,No,Travel_Rarely,Research & Development,10,3,3,3,3,Manager,4,Single,11244,2,25,2,0,5,4,5,0,0.10589647812166496,0.3333333333333333,0.08333333333333333,6.351735323658536,1.6666666666666667,5.0,0.3333333333333333,0.0,0.8333333333333334
54,No,Travel_Frequently,Research & Development,11,4,2,3,4,Manager,4,Divorced,16032,3,20,1,1,2,3,14,1,0.12469186626746515,0.3333333333333333,0.125,4.607601313563727,3.5,7.0,0.6,0.8,0.13333333333333333
29,Yes,Travel_Rarely,Research & Development,1,4,1,2,1,Research Scientist,1,Single,2362,6,13,3,0,2,1,9,0,0.1787891617273498,0.2916666666666667,0.125,1.561344709703055,1.2857142857142858,9.0,0.7,0.7,0.2
44,No,Travel_Rarely,Research & Development,28,3,4,3,4,Research Director,1,Married,16328,3,13,3,1,1,4,20,14,0.07916585007349332,0.20833333333333334,0.125,0.9767607662287037,5.0,1.3333333333333333,0.2857142857142857,0.8095238095238095,0.047619047619047616
39,No,Travel_Rarely,Research & Development,6,3,2,3,3,Manufacturing Director,2,Single,8376,4,18,4,0,3,3,2,2,0.13525429799426927,0.20833333333333334,0.16666666666666666,2.0462447181083943,0.4,0.6666666666666666,0.0,0.6666666666666666,1.0
46,No,Travel_Rarely,Sales,3,3,3,3,4,Manager,2,Married,16606,8,12,4,1,2,4,13,5,0.10500421534385167,0.20833333333333334,0.125,1.0517595755575375,1.4444444444444444,2.1666666666666665,0.8571428571428571,0.07142857142857142,0.14285714285714285
35,No,Travel_Rarely,Research & Development,16,3,4,2,3,Healthcare Representative,2,Single,8606,1,19,4,0,3,1,11,3,0.10816639553799666,0.25,0.125,2.186381103771838,5.5,2.75,0.6666666666666666,0.25,0.25
23,No,Travel_Rarely,Research & Development,20,1,1,3,2,Laboratory Technician,3,Single,2272,0,14,2,0,2,3,4,1,0.09408450704225362,0.2916666666666667,0.0,2.890961783297223,4.0,2.0,0.6,0.4,0.4
40,Yes,Travel_Rarely,Research & Development,9,4,4,3,1,Laboratory Technician,1,Single,2018,3,14,2,0,3,1,5,1,0.05670465807730418,0.20833333333333334,0.08333333333333333,1.8458930761390986,1.25,2.5,0.6666666666666666,0.0,0.5
34,No,Travel_Rarely,Sales,1,3,4,2,3,Sales Executive,3,Married,7083,1,14,4,0,3,3,10,8,0.12407595651560073,0.3333333333333333,0.7083333333333334,2.8409321182112763,5.0,1.1111111111111112,0.8181818181818182,0.5454545454545454,0.2727272727272727
31,Yes,Travel_Frequently,Research & Development,3,3,4,3,1,Research Scientist,3,Single,4084,1,12,1,0,2,1,7,7,0.1394172380019589,0.25,0.041666666666666664,2.270533838927226,3.5,0.875,0.25,0.875,0.25
50,No,Travel_Frequently,Research & Development,22,5,3,1,4,Research Director,4,Single,14411,1,13,4,0,2,3,32,13,0.11921518284643677,0.20833333333333334,0.5833333333333334,1.610065211357809,16.0,2.2857142857142856,0.18181818181818182,0.2727272727272727,0.06060606060606061
34,No,Travel_Rarely,Sales,7,2,2,3,1,Sales Representative,3,Married,2308,0,25,2,1,4,3,11,5,0.08664211438474861,0.3333333333333333,0.75,4.335363568347425,11.0,1.8333333333333333,0.8333333333333334,0.5833333333333334,0.3333333333333333
42,No,Travel_Rarely,Research & Development,2,3,3,2,1,Laboratory Technician,2,Married,4841,4,14,2,1,3,3,1,0,0.11620946085519515,0.2916666666666667,0.0,1.6112682133071474,0.2,1.0,0.0,0.0,1.5
37,No,Travel_Rarely,Research & Development,13,3,1,3,2,Research Scientist,4,Married,4285,1,17,1,0,2,3,10,3,0.06297549591598608,0.2916666666666667,0.125,2.7914381128756003,5.0,2.5,0.7272727272727273,0.6363636363636364,0.18181818181818182
29,No,Travel_Rarely,Research & Development,8,1,3,1,2,Healthcare Representative,1,Married,9715,3,13,3,1,3,3,7,0,0.09424292331446214,0.25,0.08333333333333333,1.1916563590914386,1.75,7.0,0.875,0.875,0.375
33,No,Travel_Rarely,Research & Development,25,3,4,2,2,Manufacturing Director,2,Single,4320,1,13,4,0,2,3,5,0,0.14728240740740745,0.2916666666666667,0.041666666666666664,1.4632333582040868,2.5,5.0,0.5,0.3333333333333333,0.3333333333333333
45,No,Travel_Rarely,Research & Development,28,3,4,3,1,Research Scientist,4,Married,2132,4,20,4,1,3,3,5,0,0.13681519699812386,0.3333333333333333,0.08333333333333333,5.779579882739914,1.0,5.0,0.6666666666666666,0.5,0.5
42,No,Travel_Frequently,Research & Development,2,3,4,3,3,Healthcare Representative,4,Married,10124,2,14,3,1,3,1,20,13,0.13754049782694577,0.25,0.75,1.972481990376666,6.666666666666667,1.4285714285714286,0.38095238095238093,0.42857142857142855,0.14285714285714285
40,No,Travel_Rarely,Sales,9,2,1,3,2,Sales Executive,1,Married,5473,0,12,4,0,5,4,8,7,0.11916499177781831,0.2916666666666667,0.08333333333333333,2.036042452364028,8.0,1.0,0.4444444444444444,0.1111111111111111,0.5555555555555556
33,No,Travel_Rarely,Research & Development,28,4,2,3,2,Laboratory Technician,3,Married,5207,1,12,2,1,3,3,15,5,0.08767812560015363,0.2916666666666667,0.7916666666666666,1.5602184129460601,7.5,2.5,0.875,0.4375,0.1875
40,No,Travel_Rarely,Human Resources,6,2,3,3,4,Manager,4,Single,16437,1,21,4,0,2,3,21,7,0.07384376711078666,0.3333333333333333,0.7083333333333334,4.877525979970946,10.5,2.625,0.3181818181818182,0.3181818181818182,0.09090909090909091
24,No,Travel_Rarely,Research & Development,21,2,3,2,1,Laboratory Technician,1,Divorced,2296,0,14,2,3,3,3,1,0,0.10070993031358885,0.25,0.041666666666666664,2.066509372350065,1.0,1.0,0.5,0.0,1.5
40,No,Non-Travel,Research & Development,8,2,4,3,2,Healthcare Representative,4,Divorced,4069,3,18,3,0,2,3,2,2,0.12073728188744157,0.25,0.6666666666666666,1.6609729821676638,0.5,0.6666666666666666,0.6666666666666666,0.6666666666666666,0.6666666666666666
45,No,Travel_Rarely,Research & Development,1,4,1,3,3,Healthcare Representative,2,Divorced,7441,1,12,1,3,4,3,10,7,0.11964655288267717,0.3333333333333333,0.125,1.4991286199579115,5.0,1.25,0.7272727272727273,0.6363636363636364,0.36363636363636365
35,No,Travel_Rarely,Sales,28,4,2,2,1,Sales Representative,3,Married,2430,0,23,1,2,5,3,5,4,0.17069135802469143,0.3333333333333333,0.041666666666666664,6.522873503980948,5.0,1.0,0.5,0.3333333333333333,0.8333333333333334
32,No,Travel_Rarely,Research & Development,5,2,4,2,2,Research Scientist,2,Married,5878,3,12,1,1,2,3,7,2,0.1798315753657707,0.25,0.16666666666666666,2.5396210217897455,1.75,2.3333333333333335,0.125,0.625,0.25
36,No,Travel_Rarely,Sales,2,4,3,3,1,Sales Representative,4,Single,2644,3,21,4,0,3,2,3,1,0.0884379727685325,0.3333333333333333,0.7916666666666666,6.40738602199654,0.75,1.5,0.5,0.5,0.75
48,No,Travel_Rarely,Sales,16,4,3,3,2,Sales Executive,3,Divorced,6439,8,14,3,1,2,3,8,7,0.05653672930579282,0.3333333333333333,0.0,3.2680873094587093,0.8888888888888888,1.0,0.7777777777777778,0.7777777777777778,0.2222222222222222
29,No,Travel_Rarely,Research & Development,9,3,3,4,1,Research Scientist,3,Married,2451,6,18,1,2,2,2,1,0,0.10855161158710729,0.3333333333333333,0.041666666666666664,1.932257776810751,0.14285714285714285,1.0,0.0,0.0,1.0
33,No,Travel_Rarely,Sales,8,4,1,3,2,Sales Executive,1,Married,6392,2,13,4,1,6,1,2,2,0.14827440550688367,0.20833333333333334,0.08333333333333333,1.8280213906649296,0.6666666666666666,0.6666666666666666,0.6666666666666666,0.6666666666666666,2.0
30,Yes,Travel_Rarely,Sales,1,3,2,2,2,Sales Executive,1,Married,9714,1,11,4,1,4,3,10,6,0.15072060942968915,0.20833333333333334,0.125,1.8016150260955637,5.0,1.4285714285714286,0.7272727272727273,0.6363636363636364,0.36363636363636365
38,No,Travel_Frequently,Human Resources,10,4,3,3,2,Human Resources,3,Married,6077,3,11,3,0,2,3,6,1,0.07853381602764523,0.25,0.08333333333333333,1.9742730903163912,1.5,3.0,0.42857142857142855,0.2857142857142857,0.2857142857142857
35,No,Travel_Rarely,Research & Development,1,3,4,2,1,Laboratory Technician,1,Single,2450,1,19,2,0,3,3,3,1,0.10832244897959178,0.2916666666666667,0.20833333333333334,1.4543593675082296,1.5,1.5,0.0,0.5,0.75
30,No,Travel_Rarely,Sales,29,4,3,3,3,Sales Executive,2,Married,9250,3,12,2,1,3,3,4,1,0.09403459459459457,0.25,0.16666666666666666,1.9546056276121788,1.0,2.0,0.4,0.6,0.6
35,Yes,Travel_Rarely,Research & Development,2,3,1,3,1,Laboratory Technician,1,Divorced,2074,1,12,4,1,2,3,1,0,0.07894889103182245,0.2916666666666667,0.6666666666666666,1.3507275460257682,0.5,1.0,0.0,0.0,1.0
53,Yes,Travel_Rarely,Research & Development,2,5,3,2,3,Manufacturing Director,4,Married,10169,0,16,2,1,4,3,33,1,0.09139836758776677,0.3333333333333333,0.125,2.8439174276707,33.0,16.5,0.20588235294117646,0.2647058823529412,0.11764705882352941
38,Yes,Travel_Rarely,Research & Development,2,3,3,3,2,Manufacturing Director,2,Married,4855,4,11,1,2,2,3,5,1,0.08938619979402683,0.3333333333333333,0.125,1.8359573223961398,1.0,2.5,0.3333333333333333,0.6666666666666666,0.3333333333333333
32,No,Non-Travel,Research & Development,1,4,4,3,2,Research Scientist,1,Married,4087,4,14,2,1,3,2,6,1,0.09316368974798146,0.2916666666666667,0.041666666666666664,2.3172869061590666,1.2,3.0,0.7142857142857143,0.2857142857142857,0.42857142857142855
48,No,Travel_Rarely,Research & Development,15,4,3,3,1,Research Scientist,1,Married,2367,8,12,4,1,3,2,8,7,0.1501520912547528,0.25,0.08333333333333333,2.0823291142702396,0.8888888888888888,1.0,0.2222222222222222,0.6666666666666666,0.3333333333333333
34,No,Travel_Rarely,Research & Development,7,4,1,3,1,Research Scientist,4,Single,2972,1,13,3,0,4,1,1,0,0.16153095558546438,0.20833333333333334,0.041666666666666664,1.4926544490746003,0.5,1.0,0.0,0.0,2.0
55,No,Travel_Rarely,Sales,26,5,3,2,5,Manager,4,Married,19586,1,21,3,1,3,3,36,2,0.1518737873991626,0.3333333333333333,0.125,3.8122645850114543,18.0,12.0,0.16216216216216217,0.35135135135135137,0.08108108108108109
34,No,Travel_Rarely,Research & Development,1,4,2,3,2,Research Scientist,4,Married,5484,9,17,2,1,3,2,2,2,0.06864697301239972,0.2916666666666667,0.041666666666666664,2.7643423700089014,0.2,0.6666666666666666,0.6666666666666666,0.3333333333333333,1.0
26,No,Travel_Rarely,Research & Development,3,3,1,3,1,Research Scientist,4,Married,2061,1,21,1,0,5,3,1,0,0.14917515769044146,0.3333333333333333,0.125,4.46697399941685,0.5,1.0,0.0,0.0,2.5
38,No,Travel_Rarely,Sales,14,3,3,3,2,Sales Executive,2,Married,9924,0,11,4,1,3,3,9,7,0.16261487303506658,0.2916666666666667,0.125,1.7414748101936823,9.0,1.125,0.8,0.7,0.3
38,No,Travel_Rarely,Sales,16,3,2,3,2,Sales Executive,2,Single,4198,2,12,2,0,5,4,3,1,0.11613149118627929,0.16666666666666666,0.08333333333333333,0.808777335571841,1.0,1.5,0.5,0.5,1.25
36,No,Travel_Rarely,Sales,1,4,2,3,2,Sales Executive,3,Single,6815,6,13,1,0,5,3,1,0,0.05983418928833462,0.20833333333333334,0.041666666666666664,0.981910469635372,0.14285714285714285,1.0,0.0,0.0,2.5
29,No,Travel_Rarely,Research & Development,3,1,2,3,1,Laboratory Technician,1,Single,4723,1,18,4,0,3,3,10,1,0.06434469616768995,0.2916666666666667,0.625,1.6527667308595624,5.0,5.0,0.8181818181818182,0.45454545454545453,0.2727272727272727
35,No,Travel_Rarely,Research & Development,10,4,1,3,2,Healthcare Representative,3,Single,6142,3,16,3,0,4,3,5,0,0.06903451644415504,0.20833333333333334,0.7083333333333334,2.012923335319185,1.25,5.0,0.3333333333333333,0.6666666666666666,0.6666666666666666
39,No,Travel_Rarely,Sales,6,3,4,4,3,Sales Executive,3,Married,8237,2,11,1,1,3,3,7,7,0.13757071749423336,0.20833333333333334,0.041666666666666664,1.0531601979358156,2.3333333333333335,0.875,0.75,0.75,0.375
29,No,Travel_Frequently,Research & Development,2,1,1,3,2,Healthcare Representative,4,Divorced,8853,1,19,4,1,0,4,6,1,0.08003501637862863,0.2916666666666667,0.0,1.9794016820854452,3.0,3.0,0.5714285714285714,0.42857142857142855,0.0
50,No,Travel_Rarely,Sales,9,3,3,3,5,Manager,3,Married,19331,4,16,3,1,2,3,1,0,0.14795768454813502,0.3333333333333333,0.8333333333333334,1.7769026434830095,0.2,1.0,0.0,0.0,1.0
23,No,Travel_Rarely,Research & Development,10,3,4,4,1,Research Scientist,3,Married,2073,2,16,4,1,2,3,2,2,0.10467920887602508,0.2916666666666667,0.25,1.9208747669359851,0.6666666666666666,0.6666666666666666,0.6666666666666666,0.6666666666666666,0.6666666666666666
36,No,Travel_Frequently,Research & Development,6,4,1,4,2,Laboratory Technician,1,Married,5562,3,13,4,1,3,3,3,0,0.125670622078389,0.3333333333333333,0.5833333333333334,1.9860622343292273,0.75,3.0,0.5,0.5,0.75
42,No,Travel_Rarely,Research & Development,9,2,4,2,5,Manager,4,Single,19613,8,22,4,0,2,3,1,0,0.17925202671697335,0.3333333333333333,0.08333333333333333,3.5999776226518865,0.1111111111111111,1.0,0.0,0.5,1.0
35,No,Travel_Rarely,Research & Development,28,3,2,4,2,Laboratory Technician,3,Married,3407,1,17,4,2,3,2,10,6,0.09106838861168183,0.25,0.08333333333333333,1.7152844979068549,5.0,1.4285714285714286,0.8181818181818182,0.7272727272727273,0.2727272727272727
34,No,Travel_Frequently,Research & Development,10,4,4,2,2,Healthcare Representative,3,Married,5063,1,14,2,1,3,2,8,7,0.13871025083942326,0.2916666666666667,0.08333333333333333,1.9123363071397452,4.0,1.0,0.2222222222222222,0.7777777777777778,0.3333333333333333
40,No,Travel_Rarely,Sales,14,2,4,3,2,Sales Executive,1,Married,4639,1,15,3,1,2,3,5,1,0.10484587195516278,0.3333333333333333,0.16666666666666666,1.369270492256189,2.5,2.5,0.6666666666666666,0.3333333333333333,0.3333333333333333
43,No,Travel_Rarely,Research & Development,27,3,4,4,1,Laboratory Technician,2,Divorced,4876,5,12,3,1,0,3,6,0,0.07974774405250212,0.3333333333333333,0.125,3.019273532297588,1.0,6.0,0.5714285714285714,0.2857142857142857,0.0
35,No,Travel_Rarely,Research & Development,7,2,3,2,1,Laboratory Technician,4,Married,2690,1,18,4,1,5,2,1,0,0.1339256505576209,0.20833333333333334,0.08333333333333333,1.2146603337922555,0.5,1.0,0.0,0.5,2.5
46,No,Travel_Rarely,Sales,1,4,4,4,4,Manager,1,Single,17567,1,15,2,0,5,1,26,0,0.11349917458871749,0.25,0.125,2.2668608376998667,13.0,26.0,0.0,0.4444444444444444,0.18518518518518517
28,Yes,Travel_Rarely,Research & Development,24,3,3,3,1,Laboratory Technician,2,Married,2408,1,17,3,3,3,3,1,0,0.13061877076411968,0.25,0.7916666666666666,1.25372585902026,0.5,1.0,0.5,0.0,1.5
22,No,Non-Travel,Research & Development,26,2,2,2,1,Research Scientist,3,Married,2814,1,14,2,0,2,2,4,1,0.05337242359630421,0.2916666666666667,0.5416666666666666,2.8631086735210096,2.0,2.0,0.4,0.6,0.4
50,No,Travel_Frequently,Research & Development,20,5,2,3,4,Healthcare Representative,3,Married,11245,2,15,3,1,3,3,30,12,0.07463228101378389,0.2916666666666667,0.625,2.556631978361632,10.0,2.3076923076923075,0.25806451612903225,0.41935483870967744,0.0967741935483871
32,No,Travel_Rarely,Research & Development,5,4,2,4,1,Research Scientist,4,Married,3312,3,17,4,2,3,3,3,0,0.15487620772946856,0.25,0.0,1.003258700634992,0.75,3.0,0.5,0.5,0.75
44,No,Travel_Rarely,Research & Development,7,3,2,3,5,Research Director,4,Divorced,19049,0,14,4,1,4,2,22,1,0.05576565698986817,0.20833333333333334,0.5833333333333334,1.9259064018658196,22.0,11.0,0.30434782608695654,0.43478260869565216,0.17391304347826086
30,No,Travel_Rarely,Research & Development,7,3,2,2,1,Research Scientist,2,Married,2141,1,12,2,1,3,2,6,1,0.13033629145259232,0.3333333333333333,0.16666666666666666,1.597430525431707,3.0,3.0,0.5714285714285714,0.14285714285714285,0.42857142857142855
45,No,Travel_Rarely,Research & Development,5,5,3,1,2,Laboratory Technician,1,Single,5769,1,14,1,0,3,3,10,1,0.08465591957011616,0.2916666666666667,0.7916666666666666,1.4689388456901582,5.0,5.0,0.6363636363636364,0.36363636363636365,0.2727272727272727
45,No,Non-Travel,Sales,26,3,1,2,2,Sales Executive,1,Married,4385,1,15,1,1,2,3,10,4,0.14572177879133405,0.3333333333333333,0.16666666666666666,1.7919930054582152,5.0,2.0,0.6363636363636364,0.45454545454545453,0.18181818181818182
31,No,Travel_Frequently,Sales,2,4,4,3,2,Sales Executive,1,Single,5332,7,13,4,0,3,3,5,0,0.05741935483870965,0.20833333333333334,0.08333333333333333,1.4483280129749678,0.625,5.0,0.3333333333333333,0.5,0.5
36,No,Travel_Rarely,Research & Development,12,4,3,3,2,Manufacturing Director,3,Married,4663,9,12,2,2,2,3,3,1,0.1358739009221531,0.16666666666666666,0.5833333333333334,0.6572674630669658,0.3,1.5,0.5,0.25,0.5
34,No,Travel_Frequently,Research & Development,10,4,3,4,2,Manufacturing Director,4,Divorced,4724,1,13,1,1,3,3,9,7,0.17985605419136333,0.25,0.08333333333333333,2.1456703896862623,4.5,1.125,0.7,0.2,0.3
49,No,Travel_Rarely,Research & Development,25,4,3,3,1,Laboratory Technician,1,Married,3211,1,14,4,1,3,2,9,1,0.05432575521644349,0.2916666666666667,0.041666666666666664,2.45690494280647,4.5,4.5,0.6,0.4,0.3
39,No,Travel_Rarely,Research & Development,10,5,2,3,2,Manufacturing Director,1,Married,5377,2,13,4,3,3,3,7,7,0.10765296633810682,0.3333333333333333,0.20833333333333334,1.460572970494113,2.3333333333333335,0.875,0.875,0.875,0.375
27,No,Travel_Rarely,Research & Development,19,3,4,2,1,Laboratory Technician,1,Divorced,4066,1,11,1,2,3,3,7,0,0.16415150024594186,0.25,0.08333333333333333,2.2563649547662346,3.5,7.0,0.875,0.875,0.375
35,No,Travel_Rarely,Research & Development,18,5,2,4,2,Research Scientist,1,Married,5208,1,11,4,0,2,3,16,1,0.10771121351766513,0.25,0.0,1.1956680922677483,8.0,8.0,0.8823529411764706,0.5882352941176471,0.11764705882352941
28,No,Travel_Rarely,Research & Development,27,3,2,1,2,Manufacturing Director,1,Divorced,4877,0,21,2,1,5,2,5,0,0.12281935616157469,0.3333333333333333,0.041666666666666664,5.9669744038219115,5.0,5.0,0.5,0.0,0.8333333333333334
21,No,Travel_Rarely,Research & Development,5,1,3,3,1,Research Scientist,4,Single,3117,1,18,3,0,2,3,2,2,0.14796278472890595,0.2916666666666667,0.041666666666666664,2.381730042810375,1.0,0.6666666666666666,0.6666666666666666,0.6666666666666666,0.6666666666666666
18,Yes,Travel_Frequently,Sales,3,2,2,3,1,Sales Representative,4,Single,1569,1,12,3,0,2,4,0,0,0.17557680050987892,0.2916666666666667,0.5833333333333334,2.8410721886228436,0.0,0.0,0.0,0.0,2.0
47,No,Travel_Rarely,Human Resources,26,4,4,3,5,Manager,3,Married,19658,3,11,3,1,2,3,5,1,0.10074880455794082,0.25,0.125,2.268296076543967,1.25,2.5,0.3333333333333333,0.0,0.3333333333333333
39,No,Travel_Rarely,Research & Development,3,2,3,2,2,Laboratory Technician,3,Divorced,3069,0,15,4,1,3,3,10,0,0.10240143369175626,0.2916666666666667,0.0,1.5989925106672667,10.0,10.0,0.7272727272727273,0.6363636363636364,0.2727272727272727
40,No,Travel_Rarely,Research & Development,15,3,1,2,3,Manufacturing Director,3,Married,10435,1,13,4,2,2,3,18,14,0.10568279827503586,0.3333333333333333,0.20833333333333334,2.00918066021143,9.0,1.2,0.7894736842105263,0.631578947368421,0.10526315789473684
35,No,Non-Travel,Research & Development,8,4,3,3,2,Healthcare Representative,3,Married,4148,1,12,4,1,5,3,14,2,0.05049180327868843,0.2916666666666667,0.16666666666666666,2.3922542631403787,7.0,4.666666666666667,0.7333333333333333,0.6,0.3333333333333333
37,No,Travel_Rarely,Research & Development,19,3,3,3,2,Manufacturing Director,3,Married,5768,3,17,1,3,2,2,4,0,0.07004334257975038,0.20833333333333334,0.041666666666666664,1.544652916432285,1.0,4.0,0.6,0.4,0.4
39,No,Travel_Frequently,Research & Development,4,3,1,3,2,Manufacturing Director,3,Single,5042,0,13,4,0,2,1,9,3,0.07053153510511699,0.25,0.041666666666666664,1.646356221139595,9.0,2.25,0.2,0.8,0.2
45,No,Travel_Rarely,Research & Development,2,2,4,2,2,Manufacturing Director,4,Divorced,5770,1,19,1,2,3,3,10,3,0.15196187175043321,0.3333333333333333,0.20833333333333334,2.557618449852695,5.0,2.5,0.6363636363636364,0.8181818181818182,0.2727272727272727
38,No,Travel_Rarely,Research & Development,2,2,4,2,3,Manufacturing Director,3,Married,7756,3,19,4,1,6,4,5,0,0.0771738009283135,0.25,0.75,1.0980388128024468,1.25,5.0,0.6666666666666666,0.3333333333333333,1.0
35,Yes,Travel_Rarely,Sales,10,3,4,2,3,Sales Executive,1,Married,10306,9,17,3,0,3,3,13,6,0.1323704638074907,0.125,0.041666666666666664,0.5587024068770607,1.3,1.8571428571428572,0.8571428571428571,0.0,0.21428571428571427
37,No,Travel_Rarely,Research & Development,10,3,2,3,1,Research Scientist,2,Married,3936,1,11,1,1,2,1,8,7,0.05833841463414632,0.20833333333333334,0.08333333333333333,1.5520826983862135,4.0,1.0,0.4444444444444444,0.7777777777777778,0.2222222222222222
40,No,Travel_Rarely,Research & Development,16,3,3,3,3,Manufacturing Director,4,Single,7945,6,15,4,0,2,2,4,3,0.09118691000629321,0.2916666666666667,0.5,1.7901553343830197,0.5714285714285714,1.0,0.4,0.6,0.4
44,No,Travel_Frequently,Human Resources,1,5,1,3,2,Human Resources,4,Married,5743,4,11,3,0,3,3,10,0,0.10219397527424684,0.25,0.75,2.1070331072070507,2.0,10.0,0.6363636363636364,0.18181818181818182,0.2727272727272727
48,No,Travel_Frequently,Research & Development,4,5,3,2,4,Manager,4,Married,15202,2,25,2,1,3,3,2,2,0.14433035126956983,0.3333333333333333,0.08333333333333333,6.062476941568415,0.6666666666666666,0.6666666666666666,0.6666666666666666,0.6666666666666666,1.0
35,Yes,Travel_Rarely,Sales,15,2,1,1,2,Sales Executive,4,Divorced,5440,6,14,4,2,2,2,2,2,0.09191727941176465,0.2916666666666667,0.75,1.2363309341232724,0.2857142857142857,0.6666666666666666,0.6666666666666666,0.6666666666666666,0.6666666666666666
24,No,Travel_Frequently,Research & Development,2,1,1,3,1,Research Scientist,4,Single,3760,1,13,3,0,2,3,6,1,0.12694414893617031,0.20833333333333334,0.6666666666666666,1.030444038644894,3.0,3.0,0.42857142857142855,0.42857142857142855,0.2857142857142857
27,No,Travel_Rarely,Research & Development,8,3,2,4,1,Research Scientist,3,Married,3517,7,17,1,0,0,3,3,0,0.10394370201876604,0.25,0.08333333333333333,2.1144809765972887,0.375,3.0,0.5,0.5,0.0
27,No,Travel_Frequently,Research & Development,2,3,4,3,1,Research Scientist,4,Single,2580,2,13,3,0,0,2,4,1,0.17829457364341086,0.25,0.041666666666666664,1.2414491863678232,1.3333333333333333,2.0,0.4,0.4,0.0
40,Yes,Travel_Rarely,Research & Development,7,3,1,3,1,Laboratory Technician,1,Single,2166,3,14,2,0,3,1,4,0,0.0919390581717451,0.20833333333333334,0.5833333333333334,1.2189071317674347,1.0,4.0,0.4,0.6,0.6
29,No,Travel_Rarely,Sales,10,3,3,2,2,Sales Executive,3,Single,5869,9,11,3,0,2,3,5,1,0.08153518486965407,0.25,0.08333333333333333,1.417329452488393,0.5,2.5,0.3333333333333333,0.6666666666666666,0.3333333333333333
36,No,Travel_Rarely,Research & Development,5,4,2,3,3,Healthcare Representative,1,Married,8008,4,12,3,2,6,3,3,0,0.07389235764235759,0.20833333333333334,0.16666666666666666,1.2871566433221155,0.6,3.0,0.5,0.5,1.5
25,No,Travel_Frequently,Research & Development,2,1,4,4,2,Manufacturing Director,3,Divorced,5206,1,17,3,2,6,3,7,0,0.1455474452554745,0.2916666666666667,0.08333333333333333,1.8486944522059452,3.5,7.0,0.875,0.875,0.75
39,No,Travel_Rarely,Research & Development,12,3,4,3,2,Manufacturing Director,2,Married,5295,4,21,3,0,3,3,5,1,0.08861945231350327,0.3333333333333333,0.08333333333333333,3.7060038040978585,1.0,2.5,0.6666666666666666,0.0,0.5
49,No,Travel_Rarely,Research & Development,22,4,1,3,4,Research Director,2,Married,16413,3,16,2,2,2,3,4,1,0.1789904344117468,0.25,0.125,2.4560406676744693,1.0,2.0,0.4,0.4,0.4
50,No,Travel_Rarely,Research & Development,17,5,4,2,3,Research Director,1,Divorced,13269,5,15,3,3,3,3,14,1,0.1691981309819881,0.2916666666666667,0.125,2.8160010129279125,2.3333333333333335,7.0,0.7333333333333333,0.7333333333333333,0.2
20,No,Travel_Rarely,Sales,2,3,3,3,1,Sales Representative,3,Single,2783,1,19,1,0,3,3,2,2,0.11807402084081922,0.25,0.08333333333333333,2.372262671008305,1.0,0.6666666666666666,0.6666666666666666,0.6666666666666666,1.0
34,No,Travel_Rarely,Research & Development,3,3,4,3,2,Research Scientist,2,Divorced,5433,1,12,3,1,2,3,11,7,0.10489784649364989,0.2916666666666667,0.041666666666666664,2.532553686360235,5.5,1.375,0.6666666666666666,0.75,0.16666666666666666
36,No,Travel_Rarely,Research & Development,7,3,1,3,1,Laboratory Technician,2,Single,2013,2,11,3,0,4,3,4,1,0.1324739195230999,0.2916666666666667,0.16666666666666666,1.8326165181495384,1.3333333333333333,2.0,0.6,0.6,0.8
49,No,Travel_Rarely,Research & Development,6,1,3,2,4,Healthcare Representative,3,Married,13966,2,19,2,1,3,3,15,2,0.09337247601317492,0.25,0.75,2.423017640999008,5.0,5.0,0.6875,0.75,0.1875
36,No,Non-Travel,Research & Development,1,4,4,2,2,Manufacturing Director,3,Married,4374,0,15,3,0,6,3,3,1,0.16901463191586658,0.3333333333333333,0.08333333333333333,1.851706228938618,3.0,1.5,0.5,0.5,1.5
36,No,Travel_Rarely,Research & Development,3,2,4,4,2,Healthcare Representative,1,Divorced,6842,6,20,1,1,3,3,5,0,0.11717918737211339,0.3333333333333333,0.041666666666666664,5.086519570280842,0.7142857142857143,5.0,0.6666666666666666,0.6666666666666666,0.5
54,No,Travel_Rarely,Research & Development,22,5,2,3,4,Manager,3,Married,17426,3,25,3,1,6,3,10,4,0.05673476414552966,0.3333333333333333,0.25,6.988999441236851,2.5,2.0,0.7272727272727273,0.6363636363636364,0.5454545454545454
43,No,Travel_Rarely,Research & Development,15,2,3,2,4,Research Director,3,Married,17603,1,24,1,1,3,3,14,6,0.1276481281599728,0.3333333333333333,0.041666666666666664,5.1023586526537965,7.0,2.0,0.6666666666666666,0.7333333333333333,0.2
35,Yes,Travel_Frequently,Sales,12,4,4,3,2,Sales Executive,4,Single,4581,3,24,1,0,2,4,11,6,0.12418030997598775,0.3333333333333333,0.6666666666666666,7.069050282786521,2.75,1.5714285714285714,0.75,0.5833333333333334,0.16666666666666666
38,No,Travel_Frequently,Research & Development,1,3,4,3,2,Research Scientist,4,Married,4735,7,15,4,2,4,4,13,2,0.17356071805702225,0.25,0.041666666666666664,1.6426657125968025,1.625,4.333333333333333,0.7857142857142857,0.6428571428571429,0.2857142857142857
29,No,Travel_Rarely,Sales,5,3,1,2,2,Sales Executive,2,Divorced,4187,1,13,2,1,3,2,10,0,0.11416049677573437,0.25,0.6666666666666666,1.494819491685793,5.0,10.0,0.0,0.8181818181818182,0.2727272727272727
33,No,Travel_Rarely,Sales,2,4,4,3,2,Sales Executive,4,Divorced,5505,1,14,3,2,5,3,6,0,0.17333151680290637,0.20833333333333334,0.041666666666666664,2.0359108553534866,3.0,6.0,0.2857142857142857,0.5714285714285714,0.7142857142857143
32,No,Travel_Rarely,Research & Development,2,3,4,3,2,Research Scientist,2,Divorced,5470,0,13,3,2,4,2,9,1,0.09930530164533817,0.2916666666666667,0.0,1.6474726329607292,9.0,4.5,0.5,0.6,0.4
31,No,Travel_Rarely,Sales,5,4,1,3,2,Sales Executive,4,Married,5476,1,11,1,2,2,3,10,0,0.11683528122717311,0.25,0.0,1.0631791166632445,5.0,10.0,0.0,0.18181818181818182,0.18181818181818182
49,No,Travel_Rarely,Research & Development,16,3,4,3,1,Laboratory Technician,1,Divorced,2587,4,16,2,1,2,2,2,2,0.17630459992269035,0.16666666666666666,0.75,0.7384600406469435,0.4,0.6666666666666666,0.6666666666666666,0.6666666666666666,0.6666666666666666
38,No,Travel_Frequently,Research & Development,2,3,4,2,1,Laboratory Technician,2,Single,2440,1,22,2,0,3,3,4,3,0.07120081967213115,0.3333333333333333,0.0,7.236192272564233,2.0,1.0,0.6,0.6,0.6
47,No,Travel_Rarely,Sales,2,4,2,4,4,Manager,2,Divorced,15972,6,14,3,3,2,3,3,1,0.06360568494866015,0.16666666666666666,0.125,1.2732120852512634,0.42857142857142855,1.5,0.5,0.5,0.5
49,No,Travel_Rarely,Research & Development,1,3,3,3,4,Manager,3,Single,15379,4,14,1,0,2,3,8,0,0.11483256388581822,0.16666666666666666,0.08333333333333333,1.0908146525187596,1.6,8.0,0.7777777777777778,0.0,0.2222222222222222
41,No,Travel_Rarely,Sales,23,2,4,3,3,Sales Executive,3,Single,7082,3,16,4,0,2,3,2,0,0.13781841287771812,0.25,0.5833333333333334,2.2020003615851373,0.5,2.0,0.0,0.6666666666666666,0.6666666666666666
20,No,Travel_Rarely,Sales,9,1,4,3,1,Sales Representative,1,Single,2728,1,11,1,0,3,3,2,0,0.08414956011730203,0.3333333333333333,0.08333333333333333,1.7443121579925738,1.0,2.0,0.6666666666666666,0.6666666666666666,1.0
33,No,Non-Travel,Sales,16,3,3,3,2,Sales Executive,4,Divorced,5368,1,25,3,1,2,3,6,1,0.13050111773472425,0.3333333333333333,0.7916666666666666,6.624041994248323,3.0,3.0,0.7142857142857143,0.2857142857142857,0.2857142857142857
36,No,Travel_Rarely,Research & Development,26,4,1,3,2,Healthcare Representative,3,Married,5347,6,14,2,2,2,2,3,0,0.1119581073499159,0.25,0.16666666666666666,2.461231132404307,0.42857142857142855,3.0,0.5,0.5,0.5
44,No,Travel_Rarely,Human Resources,1,3,3,3,1,Human Resources,4,Divorced,3195,4,18,1,3,2,3,2,2,0.11866353677621287,0.25,0.7083333333333334,1.952428360529218,0.4,0.6666666666666666,0.6666666666666666,0.6666666666666666,0.6666666666666666
23,Yes,Travel_Rarely,Research & Development,8,1,4,2,1,Laboratory Technician,3,Single,3989,1,11,1,0,2,3,5,1,0.12143645023815489,0.25,0.75,1.4267494749019756,2.5,2.5,0.6666666666666666,0.3333333333333333,0.3333333333333333
38,No,Travel_Rarely,Research & Development,4,2,4,3,1,Laboratory Technician,3,Married,3306,7,19,4,1,5,2,0,0,0.08345432546884456,0.25,0.041666666666666664,2.2290173818781267,0.0,0.0,0.0,0.0,5.0
53,No,Travel_Rarely,Research & Development,24,4,2,4,3,Healthcare Representative,4,Married,7005,3,15,3,0,2,3,4,1,0.1363083511777302,0.32,0.08,2.8198243853829665,1.0,2.0,0.6,0.4,0.4
48,Yes,Travel_Frequently,Sales,7,2,4,3,1,Sales Representative,3,Married,2655,2,11,3,2,3,3,9,7,0.17995480225988708,0.2916666666666667,0.5,2.409169934881656,3.0,1.125,0.7,0.7,0.3
32,Yes,Travel_Rarely,Research & Development,2,4,4,3,1,Laboratory Technician,2,Single,1393,1,12,1,0,2,3,1,0,0.14672648959081128,0.25,0.20833333333333334,1.4729451616899867,0.5,1.0,0.0,0.0,1.0
26,No,Non-Travel,Research & Development,7,3,4,3,1,Laboratory Technician,4,Single,2570,1,20,3,0,5,3,7,5,0.07354863813229572,0.3333333333333333,0.125,4.784932314008954,3.5,1.1666666666666667,0.875,0.875,0.625
55,No,Travel_Rarely,Research & Development,22,3,1,2,1,Research Scientist,2,Divorced,3537,5,12,4,1,1,3,4,1,0.11996607294317223,0.2916666666666667,0.0,1.5039720611303469,0.6666666666666666,2.0,0.4,0.4,0.2
34,No,Travel_Rarely,Research & Development,5,2,2,2,2,Laboratory Technician,4,Married,3986,1,14,3,1,3,4,15,4,0.1460386352232814,0.2916666666666667,0.125,2.1710151646644826,7.5,3.0,0.625,0.8125,0.1875
60,No,Travel_Rarely,Research & Development,1,4,3,1,3,Healthcare Representative,4,Divorced,10883,3,20,3,1,2,4,1,0,0.16396398052007718,0.3333333333333333,0.125,4.012913019887742,0.25,1.0,0.0,0.0,1.0
33,No,Travel_Rarely,Research & Development,21,3,2,4,1,Laboratory Technician,2,Married,2028,1,18,4,3,6,3,14,2,0.0890976331360947,0.2916666666666667,0.08333333333333333,1.3329840921019618,7.0,4.666666666666667,0.7333333333333333,0.8666666666666667,0.4
37,No,Travel_Frequently,Sales,1,4,3,1,2,Sales Executive,4,Divorced,9525,1,14,3,2,2,2,6,1,0.10887664041994743,0.3333333333333333,0.0,2.84106062496784,3.0,3.0,0.42857142857142855,0.42857142857142855,0.2857142857142857
34,No,Travel_Rarely,Research & Development,19,3,2,2,1,Research Scientist,4,Married,2929,1,12,2,0,3,3,10,8,0.12784568111983613,0.2916666666666667,0.20833333333333334,1.7422522749257665,5.0,1.1111111111111112,0.8181818181818182,0.6363636363636364,0.2727272727272727
23,Yes,Travel_Rarely,Sales,7,3,3,3,1,Sales Representative,4,Divorced,2275,1,21,2,1,2,3,3,0,0.1211252747252747,0.3333333333333333,0.625,5.5185304917978435,1.5,3.0,0.5,0.5,0.5
44,No,Travel_Rarely,Research & Development,2,3,3,4,3,Healthcare Representative,4,Married,7879,1,19,2,1,2,3,8,6,0.08720649828658464,0.25,0.625,2.165435357146332,4.0,1.1428571428571428,0.7777777777777778,0.7777777777777778,0.2222222222222222
35,No,Travel_Frequently,Research & Development,2,4,1,2,1,Research Scientist,4,Single,4930,0,14,3,0,2,4,5,1,0.12229817444219072,0.2916666666666667,0.75,2.904395588106954,5.0,2.5,0.6666666666666666,0.6666666666666666,0.3333333333333333
43,No,Travel_Rarely,Sales,2,3,4,3,2,Sales Executive,4,Married,7847,1,17,1,1,3,3,10,8,0.0784236013763221,0.2916666666666667,0.7083333333333334,2.6978191800882243,5.0,1.1111111111111112,0.8181818181818182,0.7272727272727273,0.2727272727272727
24,No,Travel_Rarely,Research & Development,9,3,3,4,1,Research Scientist,3,Married,4401,1,16,4,1,1,3,5,0,0.16252442626675764,0.20833333333333334,0.08333333333333333,1.7932866241783265,2.5,5.0,0.5,0.6666666666666666,0.16666666666666666
41,No,Travel_Rarely,Sales,6,3,4,3,3,Sales Executive,3,Single,9241,1,12,2,0,3,3,10,8,0.08175305702846007,0.25,0.125,2.3330112479876934,5.0,1.1111111111111112,0.7272727272727273,0.6363636363636364,0.2727272727272727
29,No,Travel_Rarely,Research & Development,9,4,4,3,1,Laboratory Technician,3,Married,2974,9,17,3,1,2,3,5,1,0.16356758574310687,0.2916666666666667,0.16666666666666666,1.1952384396877498,0.5,2.5,0.5,0.3333333333333333,0.3333333333333333
36,No,Travel_Rarely,Sales,2,4,3,3,2,Sales Representative,4,Single,4502,3,15,3,0,2,2,13,6,0.05028431808085298,0.20833333333333334,0.125,1.3088572734816983,3.25,1.8571428571428572,0.5,0.5,0.14285714285714285
45,No,Non-Travel,Research & Development,1,1,3,2,3,Healthcare Representative,3,Married,10748,3,23,4,1,3,2,23,14,0.1631512839598064,0.3333333333333333,0.08333333333333333,5.601609527745381,5.75,1.5333333333333334,0.625,0.16666666666666666,0.125
24,Yes,Travel_Rarely,Human Resources,22,1,4,1,1,Human Resources,3,Married,1555,1,11,3,1,2,3,1,0,0.17189710610932474,0.2916666666666667,0.125,1.8001900332558198,0.5,1.0,0.0,0.0,1.0
47,Yes,Travel_Frequently,Sales,9,3,3,1,4,Sales Executive,3,Married,12936,7,11,3,0,3,1,23,14,0.06961270871985159,0.2916666666666667,0.25,1.5163858977461726,2.875,1.5333333333333334,0.20833333333333334,0.4166666666666667,0.125
26,No,Travel_Rarely,Research & Development,17,4,4,1,1,Laboratory Technician,3,Married,2305,1,15,3,3,3,4,3,0,0.1602169197396964,0.25,0.041666666666666664,2.1278263918031395,1.5,3.0,0.5,0.5,0.75
45,No,Travel_Rarely,Research & Development,28,2,4,2,4,Research Director,2,Single,16704,1,11,3,0,2,3,21,8,0.15325850095785434,0.20833333333333334,0.041666666666666664,1.8419528861232228,10.5,2.3333333333333335,0.2727272727272727,0.2727272727272727,0.09090909090909091
32,No,Travel_Frequently,Research & Development,10,3,1,3,1,Research Scientist,3,Married,3433,6,13,1,1,3,2,5,1,0.16131371977861927,0.2916666666666667,0.20833333333333334,2.547881795149726,0.7142857142857143,2.5,0.3333333333333333,0.5,0.5
31,No,Travel_Rarely,Research & Development,2,4,2,3,1,Laboratory Technician,3,Married,3477,1,14,4,1,2,4,5,0,0.09528616623526026,0.2916666666666667,0.041666666666666664,2.428110555213709,2.5,5.0,0.3333333333333333,0.5,0.3333333333333333
41,No,Non-Travel,Human Resources,4,3,3,1,2,Human Resources,2,Married,6430,6,19,2,1,4,3,3,1,0.1366811819595645,0.25,0.125,1.077656908036714,0.42857142857142855,1.5,0.5,0.5,1.0
40,No,Travel_Rarely,Research & Development,8,2,2,3,2,Manufacturing Director,1,Married,6516,2,16,2,1,3,3,1,0,0.11012430939226515,0.2916666666666667,0.6666666666666666,2.085713710804532,0.3333333333333333,1.0,0.0,0.0,1.5
24,No,Travel_Rarely,Research & Development,29,1,2,3,1,Laboratory Technician,1,Divorced,3907,1,13,2,3,2,4,6,1,0.0583465574609675,0.25,0.16666666666666666,1.135751317672143,3.0,3.0,0.2857142857142857,0.2857142857142857,0.2857142857142857
46,No,Travel_Rarely,Research & Development,13,4,3,3,2,Healthcare Representative,2,Single,5562,6,14,4,0,3,3,10,0,0.1430276878820569,0.3333333333333333,0.125,2.472783752002062,1.4285714285714286,10.0,0.6363636363636364,0.8181818181818182,0.2727272727272727
35,No,Travel_Rarely,Research & Development,27,4,4,3,2,Manufacturing Director,3,Married,6883,2,16,2,1,3,3,7,0,0.12548162138602348,0.25,0.041666666666666664,2.1396442745510846,2.3333333333333335,7.0,0.875,0.875,0.375
30,No,Travel_Rarely,Research & Development,16,1,2,3,1,Research Scientist,4,Married,2862,1,12,2,1,2,2,10,0,0.1164185883997205,0.2916666666666667,0.08333333333333333,1.6952993054535188,5.0,10.0,0.0,0.7272727272727273,0.18181818181818182
47,No,Non-Travel,Sales,2,4,3,3,2,Sales Executive,2,Married,4978,7,11,4,1,3,1,1,0,0.08186219365206915,0.25,0.20833333333333334,2.1965137077193013,0.125,1.0,0.0,0.0,1.5
46,No,Travel_Rarely,Sales,2,3,3,3,3,Sales Executive,4,Divorced,10368,4,12,2,1,5,2,10,0,0.07059992283950613,0.3333333333333333,0.75,3.3268340411597506,2.0,10.0,0.5454545454545454,0.2727272727272727,0.45454545454545453
36,Yes,Travel_Rarely,Sales,13,5,2,2,2,Sales Executive,1,Divorced,6134,5,13,2,3,3,3,2,2,0.13377404629931525,0.25,0.75,2.3986722671143985,0.3333333333333333,0.6666666666666666,0.6666666666666666,0.6666666666666666,1.0
32,Yes,Travel_Rarely,Sales,1,2,1,1,2,Sales Executive,2,Single,6735,6,15,2,0,2,3,0,0,0.08666666666666664,0.25,0.08333333333333333,1.4175305401407923,0.0,0.0,0.0,0.0,2.0
23,No,Travel_Rarely,Research & Development,4,1,3,3,1,Laboratory Technician,2,Single,3295,1,13,3,0,3,1,3,1,0.11662518968133542,0.20833333333333334,0.08333333333333333,1.3108315321774533,1.5,1.5,0.5,0.5,0.75
31,No,Travel_Frequently,Research & Development,24,1,4,3,2,Manufacturing Director,4,Single,5238,2,20,4,0,3,2,5,1,0.1678560519282168,0.3333333333333333,0.16666666666666666,5.350163892141554,1.6666666666666667,2.5,0.6666666666666666,0.6666666666666666,0.5
39,No,Non-Travel,Research & Development,1,3,4,3,2,Laboratory Technician,4,Married,6472,1,15,4,1,2,3,9,5,0.0527101359703338,0.3333333333333333,0.8333333333333334,2.7308406104596594,4.5,1.5,0.8,0.8,0.2
32,No,Travel_Rarely,Sales,19,3,4,1,3,Sales Executive,3,Married,9610,3,13,3,1,2,1,4,0,0.14154630593132156,0.3333333333333333,0.08333333333333333,3.043222492009917,1.0,4.0,0.6,0.4,0.4
40,No,Travel_Rarely,Sales,7,4,2,3,5,Manager,2,Single,19833,1,14,2,0,3,2,21,12,0.1791725911359854,0.2916666666666667,0.08333333333333333,2.4024831209501625,10.5,1.6153846153846154,0.36363636363636365,0.36363636363636365,0.13636363636363635
45,No,Travel_Rarely,Human Resources,4,3,3,1,3,Human Resources,3,Married,9756,4,21,3,2,2,4,5,0,0.06672099220992213,0.3333333333333333,0.041666666666666664,7.161410852593994,1.0,5.0,0.0,0.5,0.3333333333333333
30,No,Travel_Frequently,Research & Development,2,4,4,2,1,Research Scientist,1,Single,4968,0,16,4,0,2,3,9,0,0.12428542673107887,0.3333333333333333,0.041666666666666664,3.277214498451037,9.0,9.0,0.7,0.7,0.2
24,No,Travel_Frequently,Human Resources,10,3,1,3,1,Human Resources,4,Married,2145,0,14,4,1,2,3,2,2,0.1035571095571096,0.2916666666666667,0.08333333333333333,1.2800871816073436,2.0,0.6666666666666666,0.6666666666666666,0.3333333333333333,0.6666666666666666
30,Yes,Travel_Frequently,Human Resources,8,3,3,2,1,Human Resources,4,Divorced,2180,6,11,3,1,0,2,4,1,0.13113302752293574,0.20833333333333334,0.08333333333333333,1.8966446767957783,0.5714285714285714,2.0,0.4,0.4,0.0
31,No,Travel_Rarely,Sales,5,3,1,3,2,Sales Executive,3,Married,8346,1,19,3,1,3,3,5,0,0.06687754612988256,0.25,0.125,2.0162653434722975,2.5,5.0,0.3333333333333333,0.3333333333333333,0.5
27,No,Travel_Rarely,Research & Development,8,3,3,3,1,Research Scientist,4,Single,3445,1,11,3,0,5,2,6,1,0.12659796806966622,0.2916666666666667,0.125,2.5915340358903842,3.0,3.0,0.2857142857142857,0.5714285714285714,0.7142857142857143
29,Yes,Travel_Rarely,Sales,9,3,2,1,1,Sales Representative,2,Single,2760,1,13,3,0,3,3,2,2,0.12418115942028977,0.20833333333333334,0.16666666666666666,1.9204483503445118,1.0,0.6666666666666666,0.6666666666666666,0.6666666666666666,1.0
29,No,Travel_Frequently,Research & Development,1,3,4,4,2,Healthcare Representative,3,Single,6294,8,12,4,0,5,4,3,0,0.06827136955830947,0.25,0.625,1.4027556098476022,0.3333333333333333,3.0,0.5,0.5,1.25
30,No,Travel_Rarely,Sales,15,2,3,2,3,Sales Executive,1,Divorced,7140,2,11,1,1,2,3,7,1,0.17532072829131665,0.2916666666666667,0.041666666666666664,1.9490576174179455,2.3333333333333335,3.5,0.875,0.875,0.25
34,No,Travel_Rarely,Research & Development,2,4,4,4,1,Research Scientist,4,Married,2932,0,14,1,3,3,3,5,1,0.09567189631650758,0.2916666666666667,0.7916666666666666,1.3900028755545908,5.0,2.5,0.0,0.3333333333333333,0.5
33,No,Non-Travel,Sales,2,3,4,3,2,Sales Executive,2,Single,5147,8,15,4,0,2,2,11,1,0.17425879152904603,0.25,0.08333333333333333,1.8280787553139957,1.2222222222222223,5.5,0.5833333333333334,0.5833333333333334,0.16666666666666666
49,No,Travel_Rarely,Sales,11,4,4,3,2,Sales Executive,4,Single,4507,3,12,3,0,1,4,5,0,0.12830707787885506,0.2916666666666667,0.125,2.5408974717168396,1.25,5.0,0.16666666666666666,0.6666666666666666,0.16666666666666666
33,Yes,Travel_Rarely,Sales,16,3,1,3,3,Sales Executive,1,Single,8564,2,20,3,0,2,2,0,0,0.15823563755254544,0.3333333333333333,0.7083333333333334,6.425174619225967,0.0,0.0,0.0,0.0,2.0
38,No,Travel_Frequently,Research & Development,2,2,3,2,1,Laboratory Technician,2,Married,2468,4,14,2,1,4,2,6,0,0.16624797406807137,0.3333333333333333,0.041666666666666664,3.197453952315547,1.2,6.0,0.14285714285714285,0.7142857142857143,0.5714285714285714
31,Yes,Travel_Rarely,Sales,16,4,1,3,3,Sales Executive,3,Married,8161,2,13,1,3,2,3,1,0,0.1547102070824654,0.25,0.20833333333333334,1.3706012011640745,0.3333333333333333,1.0,0.0,0.0,1.0
29,No,Travel_Rarely,Research & Development,4,3,4,2,1,Research Scientist,1,Divorced,2109,1,13,3,1,2,3,1,0,0.08837837837837832,0.3333333333333333,0.125,2.968908096242562,0.5,1.0,0.0,0.0,1.0
30,No,Travel_Rarely,Research & Development,16,3,3,4,2,Healthcare Representative,3,Married,5294,3,16,3,1,3,3,7,1,0.12904986777483937,0.20833333333333334,0.08333333333333333,1.482770602449227,1.75,3.5,0.0,0.875,0.375
32,No,Non-Travel,Research & Development,5,4,2,3,1,Research Scientist,2,Single,2718,2,14,2,0,3,3,7,0,0.13033848417954386,0.25,0.125,1.9384207956601962,2.3333333333333335,7.0,0.875,0.875,0.375
38,No,Travel_Rarely,Research & Development,18,3,2,1,2,Healthcare Representative,4,Married,5811,3,16,3,1,2,3,1,1,0.11877129581827574,0.2916666666666667,0.5833333333333334,1.7784353921617992,0.25,0.5,0.0,0.0,1.0
43,Yes,Travel_Frequently,Research & Development,17,3,3,2,1,Research Scientist,3,Married,2437,9,16,4,1,4,3,1,0,0.16436602379975376,0.25,0.7916666666666666,1.090084237171208,0.1,1.0,0.0,0.0,2.0
42,No,Travel_Rarely,Research & Development,12,3,2,3,1,Laboratory Technician,2,Divorced,2766,8,22,2,3,6,2,5,0,0.15809110629067252,0.3333333333333333,0.041666666666666664,3.760068366440457,0.5555555555555556,5.0,0.5,0.6666666666666666,1.0
55,No,Travel_Rarely,Research & Development,2,3,3,2,5,Research Director,1,Married,19038,8,12,2,3,2,3,1,0,0.07094127534404884,0.2916666666666667,0.125,2.3512163261927137,0.1111111111111111,1.0,0.0,0.0,1.0
33,No,Non-Travel,Research & Development,4,3,4,3,2,Research Scientist,2,Divorced,3055,5,15,4,2,2,2,9,1,0.16160392798690665,0.25,0.125,1.3451603217824342,1.5,4.5,0.8,0.7,0.2
41,No,Travel_Rarely,Research & Development,9,4,3,3,1,Laboratory Technician,1,Divorced,2289,1,20,2,2,2,3,5,0,0.11484054172127561,0.3333333333333333,0.08333333333333333,5.795521713704432,2.5,5.0,0.5,0.6666666666666666,0.3333333333333333
34,No,Non-Travel,Sales,10,3,4,3,2,Sales Executive,3,Divorced,4001,1,14,3,1,3,3,15,0,0.12588102974256427,0.2916666666666667,0.7083333333333334,1.7687850624780783,7.5,15.0,0.875,0.4375,0.1875
53,No,Non-Travel,Research & Development,1,4,1,2,4,Manufacturing Director,3,Married,12965,4,20,4,3,2,2,3,0,0.12941149247975317,0.3333333333333333,0.7916666666666666,5.453596004815537,0.6,3.0,0.5,0.5,0.5
43,No,Travel_Rarely,Human Resources,2,3,2,3,1,Human Resources,4,Single,3539,0,13,2,0,5,3,9,1,0.10975134218705845,0.2916666666666667,0.041666666666666664,1.6979094259082919,9.0,4.5,0.7,0.8,0.5
34,No,Travel_Rarely,Sales,3,2,4,1,2,Sales Executive,4,Single,6029,5,12,1,0,3,3,2,2,0.13503566097196884,0.25,0.041666666666666664,1.4318034766813357,0.3333333333333333,0.6666666666666666,0.6666666666666666,0.6666666666666666,1.0
21,Yes,Travel_Rarely,Sales,7,1,2,3,1,Sales Representative,2,Single,2679,1,13,2,0,3,3,1,1,0.0518215752146323,0.2916666666666667,0.125,2.7035177452059784,0.5,0.5,0.0,0.0,1.5
38,No,Travel_Rarely,Research & Development,6,2,4,2,1,Laboratory Technician,3,Married,3702,1,11,2,1,3,3,5,0,0.09745813074014045,0.20833333333333334,0.125,1.4931856233817455,2.5,5.0,0.6666666666666666,0.6666666666666666,0.5
22,Yes,Travel_Rarely,Research & Development,8,1,3,3,1,Laboratory Technician,1,Married,2398,1,17,3,0,6,3,1,0,0.07175145954962467,0.16666666666666666,0.7083333333333334,1.0389286111964045,0.5,1.0,0.0,0.0,3.0
31,No,Travel_Rarely,Sales,29,4,1,2,2,Sales Executive,4,Married,5468,1,14,1,2,3,3,12,5,0.05689283101682519,0.2916666666666667,0.08333333333333333,1.415363844201089,6.0,2.0,0.5384615384615384,0.5384615384615384,0.23076923076923078
51,No,Travel_Rarely,Research & Development,3,3,1,3,3,Manager,3,Married,13116,2,11,4,0,2,3,2,2,0.05838289112534309,0.3333333333333333,0.08333333333333333,2.2747385771822883,0.6666666666666666,0.6666666666666666,0.6666666666666666,0.6666666666666666,0.6666666666666666
37,No,Travel_Rarely,Sales,9,2,2,2,2,Sales Executive,2,Married,4189,1,14,1,2,2,3,5,0,0.17740749582239193,0.2916666666666667,0.20833333333333334,2.0396093979985674,2.5,5.0,0.3333333333333333,0.5,0.3333333333333333
46,No,Travel_Rarely,Research & Development,2,4,3,3,5,Research Director,4,Divorced,19328,7,17,3,1,3,3,2,2,0.0774384312913907,0.20833333333333334,0.7916666666666666,1.9204420980151096,0.25,0.6666666666666666,0.3333333333333333,0.6666666666666666,1.0
36,No,Travel_Rarely,Research & Development,10,3,4,3,3,Healthcare Representative,1,Married,8321,7,13,4,1,1,3,12,5,0.11975724071626007,0.25,0.8333333333333334,1.064480248078738,1.5,2.0,0.6153846153846154,0.5384615384615384,0.07692307692307693
44,Yes,Travel_Frequently,Research & Development,1,2,3,3,1,Research Scientist,2,Divorced,2342,1,12,3,3,2,2,5,2,0.06804013663535435,0.2916666666666667,0.7083333333333334,2.0725886525128594,2.5,1.6666666666666667,0.5,0.5,0.3333333333333333
37,No,Travel_Rarely,Human Resources,8,2,3,3,2,Human Resources,2,Divorced,4071,2,13,3,0,4,2,10,4,0.09834438712846959,0.20833333333333334,0.08333333333333333,1.2142638047023955,3.3333333333333335,2.0,0.0,0.6363636363636364,0.36363636363636365
35,Yes,Travel_Rarely,Sales,27,3,3,3,2,Sales Executive,4,Single,5813,1,18,4,0,2,3,10,7,0.14015998623774298,0.25,0.625,1.6993152092035884,5.0,1.25,0.6363636363636364,0.6363636363636364,0.18181818181818182
33,No,Travel_Rarely,Research & Development,8,4,4,4,1,Research Scientist,1,Married,3143,6,19,2,1,1,3,10,7,0.09112949411390393,0.20833333333333334,0.08333333333333333,1.6559242935457241,1.4285714285714286,1.25,0.7272727272727273,0.5454545454545454,0.09090909090909091
28,No,Travel_Rarely,Research & Development,1,3,3,3,1,Research Scientist,4,Married,2044,1,11,3,1,6,4,5,0,0.07217221135029353,0.25,0.041666666666666664,1.7737422605549467,2.5,5.0,0.5,0.5,1.0
39,No,Travel_Rarely,Research & Development,10,1,3,3,3,Research Director,3,Single,13464,7,21,3,0,3,3,4,2,0.11686200237670828,0.3333333333333333,0.16666666666666666,4.979948959286135,0.5,1.3333333333333333,0.6,0.4,0.6
46,No,Non-Travel,Sales,26,2,2,2,2,Sales Executive,2,Single,7991,8,15,3,0,3,3,2,2,0.10175071955950446,0.3333333333333333,0.0,1.48700736753255,0.2222222222222222,0.6666666666666666,0.6666666666666666,0.6666666666666666,1.0
40,No,Travel_Rarely,Research & Development,2,2,3,3,1,Laboratory Technician,1,Married,3377,4,17,4,1,5,2,4,0,0.1640420491560556,0.25,0.125,1.3847210648100639,0.8,4.0,0.6,0.4,1.0
42,No,Travel_Rarely,Research & Development,13,3,2,4,2,Healthcare Representative,1,Married,5538,5,18,3,2,2,2,0,0,0.1223510292524377,0.2916666666666667,0.20833333333333334,2.7341811317629747,0.0,0.0,0.0,0.0,2.0
35,No,Non-Travel,Research & Development,2,2,2,3,2,Manufacturing Director,4,Divorced,5762,2,14,3,1,6,3,7,1,0.1323984727525165,0.20833333333333334,0.16666666666666666,1.7734140421423,2.3333333333333335,3.5,0.875,0.875,0.75
38,No,Non-Travel,Human Resources,2,3,1,3,1,Human Resources,2,Divorced,2592,5,13,4,3,3,3,11,3,0.12118441358024697,0.2916666666666667,0.041666666666666664,1.3460079918371948,1.8333333333333333,2.75,0.8333333333333334,0.6666666666666666,0.25
34,Yes,Travel_Frequently,Research & Development,9,4,4,3,2,Laboratory Technician,1,Married,5346,4,17,3,1,3,2,7,0,0.17116348671904227,0.3333333333333333,0.08333333333333333,2.018140994181574,1.4,7.0,0.125,0.875,0.375
37,Yes,Travel_Rarely,Research & Development,10,4,4,3,2,Manufacturing Director,1,Single,4213,1,15,2,0,4,1,10,0,0.16828625682411577,0.25,0.0,2.0281357724529525,5.0,10.0,0.2727272727272727,0.7272727272727273,0.36363636363636365
39,No,Travel_Frequently,Sales,20,3,3,3,2,Sales Executive,4,Divorced,4127,2,18,4,1,6,3,2,2,0.07295856554397877,0.25,0.16666666666666666,1.263324283583154,0.6666666666666666,0.6666666666666666,0.3333333333333333,0.6666666666666666,2.0
43,No,Non-Travel,Research & Development,9,3,1,3,1,Research Scientist,3,Single,2438,4,13,3,0,2,2,3,1,0.13990566037735855,0.25,0.08333333333333333,1.3164439304398492,0.6,1.5,0.5,0.5,0.5
41,No,Travel_Rarely,Research & Development,5,3,2,4,2,Healthcare Representative,2,Single,6870,3,12,1,0,3,1,3,1,0.05182096069868999,0.2916666666666667,0.125,2.0030017950706145,0.75,1.5,0.5,0.5,0.75
41,No,Travel_Rarely,Sales,4,1,3,3,3,Sales Executive,3,Divorced,10447,0,13,4,1,3,4,22,13,0.14188283717813727,0.20833333333333334,0.6666666666666666,1.9663272223195452,22.0,1.5714285714285714,0.6086956521739131,0.21739130434782608,0.13043478260869565
30,No,Travel_Rarely,Research & Development,10,3,1,3,3,Manufacturing Director,3,Single,9667,9,14,2,0,3,3,7,0,0.14522499224164678,0.2916666666666667,0.08333333333333333,1.4307114743713922,0.7,7.0,0.875,0.25,0.375
26,Yes,Travel_Rarely,Human Resources,20,2,4,3,1,Human Resources,2,Married,2148,0,11,3,0,3,3,5,1,0.10774674115456241,0.2916666666666667,0.875,1.943900023417562,5.0,2.5,0.16666666666666666,0.6666666666666666,0.5
46,Yes,Travel_Rarely,Research & Development,21,2,4,3,2,Healthcare Representative,2,Married,8926,4,22,4,1,2,4,9,3,0.057103965942191255,0.3333333333333333,0.20833333333333334,7.24286115782873,1.8,2.25,0.7,0.7,0.2
40,No,Travel_Rarely,Research & Development,1,3,3,3,2,Healthcare Representative,4,Divorced,6513,4,17,4,1,3,3,5,0,0.06146169200061419,0.2916666666666667,0.16666666666666666,2.450948263234597,1.0,5.0,0.5,0.5,0.5
34,No,Travel_Rarely,Sales,8,2,2,4,2,Sales Executive,3,Married,6799,1,21,3,2,5,3,10,4,0.13012354758052655,0.3333333333333333,0.16666666666666666,4.4087540059642185,5.0,2.0,0.7272727272727273,0.7272727272727273,0.45454545454545453
58,No,Non-Travel,Sales,2,3,2,3,4,Manager,2,Divorced,16291,4,22,4,1,0,2,16,14,0.12134307286231658,0.3333333333333333,0.16666666666666666,5.129369515007113,3.2,1.0666666666666667,0.5294117647058824,0.8235294117647058,0.0
35,No,Travel_Rarely,Research & Development,23,4,2,1,1,Laboratory Technician,3,Married,2705,0,16,2,1,2,4,5,0,0.15850277264325324,0.16666666666666666,0.0,1.4719902947263255,5.0,5.0,0.6666666666666666,0.5,0.3333333333333333
47,No,Travel_Rarely,Research & Development,4,3,3,2,3,Manufacturing Director,2,Divorced,10333,8,12,3,1,4,3,22,14,0.09345591793283657,0.25,0.9583333333333334,2.455291552534479,2.4444444444444446,1.4666666666666666,0.4782608695652174,0.43478260869565216,0.17391304347826086
40,No,Travel_Rarely,Research & Development,12,3,2,3,2,Healthcare Representative,1,Divorced,4448,2,12,2,1,3,3,7,7,0.10009442446043171,0.16666666666666666,0.125,1.5072632148785745,2.3333333333333335,0.875,0.5,0.875,0.375
54,No,Travel_Rarely,Research & Development,7,4,4,3,2,Research Scientist,4,Married,6854,4,15,2,1,2,2,7,1,0.10426466297052818,0.16666666666666666,0.125,1.5741629193213715,1.4,3.5,0.125,0.875,0.25
31,No,Travel_Frequently,Sales,7,4,1,3,3,Sales Executive,1,Married,9637,2,14,4,2,3,3,3,2,0.14734460931825247,0.25,0.041666666666666664,2.1496827682686654,1.0,1.0,0.5,0.5,0.75
28,No,Travel_Rarely,Research & Development,1,3,3,3,1,Research Scientist,1,Married,3591,1,25,3,1,3,3,3,1,0.1759760512392092,0.3333333333333333,0.08333333333333333,7.418662616345137,1.5,1.5,0.5,0.5,0.75
38,No,Travel_Rarely,Sales,2,4,2,1,2,Sales Representative,4,Married,5405,2,20,1,2,4,2,4,0,0.11135800185013882,0.3333333333333333,0.7083333333333334,4.8448013060368105,1.3333333333333333,4.0,0.4,0.6,0.8
26,No,Travel_Rarely,Sales,10,3,3,3,2,Sales Executive,4,Single,4684,1,13,1,0,4,3,5,1,0.16011955593509822,0.3333333333333333,0.16666666666666666,1.8474995058311918,2.5,2.5,0.5,0.3333333333333333,0.6666666666666666
58,No,Travel_Frequently,Research & Development,15,4,1,3,4,Research Director,3,Married,15787,2,14,2,0,3,3,2,2,0.09426173433837971,0.20833333333333334,0.7916666666666666,1.8508968471079887,0.6666666666666666,0.6666666666666666,0.6666666666666666,0.6666666666666666,1.0
18,No,Non-Travel,Research & Development,14,3,2,3,1,Research Scientist,3,Single,1514,1,16,3,0,4,1,0,0,0.13307133421400266,0.2916666666666667,0.041666666666666664,1.6966965495151969,0.0,0.0,0.0,0.0,4.0
31,Yes,Travel_Rarely,Human Resources,18,5,4,4,1,Human Resources,1,Married,2956,0,17,3,0,4,3,1,0,0.09125507442489851,0.2916666666666667,0.20833333333333334,2.5548433024516206,1.0,1.0,0.0,0.0,2.0
29,Yes,Travel_Rarely,Human Resources,13,3,1,2,1,Human Resources,1,Divorced,2335,4,15,4,3,3,3,2,2,0.12156745182012853,0.25,0.75,1.2842108353070598,0.4,0.6666666666666666,0.6666666666666666,0.0,1.0
45,No,Non-Travel,Sales,2,4,3,3,2,Sales Executive,3,Married,5154,4,22,2,2,3,4,8,5,0.0966589057043074,0.3333333333333333,0.041666666666666664,5.437099770965169,1.6,1.3333333333333333,0.7777777777777778,0.7777777777777778,0.3333333333333333
36,No,Travel_Rarely,Research & Development,2,4,4,3,2,Research Scientist,2,Married,6962,4,22,4,1,2,3,1,0,0.07890835966676238,0.3333333333333333,0.6666666666666666,6.731274406380002,0.2,1.0,0.0,0.0,1.0
43,No,Travel_Frequently,Sales,2,4,1,3,2,Sales Executive,4,Married,5675,1,20,3,1,5,3,7,7,0.08498678414096919,0.3333333333333333,0.08333333333333333,7.2706234790647,3.5,0.875,0.875,0.875,0.625
27,No,Travel_Frequently,Research & Development,5,2,4,3,1,Laboratory Technician,4,Single,2379,0,14,3,0,3,2,5,0,0.057822614543925996,0.25,0.75,1.5802584382583404,5.0,5.0,0.6666666666666666,0.3333333333333333,0.5
29,No,Travel_Frequently,Research & Development,20,1,4,3,1,Laboratory Technician,4,Married,3812,1,13,2,0,3,4,11,3,0.16517313746065065,0.25,0.041666666666666664,1.709324019707581,5.5,2.75,0.6666666666666666,0.8333333333333334,0.25
32,No,Travel_Frequently,Sales,10,4,4,3,2,Sales Executive,4,Single,4648,8,13,3,0,2,4,0,0,0.056381239242685115,0.3333333333333333,0.0,2.4958538820756773,0.0,0.0,0.0,0.0,2.0
42,No,Non-Travel,Research & Development,10,4,3,3,1,Research Scientist,3,Married,2936,3,22,2,2,1,2,6,3,0.07921321525885563,0.3333333333333333,0.041666666666666664,3.87142169094442,1.5,1.5,0.42857142857142855,0.42857142857142855,0.14285714285714285
47,No,Travel_Rarely,Research & Development,9,4,2,3,1,Laboratory Technician,3,Single,2105,4,12,3,0,2,3,2,2,0.1020760095011876,0.25,0.041666666666666664,2.3135182755602473,0.4,0.6666666666666666,0.6666666666666666,0.0,0.6666666666666666
46,No,Travel_Rarely,Research & Development,2,2,4,3,3,Manufacturing Director,4,Divorced,8578,3,14,3,1,4,2,9,4,0.06563767778036848,0.25,0.125,1.2678565724507396,2.25,1.8,0.8,0.7,0.4
28,No,Non-Travel,Human Resources,1,2,3,3,1,Human Resources,4,Divorced,2706,1,15,2,1,2,3,3,2,0.07242793791574272,0.125,0.08333333333333333,1.2461375344449537,1.5,1.0,0.5,0.5,0.5
29,No,Travel_Rarely,Research & Development,29,1,4,1,2,Healthcare Representative,3,Divorced,6384,8,17,4,2,3,3,7,1,0.0756641604010025,0.25,0.125,2.326968655657,0.7777777777777778,3.5,0.0,0.75,0.375
42,No,Travel_Rarely,Research & Development,8,3,4,3,1,Laboratory Technician,3,Single,3968,4,13,4,0,3,3,0,0,0.08022177419354831,0.20833333333333334,0.08333333333333333,1.7196107966415672,0.0,0.0,0.0,0.0,3.0
32,Yes,Travel_Rarely,Sales,2,4,3,2,2,Sales Executive,2,Single,9907,7,12,3,0,3,2,2,2,0.06719693146260214,0.2916666666666667,0.75,1.9055922738970295,0.25,0.6666666666666666,0.6666666666666666,0.6666666666666666,1.0
46,No,Travel_Rarely,Sales,3,3,1,4,4,Sales Executive,1,Divorced,13225,2,12,4,1,5,3,19,2,0.12696559546313807,0.20833333333333334,0.16666666666666666,1.5125185833962855,6.333333333333333,6.333333333333333,0.85,0.4,0.25
27,No,Travel_Rarely,Sales,23,1,2,2,2,Sales Representative,3,Married,3540,1,21,4,1,5,3,9,5,0.15661299435028245,0.3333333333333333,0.041666666666666664,7.027804754678257,4.5,1.5,0.8,0.8,0.5
29,No,Travel_Rarely,Human Resources,6,1,4,2,1,Human Resources,2,Married,2804,1,11,4,0,3,3,1,0,0.16235734664764623,0.20833333333333334,0.08333333333333333,1.1313254404302928,0.5,1.0,0.0,0.0,1.5
43,No,Travel_Rarely,Research & Development,6,3,1,2,5,Manager,3,Married,19392,7,13,4,0,2,3,16,6,0.07698483910891087,0.16666666666666666,0.041666666666666664,0.7299959674137049,2.0,2.2857142857142856,0.7058823529411765,0.8235294117647058,0.11764705882352941
48,No,Travel_Rarely,Research & Development,10,3,4,2,5,Research Director,2,Married,19665,4,12,4,0,3,3,22,12,0.1451884057971015,0.3333333333333333,0.20833333333333334,1.659296216502249,4.4,1.6923076923076923,0.43478260869565216,0.391304347826087,0.13043478260869565
29,Yes,Travel_Frequently,Research & Development,24,2,4,2,1,Research Scientist,4,Single,2439,1,24,2,0,3,2,1,1,0.17941779417794174,0.3333333333333333,0.6666666666666666,5.798397080442577,0.5,0.5,0.0,0.0,1.5
46,Yes,Travel_Rarely,Sales,10,3,3,3,3,Sales Executive,2,Married,7314,5,21,3,3,2,3,8,0,0.1335192780968006,0.3333333333333333,0.20833333333333334,4.556787292708576,1.3333333333333333,8.0,0.7777777777777778,0.7777777777777778,0.2222222222222222
27,No,Travel_Frequently,Research & Development,15,3,4,2,1,Research Scientist,1,Married,4774,0,19,4,1,2,2,7,7,0.13543150397989112,0.2916666666666667,0.08333333333333333,2.4632312415030184,7.0,0.875,0.75,0.375,0.25
39,No,Travel_Rarely,Research & Development,19,4,4,3,2,Research Scientist,4,Divorced,3902,8,14,2,3,2,3,2,2,0.10607124551512054,0.2916666666666667,0.16666666666666666,1.3595182278813776,0.2222222222222222,0.6666666666666666,0.6666666666666666,0.6666666666666666,0.6666666666666666
55,No,Travel_Rarely,Research & Development,2,4,2,2,1,Research Scientist,4,Married,2662,8,20,2,1,2,4,5,0,0.07427873779113449,0.3333333333333333,0.125,5.5267702936096725,0.5555555555555556,5.0,0.3333333333333333,0.6666666666666666,0.3333333333333333
28,No,Travel_Rarely,Sales,3,3,2,3,1,Sales Representative,2,Married,2856,1,19,4,1,3,3,1,0,0.1761169467787114,0.25,0.16666666666666666,1.2427254357021669,0.5,1.0,0.0,0.0,1.5
30,Yes,Travel_Rarely,Sales,9,3,2,3,1,Sales Representative,4,Single,1081,1,13,3,0,3,2,1,0,0.0679000925069381,0.25,0.041666666666666664,1.7070024753213442,0.5,1.0,0.0,0.0,1.5
22,Yes,Travel_Rarely,Research & Development,7,1,4,3,1,Research Scientist,2,Single,2472,1,23,1,0,2,3,1,0,0.08648058252427193,0.3333333333333333,0.8333333333333334,3.5946990113317487,0.5,1.0,0.0,0.0,1.0
36,No,Travel_Rarely,Sales,10,4,2,2,2,Sales Executive,3,Married,5673,1,13,1,1,4,3,10,1,0.1715547329455314,0.2916666666666667,0.75,1.9657642442361372,5.0,5.0,0.8181818181818182,0.6363636363636364,0.36363636363636365
31,No,Travel_Rarely,Research & Development,20,3,2,3,2,Laboratory Technician,3,Divorced,4197,1,11,1,1,2,3,10,0,0.1649678341672623,0.3333333333333333,0.16666666666666666,2.909852889547752,5.0,10.0,0.7272727272727273,0.18181818181818182,0.18181818181818182
34,No,Travel_Rarely,Sales,4,3,3,3,3,Sales Executive,4,Married,9713,2,13,4,3,3,3,5,1,0.15293524142901258,0.2916666666666667,0.625,1.3784164975787863,1.6666666666666667,2.5,0.5,0.0,0.5
29,No,Travel_Rarely,Research & Development,7,3,4,3,1,Laboratory Technician,1,Single,2062,3,14,2,0,2,3,3,1,0.16556741028128036,0.3333333333333333,0.041666666666666664,3.0092237168574827,0.75,1.5,0.5,0.5,0.5
37,No,Travel_Rarely,Research & Development,7,4,4,3,2,Research Scientist,1,Married,4284,5,22,3,1,2,3,5,0,0.146311858076564,0.3333333333333333,0.7916666666666666,4.832947927846192,0.8333333333333334,5.0,0.5,0.6666666666666666,0.3333333333333333
35,No,Travel_Rarely,Research & Development,16,2,4,2,2,Manufacturing Director,2,Married,4788,0,11,4,0,2,3,3,0,0.11190476190476194,0.3333333333333333,0.875,2.2367723630467995,3.0,3.0,0.5,0.5,0.5
45,No,Travel_Rarely,Research & Development,25,2,2,2,2,Manufacturing Director,4,Married,5906,0,13,4,2,2,2,9,3,0.1686302065695903,0.2916666666666667,0.041666666666666664,2.48381737091929,9.0,2.25,0.8,0.8,0.2
36,No,Travel_Frequently,Human Resources,2,1,2,2,2,Human Resources,4,Single,3886,1,21,4,0,2,2,10,0,0.07536541430777145,0.3333333333333333,0.125,4.050862238233374,5.0,10.0,0.09090909090909091,0.7272727272727273,0.18181818181818182
40,No,Travel_Rarely,Research & Development,1,4,1,3,4,Manager,1,Divorced,16823,2,11,1,1,3,3,19,11,0.10250847054627593,0.20833333333333334,0.125,0.8917355705622606,6.333333333333333,1.5833333333333333,0.35,0.8,0.15
26,No,Travel_Rarely,Research & Development,1,2,2,2,1,Research Scientist,3,Married,2933,1,13,3,1,3,2,1,1,0.16315035799522673,0.20833333333333334,0.7916666666666666,1.9816012813077821,0.5,0.5,0.0,0.0,1.5
27,No,Travel_Rarely,Sales,2,2,1,4,2,Sales Executive,3,Single,6500,0,14,2,0,5,2,8,0,0.053896923076923064,0.2916666666666667,0.08333333333333333,2.308644159242614,8.0,8.0,0.7777777777777778,0.7777777777777778,0.5555555555555556
48,No,Travel_Frequently,Research & Development,22,3,4,3,4,Manager,4,Divorced,17174,3,11,2,1,3,3,22,4,0.14851985559566788,0.16666666666666666,0.08333333333333333,1.2537939676746186,5.5,4.4,0.7391304347826086,0.30434782608695654,0.13043478260869565
44,No,Travel_Rarely,Research & Development,1,4,2,4,2,Healthcare Representative,1,Married,5033,2,15,4,1,5,3,2,2,0.14785416252731962,0.3333333333333333,0.041666666666666664,2.813572739152869,0.6666666666666666,0.6666666666666666,0.0,0.6666666666666666,1.6666666666666667
34,Yes,Non-Travel,Research & Development,16,4,4,1,1,Research Scientist,1,Married,2307,1,23,2,1,2,3,5,3,0.16216731686172514,0.3333333333333333,0.7916666666666666,7.094022324241485,2.5,1.25,0.3333333333333333,0.0,0.3333333333333333
56,Yes,Travel_Rarely,Research & Development,24,2,1,3,1,Laboratory Technician,4,Single,2587,1,16,4,0,3,3,4,1,0.1727947429454967,0.25,0.16666666666666666,1.7103309909156057,2.0,2.0,0.4,0.0,0.6
36,No,Travel_Rarely,Sales,17,2,3,2,2,Sales Executive,2,Married,5507,2,16,3,2,1,1,4,1,0.08380424913746146,0.20833333333333334,0.16666666666666666,1.473434913035929,1.3333333333333333,2.0,0.4,0.6,0.2
41,No,Travel_Rarely,Sales,8,3,3,3,2,Sales Executive,2,Married,4393,5,21,3,1,3,3,5,1,0.10688595492829506,0.3333333333333333,0.0,7.316935064186714,0.8333333333333334,2.5,0.6666666666666666,0.6666666666666666,0.5
42,No,Travel_Rarely,Research & Development,6,3,3,3,3,Research Director,1,Married,13348,9,13,2,1,3,4,13,5,0.09699355708720409,0.25,0.16666666666666666,1.114923466654465,1.3,2.1666666666666665,0.5,0.5,0.21428571428571427
31,No,Travel_Rarely,Sales,10,2,3,3,2,Sales Executive,4,Divorced,6583,2,11,4,1,2,3,5,1,0.12453592586966425,0.125,0.75,0.974563684256073,1.6666666666666667,2.5,0.3333333333333333,0.6666666666666666,0.3333333333333333
34,No,Travel_Rarely,Sales,3,1,4,2,2,Sales Executive,4,Married,8103,3,12,3,0,3,2,4,0,0.1538319141058867,0.3333333333333333,0.6666666666666666,2.739098660170524,1.0,4.0,0.4,0.2,0.6
31,No,Travel_Rarely,Research & Development,4,3,1,4,1,Laboratory Technician,3,Divorced,3978,8,12,2,1,0,2,2,2,0.06351432880844642,0.2916666666666667,0.20833333333333334,1.7307026969078998,0.2222222222222222,0.6666666666666666,0.6666666666666666,0.6666666666666666,0.0
26,No,Travel_Frequently,Research & Development,6,3,3,4,1,Laboratory Technician,4,Married,2544,0,18,1,1,3,3,7,7,0.09660770440251572,0.25,0.0,1.3907171699605345,7.0,0.875,0.875,0.875,0.375
45,No,Travel_Frequently,Research & Development,1,4,2,3,2,Healthcare Representative,3,Single,5399,4,12,3,0,3,3,4,0,0.0728801629931468,0.25,0.041666666666666664,2.41215142660128,0.8,4.0,0.4,0.6,0.6
33,No,Travel_Rarely,Sales,10,4,2,3,2,Sales Executive,3,Single,5487,1,14,2,0,2,2,10,0,0.060153089119737636,0.2916666666666667,0.041666666666666664,1.366657905369332,5.0,10.0,0.36363636363636365,0.8181818181818182,0.18181818181818182
28,No,Travel_Frequently,Sales,1,2,3,2,2,Sales Executive,4,Married,6834,1,12,3,1,2,3,7,0,0.09478782557799235,0.3333333333333333,0.75,3.0990481681891686,3.5,7.0,0.875,0.875,0.25
29,Yes,Travel_Frequently,Sales,24,3,3,4,1,Sales Representative,1,Single,1091,1,17,4,0,3,3,1,0,0.11797433547204403,0.3333333333333333,0.041666666666666664,1.7293354949257835,0.5,1.0,0.0,0.0,1.5
39,No,Non-Travel,Sales,21,4,1,1,2,Sales Executive,3,Married,5736,6,19,3,1,1,3,3,1,0.1754585076708508,0.3333333333333333,0.125,2.2372364294513765,0.42857142857142855,1.5,0.5,0.5,0.25
27,No,Travel_Rarely,Research & Development,2,4,2,3,1,Research Scientist,2,Married,2226,1,11,3,1,3,2,5,1,0.07065588499550772,0.2916666666666667,0.08333333333333333,1.301318052989008,2.5,2.5,0.5,0.3333333333333333,0.5
34,No,Travel_Frequently,Research & Development,22,4,3,2,2,Research Scientist,4,Married,5747,1,15,2,0,3,3,15,6,0.05999999999999995,0.2916666666666667,0.7083333333333334,2.310165422179434,7.5,2.142857142857143,0.625,0.6875,0.1875
28,Yes,Travel_Rarely,Sales,13,2,4,3,2,Sales Executive,3,Single,9854,3,11,4,0,0,3,2,2,0.16737365536837825,0.2916666666666667,0.7916666666666666,2.663369964376922,0.5,0.6666666666666666,0.0,0.6666666666666666,0.0
47,No,Non-Travel,Research & Development,14,4,3,3,2,Research Scientist,2,Married,5467,8,18,3,1,4,4,8,1,0.15295774647887328,0.20833333333333334,0.0,1.5540491171787782,0.8888888888888888,4.0,0.7777777777777778,0.7777777777777778,0.4444444444444444
56,No,Travel_Rarely,Sales,11,5,4,2,2,Sales Executive,1,Married,5380,4,16,3,1,3,3,0,0,0.17688661710037168,0.20833333333333334,0.08333333333333333,1.590370709422598,0.0,0.0,0.0,0.0,3.0
39,No,Travel_Rarely,Research & Development,9,2,1,3,2,Manufacturing Director,1,Married,5151,1,25,4,1,3,3,10,7,0.15170452339351587,0.3333333333333333,0.08333333333333333,5.0256704527990586,5.0,1.25,0.0,0.8181818181818182,0.2727272727272727
38,No,Travel_Frequently,Research & Development,8,3,4,2,2,Research Scientist,2,Divorced,2133,1,16,3,1,3,3,20,0,0.055771214252226926,0.25,0.6666666666666666,1.9774546406381304,10.0,20.0,0.5238095238095238,0.3333333333333333,0.14285714285714285
58,No,Travel_Rarely,Sales,21,3,4,3,4,Manager,4,Married,17875,4,13,3,1,2,2,1,0,0.09486153846153854,0.25,0.75,1.4910834479337987,0.2,1.0,0.0,0.0,1.0
32,Yes,Travel_Frequently,Research & Development,5,2,1,4,1,Research Scientist,3,Single,2432,3,14,1,0,2,3,4,0,0.1719654605263157,0.2916666666666667,0.7083333333333334,2.111601787034632,1.0,4.0,0.2,0.6,0.4
38,No,Travel_Rarely,Research & Development,9,2,2,3,1,Research Scientist,4,Divorced,4771,2,19,4,2,0,4,5,0,0.11070425487319221,0.16666666666666666,0.16666666666666666,1.0913056836599357,1.6666666666666667,5.0,0.3333333333333333,0.5,0.0
49,No,Travel_Frequently,Research & Development,2,1,2,3,5,Research Director,4,Married,19161,3,15,4,0,3,3,5,4,0.10874067115495024,0.20833333333333334,0.0,1.545333444226868,1.25,1.0,0.6666666666666666,0.5,0.5
42,No,Travel_Rarely,Sales,12,4,2,3,2,Sales Executive,4,Divorced,5087,3,12,3,2,4,3,0,0,0.10932769805386272,0.2916666666666667,0.75,1.7194998794193401,0.0,0.0,0.0,0.0,4.0
27,Yes,Travel_Frequently,Human Resources,22,3,1,2,1,Human Resources,2,Married,2863,1,12,1,0,2,3,1,0,0.07269297939224585,0.25,0.041666666666666664,2.244966083971505,0.5,1.0,0.0,0.0,1.0
35,No,Travel_Rarely,Sales,18,4,2,3,2,Sales Executive,1,Married,5561,0,16,4,1,2,1,5,0,0.13872684768926452,0.3333333333333333,0.20833333333333334,3.0200102359466903,5.0,5.0,0.5,0.6666666666666666,0.3333333333333333
28,No,Non-Travel,Research & Development,16,3,3,3,1,Research Scientist,3,Single,2144,1,14,3,0,3,2,5,1,0.1793889925373135,0.2916666666666667,0.16666666666666666,1.7584437132240216,2.5,2.5,0.5,0.6666666666666666,0.5
31,No,Non-Travel,Research & Development,3,2,3,3,1,Research Scientist,1,Divorced,3065,1,13,4,1,3,4,4,2,0.14179119086460037,0.2916666666666667,0.3333333333333333,1.7494959895679403,2.0,1.3333333333333333,0.4,0.6,0.6
36,No,Non-Travel,Research & Development,9,4,1,4,1,Laboratory Technician,2,Married,2810,1,22,2,0,3,3,5,0,0.11296797153024914,0.3333333333333333,0.125,6.281607336944319,2.5,5.0,0.6666666666666666,0.3333333333333333,0.5
34,No,Travel_Rarely,Sales,1,3,1,3,3,Sales Executive,4,Single,9888,1,21,1,0,3,2,14,2,0.09750707928802585,0.3333333333333333,0.041666666666666664,5.700844615137324,7.0,4.666666666666667,0.5333333333333333,0.06666666666666667,0.2
34,No,Travel_Rarely,Sales,13,4,4,3,3,Sales Executive,3,Divorced,8628,1,18,3,1,2,2,8,1,0.13188456189151596,0.20833333333333334,0.08333333333333333,1.6731548551887705,4.0,4.0,0.7777777777777778,0.1111111111111111,0.2222222222222222
26,No,Travel_Rarely,Research & Development,1,3,3,3,1,Laboratory Technician,1,Single,2867,0,13,4,0,6,2,7,7,0.07353679804673872,0.20833333333333334,0.0,0.9074551613194435,7.0,0.875,0.875,0.75,0.75
29,No,Travel_Rarely,Research & Development,1,3,1,3,2,Healthcare Representative,1,Married,5373,0,12,1,1,5,2,5,0,0.13148706495440154,0.25,0.041666666666666664,1.125399335729995,5.0,5.0,0.5,0.3333333333333333,0.8333333333333334
32,No,Non-Travel,Research & Development,15,4,3,3,2,Healthcare Representative,4,Divorced,6667,5,18,2,1,6,3,5,1,0.056961151942402914,0.2916666666666667,0.041666666666666664,1.4500011285153251,0.8333333333333334,2.5,0.16666666666666666,0.3333333333333333,1.0
31,No,Travel_Frequently,Research & Development,1,3,4,1,2,Research Scientist,1,Married,5003,1,21,2,0,6,3,10,8,0.17226464121527085,0.3333333333333333,0.041666666666666664,7.054910107725535,5.0,1.1111111111111112,0.7272727272727273,0.6363636363636364,0.5454545454545454
28,Yes,Travel_Rarely,Research & Development,17,3,3,2,1,Laboratory Technician,4,Divorced,2367,5,12,1,1,2,2,4,0,0.08361639205745673,0.25,0.16666666666666666,1.6364296622605836,0.6666666666666666,4.0,0.2,0.6,0.4
38,No,Travel_Rarely,Sales,1,3,1,2,1,Sales Representative,1,Single,2858,4,14,1,0,3,2,1,0,0.14729181245626313,0.2916666666666667,0.08333333333333333,2.8820322548406163,0.2,1.0,0.0,0.0,1.5
35,No,Travel_Rarely,Sales,7,4,3,3,2,Sales Executive,4,Married,5204,1,11,4,0,2,3,10,0,0.1315122982321292,0.25,0.625,2.3540029417558124,5.0,10.0,0.7272727272727273,0.8181818181818182,0.18181818181818182
27,No,Travel_Rarely,Sales,9,3,4,3,2,Sales Executive,4,Single,4105,1,14,1,0,5,3,7,0,0.1740535931790499,0.2916666666666667,0.0,2.2500558579996435,3.5,7.0,0.875,0.875,0.625
32,No,Travel_Rarely,Research & Development,5,4,4,2,2,Manufacturing Director,4,Single,9679,8,24,2,0,1,3,1,0,0.054151255294968406,0.3333333333333333,0.08333333333333333,3.4462454608187296,0.1111111111111111,1.0,0.0,0.0,0.5
31,Yes,Travel_Frequently,Sales,26,4,1,3,2,Sales Executive,4,Married,5617,1,11,3,0,4,3,10,0,0.1725155777105217,0.25,0.6666666666666666,1.6363780521842322,5.0,10.0,0.6363636363636364,0.7272727272727273,0.36363636363636365
53,Yes,Travel_Rarely,Sales,24,4,1,3,3,Sales Executive,1,Single,10448,6,13,2,0,2,2,2,2,0.08857867534456348,0.16666666666666666,0.6666666666666666,0.6899417576606213,0.2857142857142857,0.6666666666666666,0.6666666666666666,0.6666666666666666,0.6666666666666666
54,No,Travel_Rarely,Research & Development,9,2,1,3,2,Research Scientist,3,Married,2897,3,11,3,2,6,2,4,2,0.17036589575422859,0.25,0.125,1.18336962096488,1.0,1.3333333333333333,0.6,0.6,1.2
33,No,Travel_Frequently,Research & Development,7,2,4,3,2,Healthcare Representative,3,Divorced,5968,1,20,3,3,2,3,9,2,0.14820710455764075,0.3333333333333333,0.041666666666666664,6.0942622813680565,4.5,3.0,0.7,0.8,0.2
43,No,Travel_Rarely,Research & Development,11,3,1,3,3,Healthcare Representative,3,Married,7510,1,17,2,1,1,3,10,0,0.10067909454061257,0.3333333333333333,0.041666666666666664,2.338028019020133,5.0,10.0,0.8181818181818182,0.8181818181818182,0.09090909090909091
38,No,Travel_Frequently,Human Resources,1,4,4,3,1,Human Resources,2,Married,2991,0,11,2,1,2,3,6,1,0.09523570712136406,0.2916666666666667,0.7916666666666666,2.6883154130410447,6.0,3.0,0.2857142857142857,0.2857142857142857,0.2857142857142857
55,No,Travel_Rarely,Human Resources,26,4,3,4,5,Manager,2,Married,19636,4,18,1,1,0,3,10,1,0.1082832552454675,0.2916666666666667,0.5833333333333334,2.4830513442845916,2.0,5.0,0.8181818181818182,0.36363636363636365,0.0
31,No,Travel_Rarely,Research & Development,2,1,4,1,1,Laboratory Technician,4,Divorced,1129,1,11,3,3,4,3,1,0,0.05074402125775019,0.16666666666666666,0.625,1.5347167369088583,0.5,1.0,0.0,0.0,2.0
39,No,Travel_Rarely,Sales,15,4,2,3,4,Sales Executive,1,Single,13341,0,12,1,0,3,3,20,11,0.10881118356944754,0.25,0.16666666666666666,1.5560453800459106,20.0,1.6666666666666667,0.38095238095238093,0.47619047619047616,0.14285714285714285
42,No,Non-Travel,Research & Development,23,2,4,2,2,Research Scientist,3,Single,4332,1,12,4,0,2,3,20,3,0.14755540166204986,0.3333333333333333,0.125,3.269348249203115,10.0,5.0,0.42857142857142855,0.3333333333333333,0.09523809523809523
31,No,Non-Travel,Research & Development,10,3,3,3,3,Research Director,3,Married,11031,4,20,3,1,2,4,11,4,0.15172423171063368,0.3333333333333333,0.125,4.8876733089479085,2.2,2.2,0.5833333333333334,0.6666666666666666,0.16666666666666666
54,No,Travel_Rarely,Research & Development,10,3,3,3,2,Manufacturing Director,1,Single,4440,6,19,4,0,3,3,5,1,0.059966216216216214,0.25,0.7916666666666666,2.3775049285788397,0.7142857142857143,2.5,0.3333333333333333,0.6666666666666666,0.5
24,No,Travel_Rarely,Research & Development,1,2,2,2,2,Healthcare Representative,3,Single,4617,1,12,2,0,2,2,4,1,0.06896036387264465,0.25,0.041666666666666664,1.112728185072799,2.0,2.0,0.6,0.4,0.4
23,No,Travel_Rarely,Research & Development,12,2,4,3,1,Laboratory Technician,4,Single,2647,1,13,3,0,6,4,5,1,0.1754325651681148,0.2916666666666667,0.125,1.463623097045402,2.5,2.5,0.3333333333333333,0.6666666666666666,1.0
40,No,Travel_Frequently,Research & Development,11,3,4,3,2,Laboratory Technician,3,Married,6323,1,11,1,1,2,4,10,9,0.14073541040645263,0.16666666666666666,0.041666666666666664,1.5725539585370614,5.0,1.0,0.8181818181818182,0.36363636363636365,0.18181818181818182
40,No,Travel_Rarely,Sales,2,2,2,3,2,Sales Executive,2,Married,5677,3,14,3,1,4,3,11,5,0.16702659855557514,0.25,0.0,1.7308967804773991,2.75,1.8333333333333333,0.6666666666666666,0.8333333333333334,0.3333333333333333
25,No,Travel_Rarely,Human Resources,2,3,3,3,1,Human Resources,2,Married,2187,4,14,3,0,3,3,2,1,0.0803795153177869,0.25,0.0,1.6498201360523717,0.4,1.0,0.0,0.6666666666666666,1.0
30,No,Travel_Rarely,Research & Development,1,2,4,3,1,Laboratory Technician,2,Married,3748,1,13,3,0,6,2,12,1,0.06469583778014942,0.2916666666666667,0.125,1.5769206644079796,6.0,6.0,0.6153846153846154,0.5384615384615384,0.46153846153846156
25,No,Travel_Rarely,Research & Development,2,1,4,3,1,Laboratory Technician,3,Divorced,3977,6,19,3,1,2,2,2,0,0.15663565501634388,0.2916666666666667,0.875,2.2302006148859044,0.2857142857142857,2.0,0.6666666666666666,0.6666666666666666,0.6666666666666666
47,No,Travel_Rarely,Research & Development,25,3,1,3,3,Healthcare Representative,3,Single,8633,2,23,2,0,3,3,17,12,0.06140391520908147,0.3333333333333333,0.041666666666666664,4.3406701970681505,5.666666666666667,1.3076923076923077,0.7777777777777778,0.6111111111111112,0.16666666666666666
33,No,Non-Travel,Research & Development,1,2,2,2,1,Laboratory Technician,3,Divorced,2008,1,12,3,3,2,2,1,0,0.1158117529880479,0.2916666666666667,0.041666666666666664,2.4984416331684396,0.5,1.0,0.5,0.0,1.0
38,No,Travel_Rarely,Sales,1,4,4,3,2,Sales Executive,2,Married,4440,0,15,1,2,3,3,15,5,0.0696801801801802,0.2916666666666667,0.041666666666666664,1.2015567392649067,15.0,2.5,0.8125,0.5,0.1875
31,No,Travel_Rarely,Sales,2,2,1,3,1,Sales Representative,3,Married,3067,0,19,3,1,1,3,2,1,0.09350831431366155,0.25,0.0,1.98067676601026,2.0,1.0,0.6666666666666666,0.6666666666666666,0.3333333333333333
38,No,Travel_Frequently,Research & Development,6,4,1,2,2,Manufacturing Director,3,Married,5321,2,11,4,1,1,3,8,7,0.11182672429994357,0.3333333333333333,0.041666666666666664,2.2485768935903527,2.6666666666666665,1.0,0.3333333333333333,0.7777777777777778,0.1111111111111111
42,No,Travel_Rarely,Research & Development,18,4,4,3,2,Research Scientist,1,Divorced,5410,6,17,3,1,3,2,4,1,0.08812384473197782,0.2916666666666667,0.7083333333333334,2.3155093071499264,0.5714285714285714,2.0,0.6,0.4,0.6
41,No,Travel_Rarely,Research & Development,1,3,4,3,1,Research Scientist,4,Married,2782,3,22,1,1,3,3,5,1,0.17535945363048164,0.3333333333333333,0.08333333333333333,4.041070585650248,1.25,2.5,0.5,0.0,0.5
47,No,Non-Travel,Research & Development,1,1,3,3,3,Research Director,2,Married,11957,0,18,1,2,3,1,13,5,0.1741180898218617,0.25,0.041666666666666664,1.1406374706469828,13.0,2.1666666666666665,0.5714285714285714,0.8571428571428571,0.21428571428571427
35,No,Travel_Rarely,Research & Development,11,4,4,3,1,Laboratory Technician,3,Married,2660,7,11,3,1,3,3,2,2,0.10937969924812023,0.2916666666666667,0.7083333333333334,1.779209417597883,0.25,0.6666666666666666,0.6666666666666666,0.6666666666666666,1.0
22,No,Travel_Rarely,Research & Development,1,2,4,3,1,Research Scientist,3,Single,3375,0,12,4,0,2,4,3,1,0.051819259259259225,0.2916666666666667,0.125,2.479903535523401,3.0,1.5,0.5,0.5,0.5
35,No,Travel_Rarely,Research & Development,9,4,2,3,2,Research Scientist,3,Single,5098,1,19,2,0,5,3,10,0,0.09322087092977634,0.2916666666666667,0.125,1.3384273085746834,5.0,10.0,0.6363636363636364,0.7272727272727273,0.45454545454545453
33,No,Travel_Rarely,Research & Development,15,2,2,3,2,Healthcare Representative,4,Married,4878,0,13,1,1,6,3,9,8,0.08197621976219764,0.3333333333333333,0.75,1.8119278447533174,9.0,1.0,0.7,0.1,0.6
32,No,Travel_Rarely,Research & Development,29,4,3,2,1,Laboratory Technician,2,Single,2837,1,13,3,0,3,3,6,4,0.05305252026788869,0.25,0.0,1.3053238855860774,3.0,1.2,0.2857142857142857,0.14285714285714285,0.42857142857142855
40,No,Travel_Rarely,Research & Development,1,4,1,3,1,Laboratory Technician,4,Married,2406,8,19,3,2,3,2,1,0,0.07704073150457195,0.2916666666666667,0.08333333333333333,2.5094557805939717,0.1111111111111111,1.0,0.0,0.0,1.5
32,No,Travel_Rarely,Sales,1,4,2,2,1,Sales Representative,2,Married,2269,0,14,2,1,2,3,2,2,0.09971793741736458,0.2916666666666667,0.125,1.9036820603635058,2.0,0.6666666666666666,0.6666666666666666,0.6666666666666666,0.6666666666666666
39,No,Travel_Rarely,Research & Development,24,1,1,3,2,Research Scientist,4,Single,4108,7,13,1,0,2,3,7,1,0.07381207400194748,0.3333333333333333,0.08333333333333333,2.805341993336424,0.875,3.5,0.875,0.875,0.25
38,No,Travel_Rarely,Research & Development,10,3,2,1,3,Research Director,3,Married,13206,3,12,1,1,3,3,18,1,0.12784264728153877,0.16666666666666666,0.08333333333333333,1.1536490390937177,4.5,9.0,0.8421052631578947,0.5789473684210527,0.15789473684210525
32,No,Travel_Rarely,Sales,1,4,3,3,3,Sales Executive,4,Married,10422,1,19,3,2,3,3,14,5,0.09302437152178085,0.3333333333333333,0.08333333333333333,2.6360326100706657,7.0,2.3333333333333335,0.6666666666666666,0.4666666666666667,0.2
37,No,Travel_Rarely,Research & Development,10,3,3,4,3,Research Director,4,Married,13744,1,25,1,1,2,3,16,6,0.174398282887078,0.3333333333333333,0.5833333333333334,5.504313724017216,8.0,2.2857142857142856,0.6470588235294118,0.47058823529411764,0.11764705882352941
25,No,Travel_Rarely,Sales,8,2,1,3,2,Sales Executive,3,Divorced,4907,0,22,2,1,3,2,5,0,0.12618504177705311,0.3333333333333333,0.6666666666666666,6.866863228572298,5.0,5.0,0.5,0.6666666666666666,0.5
52,No,Non-Travel,Sales,29,4,1,3,1,Sales Representative,4,Divorced,3482,2,15,2,2,3,2,9,0,0.08800689259046526,0.25,0.041666666666666664,1.9597559019971278,3.0,9.0,0.8,0.0,0.3
44,No,Travel_Rarely,Research & Development,1,3,2,3,1,Research Scientist,4,Single,2436,6,12,3,0,2,3,4,1,0.06869047619047616,0.2916666666666667,0.7083333333333334,2.380888596962956,0.5714285714285714,2.0,0.6,0.4,0.4
21,No,Travel_Rarely,Sales,5,1,3,3,1,Sales Representative,1,Single,2380,1,11,4,0,6,3,2,1,0.16105462184873948,0.2916666666666667,0.625,2.33883108996606,1.0,1.0,0.6666666666666666,0.6666666666666666,2.0
39,No,Non-Travel,Research & Development,9,3,4,3,5,Manager,4,Single,19431,2,13,3,0,3,2,6,1,0.13562914929751427,0.16666666666666666,0.041666666666666664,1.4659281912323847,2.0,3.0,0.0,0.42857142857142855,0.42857142857142855
23,Yes,Travel_Frequently,Sales,9,3,4,3,1,Sales Representative,1,Married,1790,1,19,1,1,3,2,1,1,0.07666480446927375,0.2916666666666667,0.041666666666666664,2.7840186302846015,0.5,0.5,0.0,0.0,1.5
36,No,Travel_Rarely,Sales,3,3,1,2,3,Sales Executive,4,Married,7644,0,19,3,2,2,3,9,3,0.17503401360544207,0.2916666666666667,0.0,1.2756432271398062,9.0,2.25,0.7,0.4,0.2
36,No,Travel_Frequently,Research & Development,4,2,4,3,2,Manufacturing Director,2,Divorced,5131,7,13,2,3,3,3,4,0,0.12244786591307733,0.20833333333333334,0.125,1.7132173522321432,0.5,4.0,0.4,0.4,0.6
56,No,Non-Travel,Research & Development,1,4,3,3,2,Healthcare Representative,3,Divorced,6306,1,21,1,1,2,2,13,1,0.1796875991119568,0.3333333333333333,0.08333333333333333,3.9503745938252464,6.5,6.5,0.8571428571428571,0.6428571428571429,0.14285714285714285
29,Yes,Travel_Rarely,Research & Development,1,4,1,3,1,Research Scientist,4,Married,4787,9,14,2,3,3,4,2,2,0.07823689158136629,0.3333333333333333,0.9166666666666666,2.691204319838529,0.2,0.6666666666666666,0.6666666666666666,0.6666666666666666,1.0
42,No,Travel_Rarely,Research & Development,2,3,1,3,5,Manager,3,Married,18880,5,11,1,0,2,2,22,4,0.13586758474576272,0.25,0.08333333333333333,1.8042228051025555,3.6666666666666665,4.4,0.2608695652173913,0.6086956521739131,0.08695652173913043
56,Yes,Travel_Rarely,Research & Development,7,2,4,3,1,Laboratory Technician,3,Married,2339,8,11,4,1,4,1,10,9,0.08551945275758879,0.16666666666666666,0.041666666666666664,1.508151095552291,1.1111111111111112,1.0,0.8181818181818182,0.7272727272727273,0.36363636363636365
41,No,Travel_Rarely,Research & Development,28,4,1,2,4,Manufacturing Director,2,Married,13570,0,23,3,1,3,3,20,0,0.1493183492999263,0.3333333333333333,0.125,6.176332772064721,20.0,20.0,0.3333333333333333,0.47619047619047616,0.14285714285714285
34,No,Travel_Rarely,Sales,28,3,4,2,2,Sales Executive,3,Married,6712,1,21,4,2,2,3,8,1,0.11886620977353991,0.3333333333333333,0.08333333333333333,7.075749306224923,4.0,4.0,0.7777777777777778,0.7777777777777778,0.2222222222222222
36,No,Non-Travel,Sales,15,4,4,1,2,Sales Executive,4,Divorced,5406,1,24,1,1,4,2,15,11,0.1719089900110988,0.3333333333333333,0.16666666666666666,4.287216507371958,7.5,1.25,0.75,0.6875,0.25
41,No,Travel_Rarely,Sales,3,3,3,2,2,Sales Executive,2,Divorced,8938,2,11,3,1,5,3,5,0,0.13928843141642416,0.25,0.16666666666666666,1.856790359350086,1.6666666666666667,5.0,0.6666666666666666,0.6666666666666666,0.8333333333333334
32,No,Travel_Rarely,Research & Development,2,3,4,3,1,Research Scientist,1,Single,2439,1,14,4,0,4,3,4,1,0.10473554735547348,0.2916666666666667,0.16666666666666666,1.6364743679835883,2.0,2.0,0.4,0.4,0.8
35,No,Travel_Rarely,Human Resources,26,4,3,3,3,Human Resources,4,Single,8837,1,16,3,0,2,3,9,1,0.06404888536833767,0.25,0.7083333333333334,1.0184216616523953,4.5,4.5,0.0,0.7,0.2
38,No,Travel_Rarely,Sales,10,2,1,3,2,Sales Executive,4,Married,5343,1,11,3,1,1,3,10,1,0.15963316488863935,0.2916666666666667,0.08333333333333333,1.2496000979484108,5.0,5.0,0.6363636363636364,0.8181818181818182,0.09090909090909091
50,Yes,Travel_Frequently,Sales,1,4,2,3,2,Sales Executive,3,Divorced,6728,7,12,4,2,3,3,6,0,0.1525535077288942,0.25,0.125,1.0172975084411133,0.75,6.0,0.42857142857142855,0.14285714285714285,0.42857142857142855
36,No,Travel_Rarely,Sales,11,4,2,2,2,Sales Executive,4,Married,6652,4,13,1,1,2,2,6,0,0.0779780517137703,0.08333333333333333,0.0,0.39746698549115056,1.2,6.0,0.42857142857142855,0.0,0.2857142857142857
45,No,Travel_Rarely,Sales,20,3,4,3,2,Sales Executive,3,Single,4850,8,15,3,0,3,3,5,0,0.13551546391752578,0.2916666666666667,0.041666666666666664,1.775829260864855,0.5555555555555556,5.0,0.5,0.16666666666666666,0.5
40,No,Travel_Rarely,Research & Development,2,4,3,2,1,Research Scientist,3,Single,2809,2,14,4,0,2,3,2,2,0.09955500177999291,0.25,0.041666666666666664,2.458733563368461,0.6666666666666666,0.6666666666666666,0.6666666666666666,0.6666666666666666,0.6666666666666666
35,No,Travel_Frequently,Research & Development,18,4,3,3,2,Healthcare Representative,3,Married,5689,1,14,4,2,2,4,10,0,0.07284232729829489,0.2916666666666667,0.8333333333333334,2.5308828240301118,5.0,10.0,0.18181818181818182,0.18181818181818182,0.18181818181818182
40,No,Travel_Rarely,Research & Development,2,4,3,3,1,Research Scientist,3,Married,2001,2,14,2,3,2,3,5,0,0.11306346826586695,0.25,0.08333333333333333,1.8742841006713546,1.6666666666666667,5.0,0.5,0.3333333333333333,0.3333333333333333
35,No,Travel_Rarely,Research & Development,1,4,3,1,1,Research Scientist,4,Married,2977,1,12,4,1,5,3,4,1,0.1395834732952637,0.2916666666666667,0.125,1.781176507934828,2.0,2.0,0.6,0.2,1.0
29,No,Travel_Rarely,Research & Development,13,2,4,2,2,Laboratory Technician,2,Married,4025,4,13,1,1,2,3,4,0,0.13469565217391297,0.3333333333333333,0.5833333333333334,1.9977570211973388,0.8,4.0,0.6,0.6,0.4
29,No,Travel_Rarely,Research & Development,28,4,4,2,1,Research Scientist,1,Single,3785,1,14,2,0,3,1,5,0,0.09909643328929985,0.2916666666666667,0.125,1.1744844437776574,2.5,5.0,0.6666666666666666,0.6666666666666666,0.5
50,Yes,Travel_Rarely,Sales,28,3,4,2,3,Sales Executive,1,Divorced,10854,4,13,2,1,3,3,3,2,0.1353970886309195,0.2916666666666667,0.7083333333333334,1.8394900422182767,0.6,1.0,0.5,0.0,0.75
39,No,Travel_Rarely,Sales,24,1,2,2,4,Sales Executive,4,Married,12031,0,11,1,1,2,2,20,9,0.12994098578671762,0.25,0.041666666666666664,1.12767618181835,20.0,2.0,0.42857142857142855,0.2857142857142857,0.09523809523809523
31,No,Non-Travel,Research & Development,5,3,2,3,2,Manufacturing Director,1,Single,9936,0,19,2,0,2,3,9,1,0.12754327697262485,0.3333333333333333,0.041666666666666664,2.578676242525562,9.0,4.5,0.4,0.7,0.2
26,No,Travel_Rarely,Sales,5,3,4,2,1,Sales Representative,3,Single,2966,0,18,4,0,2,3,4,0,0.09365475387727586,0.20833333333333334,0.08333333333333333,1.6641674117026397,4.0,4.0,0.4,0.0,0.4
36,No,Travel_Frequently,Research & Development,23,2,3,4,2,Laboratory Technician,4,Married,2571,4,17,3,1,3,3,5,0,0.14553092182030333,0.25,0.16666666666666666,1.227439546144753,1.0,5.0,0.3333333333333333,0.5,0.5
39,No,Travel_Rarely,Research & Development,6,1,4,2,3,Healthcare Representative,1,Married,9991,4,15,1,1,5,3,7,1,0.06658993093784399,0.3333333333333333,0.041666666666666664,1.9284890153827074,1.4,3.5,0.875,0.875,0.625
27,No,Travel_Rarely,Research & Development,4,3,2,4,2,Manufacturing Director,2,Married,6142,1,20,2,1,0,3,6,0,0.054562031911429484,0.3333333333333333,0.7916666666666666,6.878555836751348,3.0,6.0,0.2857142857142857,0.42857142857142855,0.0
49,No,Travel_Frequently,Sales,2,3,4,2,2,Sales Executive,2,Married,5390,2,14,4,0,3,2,9,0,0.11614842300556585,0.2916666666666667,0.041666666666666664,2.927907600921395,3.0,9.0,0.6,0.8,0.3
34,No,Travel_Rarely,Research & Development,8,3,2,4,2,Laboratory Technician,3,Married,4404,2,12,1,0,3,4,4,1,0.16682334241598537,0.2916666666666667,0.08333333333333333,2.8095764052554024,1.3333333333333333,2.0,0.6,0.4,0.6
