Age,Attrition,BusinessTravel,Department,DistanceFromHome,Education,EnvironmentSatisfaction,JobInvolvement,JobLevel,JobRole,JobSatisfaction,MaritalStatus,MonthlyIncome,NumCompaniesWorked,PercentSalaryHike,RelationshipSatisfaction,StockOptionLevel,TrainingTimesLastYear,WorkLifeBalance,YearsAtCompany,YearsSinceLastPromotion,salary_growth_rate,bonus_month_ratio,overtime_month_ratio,avg_bonus_pct,career_stagnation_index,promotion_velocity,role_stagnation_ratio,manager_stability_ratio,training_intensity,Cluster,Cluster_Name
41,Yes,Travel_Rarely,Sales,1,2,2,3,2,Sales Executive,4,Single,5993,8,11,1,0,0,1,6,0,0.0644735524778909,0.2916666666666667,0.8333333333333334,2.4569788607810668,0.6666666666666666,6.0,0.5714285714285714,0.7142857142857143,0.0,1,Overworked Juniors
49,No,Travel_Frequently,Research & Development,8,1,3,2,2,Research Scientist,2,Married,5130,1,23,4,1,3,3,10,1,0.121766081871345,0.3333333333333333,0.0833333333333333,6.714264749515736,5.0,5.0,0.6363636363636364,0.6363636363636364,0.2727272727272727,0,Disengaged Juniors
37,Yes,Travel_Rarely,Research & Development,2,2,4,2,1,Laboratory Technician,3,Single,2090,6,15,2,0,3,3,0,0,0.1394593301435405,0.25,0.6666666666666666,1.3589561485459816,0.0,0.0,0.0,0.0,3.0,1,Overworked Juniors
33,No,Travel_Frequently,Research & Development,3,4,4,3,1,Research Scientist,3,Married,2909,1,11,3,0,3,3,8,3,0.1794946717084909,0.25,0.625,1.7810826896740066,4.0,2.0,0.7777777777777778,0.0,0.3333333333333333,1,Overworked Juniors
27,No,Travel_Rarely,Research & Development,2,1,1,3,1,Laboratory Technician,2,Married,3468,9,12,4,1,3,3,2,2,0.0811274509803921,0.2916666666666667,0.125,1.6022361524832651,0.2,0.6666666666666666,0.6666666666666666,0.6666666666666666,1.0,0,Disengaged Juniors
32,No,Travel_Frequently,Research & Development,2,2,4,3,1,Laboratory Technician,4,Single,3068,0,13,3,0,2,2,7,3,0.0592112125162972,0.125,0.125,0.6866431505061599,7.0,1.75,0.875,0.75,0.25,0,Disengaged Juniors
59,No,Travel_Rarely,Research & Development,3,3,3,4,1,Laboratory Technician,1,Married,2670,4,20,1,3,3,2,1,0,0.0519176029962546,0.3333333333333333,0.75,3.722194226809576,0.2,1.0,0.0,0.0,1.5,1,Overworked Juniors
30,No,Travel_Rarely,Research & Development,24,1,4,3,1,Laboratory Technician,3,Divorced,2693,1,22,2,1,2,3,1,0,0.115369476420349,0.3333333333333333,0.0416666666666666,6.806074500766917,0.5,1.0,0.0,0.0,1.0,0,Disengaged Juniors
38,No,Travel_Frequently,Research & Development,23,3,4,2,3,Manufacturing Director,3,Single,9526,0,21,2,0,2,3,9,1,0.0512114213730842,0.3333333333333333,0.0833333333333333,5.842136595809298,9.0,4.5,0.7,0.8,0.2,3,High Potential Fast Trackers
36,No,Travel_Rarely,Research & Development,27,3,3,3,2,Healthcare Representative,3,Married,5237,6,13,2,2,3,2,7,7,0.1286270765705556,0.2916666666666667,0.1666666666666666,2.413743515859238,1.0,0.875,0.875,0.875,0.375,0,Disengaged Juniors
35,No,Travel_Rarely,Research & Development,16,3,1,4,1,Laboratory Technician,2,Married,2426,0,13,3,1,5,3,5,0,0.0959769167353669,0.2916666666666667,0.0,2.180261129138958,5.0,5.0,0.6666666666666666,0.5,0.8333333333333334,0,Disengaged Juniors
29,No,Travel_Rarely,Research & Development,15,2,4,2,2,Laboratory Technician,3,Single,4193,0,12,4,0,3,3,9,0,0.1333937514905794,0.2916666666666667,0.7083333333333334,1.859127146893576,9.0,9.0,0.5,0.8,0.3,3,High Potential Fast Trackers
31,No,Travel_Rarely,Research & Development,26,1,1,3,1,Research Scientist,3,Divorced,2911,1,17,4,1,1,2,5,4,0.1366952937135005,0.2916666666666667,0.0416666666666666,1.7308467329156672,2.5,1.0,0.3333333333333333,0.5,0.1666666666666666,0,Disengaged Juniors
34,No,Travel_Rarely,Research & Development,19,2,2,3,1,Laboratory Technician,4,Divorced,2661,0,11,3,1,2,3,2,1,0.1294663660278091,0.2916666666666667,0.0,2.5152022534842984,2.0,1.0,0.6666666666666666,0.6666666666666666,0.6666666666666666,0,Disengaged Juniors
28,Yes,Travel_Rarely,Research & Development,24,3,3,2,1,Laboratory Technician,3,Single,2028,5,14,2,0,4,3,4,0,0.111706114398422,0.2916666666666667,0.7083333333333334,1.6192119906609483,0.6666666666666666,4.0,0.4,0.6,0.8,1,Overworked Juniors
29,No,Travel_Rarely,Research & Development,21,4,2,4,3,Manufacturing Director,1,Divorced,9980,1,11,3,1,1,3,10,8,0.1199689378757516,0.2916666666666667,0.0416666666666666,2.495633077514315,5.0,1.1111111111111112,0.8181818181818182,0.7272727272727273,0.0909090909090909,4,Stagnant Mid-Seniors
32,No,Travel_Rarely,Research & Development,5,2,1,4,1,Research Scientist,2,Divorced,3298,0,12,4,2,5,2,6,0,0.0791479684657368,0.2916666666666667,0.6666666666666666,1.2838176650472493,6.0,6.0,0.2857142857142857,0.7142857142857143,0.7142857142857143,1,Overworked Juniors
22,No,Non-Travel,Research & Development,16,2,4,4,1,Laboratory Technician,4,Divorced,2935,1,13,2,2,2,2,1,0,0.0657376490630323,0.1666666666666666,0.75,1.6726707041508784,0.5,1.0,0.0,0.0,1.0,1,Overworked Juniors
53,No,Travel_Rarely,Sales,2,4,1,2,4,Manager,4,Married,15427,2,16,3,0,3,3,25,3,0.092251896026447,0.2916666666666667,0.0,2.01880175804862,8.333333333333334,6.25,0.3076923076923077,0.2692307692307692,0.1153846153846153,2,Senior Stable
38,No,Travel_Rarely,Research & Development,2,3,4,3,1,Research Scientist,4,Single,3944,5,11,3,0,3,3,3,1,0.1397210953346857,0.25,0.7916666666666666,1.294524136914544,0.5,1.5,0.5,0.5,0.75,1,Overworked Juniors
24,No,Non-Travel,Research & Development,11,2,1,4,2,Manufacturing Director,3,Divorced,4011,0,18,4,1,5,2,4,1,0.1231687858389428,0.25,0.0833333333333333,1.462963967605612,4.0,2.0,0.4,0.6,1.0,0,Disengaged Juniors
36,Yes,Travel_Rarely,Sales,9,4,3,2,1,Sales Representative,1,Single,3407,7,23,2,0,4,3,5,0,0.1528617552098621,0.3333333333333333,0.0833333333333333,5.761916135135389,0.625,5.0,0.5,0.5,0.6666666666666666,0,Disengaged Juniors
34,No,Travel_Rarely,Research & Development,7,4,1,3,3,Research Director,2,Single,11994,0,11,3,0,4,3,12,2,0.1750483575120894,0.25,0.0833333333333333,2.1934745578954136,12.0,4.0,0.4615384615384615,0.8461538461538461,0.3076923076923077,3,High Potential Fast Trackers
21,No,Travel_Rarely,Research & Development,15,2,3,3,1,Research Scientist,4,Single,1232,1,14,4,0,6,3,0,0,0.1630194805194804,0.2916666666666667,0.125,2.0042200860184147,0.0,0.0,0.0,0.0,6.0,0,Disengaged Juniors
34,Yes,Travel_Rarely,Research & Development,6,1,2,3,1,Research Scientist,1,Single,2960,2,11,3,0,2,3,4,1,0.1698412162162162,0.2083333333333333,0.0416666666666666,1.491603518545333,1.3333333333333333,2.0,0.4,0.6,0.4,0,Disengaged Juniors
53,No,Travel_Rarely,Research & Development,5,3,3,3,5,Manager,3,Divorced,19094,4,11,4,1,3,2,14,4,0.1143924793128731,0.2083333333333333,0.0416666666666666,0.8700890208058133,2.8,2.8,0.8666666666666667,0.5333333333333333,0.2,2,Senior Stable
32,Yes,Travel_Frequently,Research & Development,16,1,2,1,1,Research Scientist,1,Single,3919,1,22,2,0,5,3,10,6,0.1415054860933912,0.3333333333333333,0.875,3.7564086110939634,5.0,1.4285714285714286,0.1818181818181818,0.6363636363636364,0.4545454545454545,1,Overworked Juniors
42,No,Travel_Rarely,Sales,8,4,3,3,2,Sales Executive,2,Married,6825,0,11,4,1,2,3,9,4,0.0705362637362637,0.2916666666666667,0.0416666666666666,1.9277928640765816,9.0,1.8,0.7,0.2,0.2,0,Disengaged Juniors
44,No,Travel_Rarely,Research & Development,7,4,1,2,3,Healthcare Representative,4,Married,10248,3,14,4,1,4,3,22,5,0.1385109289617485,0.25,0.1666666666666666,1.2317588033128275,5.5,3.6666666666666665,0.2608695652173913,0.7391304347826086,0.1739130434782608,4,Stagnant Mid-Seniors
46,No,Travel_Rarely,Sales,2,4,2,3,5,Manager,1,Single,18947,3,12,4,0,2,2,2,2,0.1527888320050667,0.2916666666666667,0.0833333333333333,1.1960275453667109,0.5,0.6666666666666666,0.6666666666666666,0.3333333333333333,0.6666666666666666,2,Senior Stable
33,No,Travel_Rarely,Research & Development,2,3,3,3,1,Laboratory Technician,4,Single,2496,4,11,4,0,3,3,1,0,0.1651041666666666,0.2083333333333333,0.0833333333333333,1.6771833731179409,0.2,1.0,0.5,0.0,1.5,0,Disengaged Juniors
44,No,Travel_Rarely,Research & Development,10,4,4,3,2,Healthcare Representative,4,Married,6465,2,13,4,0,5,4,4,1,0.0691817478731632,0.3333333333333333,0.7083333333333334,3.1521158333755546,1.3333333333333333,2.0,0.4,0.6,1.0,1,Overworked Juniors
30,No,Travel_Rarely,Research & Development,9,2,4,2,1,Laboratory Technician,3,Single,2206,1,13,1,0,5,3,10,1,0.0640344514959203,0.3333333333333333,0.0,2.7652990120220258,5.0,5.0,0.0,0.7272727272727273,0.4545454545454545,0,Disengaged Juniors
39,Yes,Travel_Rarely,Sales,5,3,4,3,2,Sales Representative,4,Married,2086,3,14,3,1,6,4,1,0,0.0621188878235857,0.25,0.0416666666666666,1.1420032333279353,0.25,1.0,0.0,0.0,3.0,0,Disengaged Juniors
24,Yes,Travel_Rarely,Research & Development,1,3,2,3,1,Research Scientist,4,Married,2293,2,16,1,1,2,2,2,2,0.1401526384648931,0.2916666666666667,0.7083333333333334,1.239770055265575,0.6666666666666666,0.6666666666666666,0.0,0.0,0.6666666666666666,1,Overworked Juniors
43,No,Travel_Rarely,Research & Development,2,2,4,4,1,Research Scientist,3,Divorced,2645,1,12,4,2,3,2,5,1,0.1382041587901702,0.2083333333333333,0.25,1.416231454542169,2.5,2.5,0.5,0.6666666666666666,0.5,0,Disengaged Juniors
50,Yes,Travel_Rarely,Sales,3,2,1,2,1,Sales Representative,3,Married,2683,1,14,3,0,2,3,3,0,0.1098136414461424,0.2916666666666667,0.7916666666666666,2.351109359019277,1.5,3.0,0.5,0.5,0.5,1,Overworked Juniors
35,No,Travel_Rarely,Sales,2,3,4,3,1,Sales Representative,4,Married,2014,1,13,1,0,3,3,2,2,0.1325868917576962,0.25,0.0833333333333333,1.936787430080377,1.0,0.6666666666666666,0.6666666666666666,0.6666666666666666,1.0,0,Disengaged Juniors
36,No,Travel_Rarely,Research & Development,5,4,2,2,1,Research Scientist,1,Married,3419,9,14,4,1,3,4,1,0,0.0609622696694939,0.2916666666666667,0.75,2.290863824993335,0.1,1.0,0.5,0.0,1.5,1,Overworked Juniors
33,No,Travel_Frequently,Sales,1,3,3,4,2,Sales Executive,1,Married,5376,2,19,1,2,3,3,5,1,0.1557142857142857,0.25,0.0833333333333333,2.017321274793044,1.6666666666666667,2.5,0.5,0.5,0.5,0,Disengaged Juniors
35,No,Travel_Rarely,Research & Development,4,2,3,3,1,Laboratory Technician,4,Divorced,1951,1,12,3,1,3,3,1,0,0.1435468990261404,0.1666666666666666,0.0416666666666666,1.6175652936706963,0.5,1.0,0.0,0.0,1.5,0,Disengaged Juniors
27,No,Travel_Rarely,Research & Development,2,4,4,3,1,Laboratory Technician,1,Divorced,2341,1,13,4,1,6,3,1,0,0.1730328919265271,0.25,0.1666666666666666,1.324298115326776,0.5,1.0,0.0,0.0,3.0,0,Disengaged Juniors
26,Yes,Travel_Rarely,Research & Development,25,3,1,1,1,Laboratory Technician,3,Single,2293,1,12,3,0,2,2,1,0,0.1309638028783254,0.2916666666666667,0.125,1.2985940095319608,0.5,1.0,0.0,0.5,1.0,0,Disengaged Juniors
27,No,Travel_Frequently,Sales,8,3,4,3,3,Sales Executive,3,Single,8726,1,15,4,0,0,3,9,1,0.120982122392849,0.2916666666666667,0.125,2.6238913656784155,4.5,4.5,0.8,0.7,0.0,0,Disengaged Juniors
30,No,Travel_Frequently,Research & Development,1,2,3,3,2,Laboratory Technician,4,Single,4011,1,23,4,0,2,3,12,3,0.0977561705310397,0.3333333333333333,0.0833333333333333,6.57355891600539,6.0,3.0,0.6153846153846154,0.5384615384615384,0.1538461538461538,0,Disengaged Juniors
41,Yes,Travel_Rarely,Research & Development,12,3,2,3,5,Research Director,3,Married,19545,1,12,4,0,0,3,22,15,0.1541422358659503,0.3333333333333333,0.0833333333333333,2.692152565449198,11.0,1.375,0.6521739130434783,0.3478260869565217,0.0,4,Stagnant Mid-Seniors
34,No,Non-Travel,Sales,23,4,2,3,2,Sales Executive,3,Single,4568,0,20,3,0,2,3,9,8,0.0676444833625218,0.3333333333333333,0.0,3.6492798000862297,9.0,1.0,0.5,0.7,0.2,4,Stagnant Mid-Seniors
37,No,Travel_Rarely,Research & Development,19,2,2,3,1,Research Scientist,2,Married,3022,4,21,1,0,1,3,1,0,0.0668696227663798,0.3333333333333333,0.0833333333333333,6.870282912279116,0.2,1.0,0.0,0.0,0.5,0,Disengaged Juniors
46,No,Travel_Frequently,Sales,5,4,1,3,2,Sales Executive,4,Single,5772,4,21,3,0,4,3,9,0,0.0793104643104642,0.3333333333333333,0.7083333333333334,7.146179653399559,1.8,9.0,0.6,0.8,0.4,3,High Potential Fast Trackers
35,No,Travel_Rarely,Research & Development,8,1,4,4,1,Laboratory Technician,4,Married,2269,1,19,4,0,2,3,1,0,0.1041560158660202,0.25,0.0833333333333333,1.950304128609721,0.5,1.0,0.0,0.5,1.0,0,Disengaged Juniors
48,Yes,Travel_Rarely,Research & Development,1,2,1,2,3,Laboratory Technician,3,Single,5381,9,13,4,0,2,3,1,0,0.1557517190113362,0.25,0.9583333333333334,2.4584414502173835,0.1,1.0,0.0,0.0,1.0,1,Overworked Juniors
28,Yes,Travel_Rarely,Research & Development,5,4,3,3,1,Laboratory Technician,3,Single,3441,1,13,3,0,3,2,2,2,0.1785818076140656,0.2916666666666667,0.6666666666666666,2.355007452336696,1.0,0.6666666666666666,0.6666666666666666,0.6666666666666666,1.0,1,Overworked Juniors
44,No,Travel_Rarely,Sales,1,5,2,3,2,Sales Executive,1,Divorced,5454,5,21,3,1,2,2,4,1,0.089998166483315,0.3333333333333333,0.7916666666666666,6.92842148593287,0.6666666666666666,2.0,0.6,0.6,0.4,1,Overworked Juniors
35,No,Non-Travel,Research & Development,11,2,3,2,3,Healthcare Representative,1,Married,9884,2,13,3,1,3,3,4,2,0.1696681505463375,0.3333333333333333,0.6666666666666666,3.078978554074568,1.3333333333333333,1.3333333333333333,0.0,0.6,0.6,1,Overworked Juniors
26,No,Travel_Rarely,Sales,23,3,3,2,2,Sales Executive,4,Married,4157,7,19,3,1,2,2,2,0,0.1206158287226364,0.125,0.8333333333333334,1.1718147759859394,0.25,2.0,0.6666666666666666,0.0,0.6666666666666666,1,Overworked Juniors
33,No,Travel_Frequently,Research & Development,1,2,1,3,3,Research Director,4,Single,13458,1,12,3,0,1,3,15,8,0.112068658047258,0.2083333333333333,0.4583333333333333,1.103902634392095,7.5,1.6666666666666667,0.875,0.75,0.0625,4,Stagnant Mid-Seniors
35,No,Travel_Frequently,Sales,18,5,2,3,3,Sales Executive,1,Married,9069,1,22,4,1,3,2,9,1,0.1551461021060756,0.3333333333333333,0.0833333333333333,4.656070958228746,4.5,4.5,0.8,0.8,0.3,0,Disengaged Juniors
35,No,Travel_Rarely,Research & Development,23,4,3,3,1,Laboratory Technician,1,Married,4014,3,15,3,1,3,3,2,2,0.0514872944693572,0.3333333333333333,0.7916666666666666,2.6406973886826184,0.5,0.6666666666666666,0.6666666666666666,0.6666666666666666,1.0,1,Overworked Juniors
31,No,Travel_Rarely,Research & Development,7,4,4,3,2,Laboratory Technician,4,Divorced,5915,3,22,4,1,3,2,7,1,0.1577413355874894,0.3333333333333333,0.125,7.028972508967514,1.75,3.5,0.875,0.875,0.375,0,Disengaged Juniors
37,No,Travel_Rarely,Research & Development,1,4,1,2,2,Manufacturing Director,3,Divorced,5993,1,18,3,1,2,4,7,0,0.179235775070916,0.2916666666666667,0.125,2.827410966450431,3.5,7.0,0.625,0.875,0.25,0,Disengaged Juniors
32,No,Travel_Rarely,Research & Development,1,3,1,3,2,Manufacturing Director,4,Married,6162,1,22,2,1,3,3,9,7,0.0701655306718597,0.3333333333333333,0.5416666666666666,4.098845443999225,4.5,1.125,0.8,0.8,0.3,1,Overworked Juniors
38,No,Travel_Frequently,Research & Development,29,5,4,3,2,Laboratory Technician,4,Single,2406,1,11,4,0,2,3,10,9,0.1277306733167083,0.2083333333333333,0.0416666666666666,1.638310966737994,5.0,1.0,0.2727272727272727,0.8181818181818182,0.1818181818181818,0,Disengaged Juniors
50,No,Travel_Rarely,Research & Development,7,2,2,2,5,Research Director,3,Divorced,18740,5,12,4,1,2,2,27,13,0.0831494130202775,0.25,0.8333333333333334,1.495393488740009,4.5,1.9285714285714288,0.1071428571428571,0.2857142857142857,0.0714285714285714,4,Stagnant Mid-Seniors
59,No,Travel_Rarely,Sales,25,3,1,3,3,Sales Executive,1,Single,7637,7,11,4,0,3,2,21,7,0.0840028807123216,0.2916666666666667,0.0416666666666666,2.0591155535981724,2.625,2.625,0.7272727272727273,0.4090909090909091,0.1363636363636363,2,Senior Stable
36,No,Travel_Rarely,Research & Development,8,3,3,3,3,Healthcare Representative,3,Divorced,10096,1,13,2,3,2,3,17,12,0.1787420760697305,0.2083333333333333,0.2916666666666667,2.0383822992357,8.5,1.3076923076923077,0.7777777777777778,0.4444444444444444,0.1111111111111111,4,Stagnant Mid-Seniors
55,No,Travel_Rarely,Research & Development,8,3,4,3,4,Manager,3,Divorced,14756,2,14,3,3,2,3,5,0,0.1184392789373813,0.2916666666666667,0.75,2.5670364176956744,1.6666666666666667,5.0,0.0,0.3333333333333333,0.3333333333333333,2,Senior Stable
36,No,Travel_Frequently,Research & Development,11,3,2,2,2,Manufacturing Director,2,Single,6499,1,13,3,0,3,3,6,0,0.1669102938913679,0.1666666666666666,0.125,1.2381285612827244,3.0,6.0,0.7142857142857143,0.4285714285714285,0.4285714285714285,0,Disengaged Juniors
45,No,Travel_Rarely,Research & Development,7,3,2,3,3,Research Scientist,1,Divorced,9724,2,17,3,1,2,3,1,0,0.0796575483340189,0.2916666666666667,0.125,2.1599448245887243,0.3333333333333333,1.0,0.0,0.0,1.0,2,Senior Stable
35,No,Travel_Frequently,Research & Development,1,3,2,3,1,Research Scientist,1,Married,2194,4,13,4,1,2,2,3,1,0.1671467639015496,0.25,0.0,2.357808344558422,0.6,1.5,0.5,0.5,0.5,0,Disengaged Juniors
36,Yes,Travel_Rarely,Research & Development,9,3,4,2,1,Research Scientist,3,Married,3388,0,17,1,1,0,2,1,0,0.0730932703659976,0.2083333333333333,0.6666666666666666,1.3444707770618416,1.0,1.0,0.0,0.0,0.0,1,Overworked Juniors
59,No,Travel_Frequently,Sales,1,1,1,2,2,Sales Executive,3,Single,5473,7,11,4,0,2,2,4,1,0.1021048784944271,0.3333333333333333,0.125,2.946912547739288,0.5,2.0,0.6,0.6,0.4,0,Disengaged Juniors
29,No,Travel_Rarely,Research & Development,2,3,3,3,1,Research Scientist,2,Married,2703,0,23,4,1,3,3,5,0,0.1127598964113947,0.3333333333333333,0.2083333333333333,4.555056660003803,5.0,5.0,0.6666666666666666,0.6666666666666666,0.5,0,Disengaged Juniors
31,No,Travel_Rarely,Research & Development,1,4,3,3,1,Research Scientist,2,Single,2501,1,17,2,0,4,3,1,1,0.1745981607357057,0.25,0.0416666666666666,1.3660357784586907,0.5,0.5,0.5,0.0,2.0,0,Disengaged Juniors
32,No,Travel_Rarely,Research & Development,1,3,2,3,2,Research Scientist,2,Married,6220,1,17,2,2,3,3,10,0,0.1267218649517685,0.25,0.0,2.0385372519670644,5.0,10.0,0.3636363636363636,0.8181818181818182,0.2727272727272727,3,High Potential Fast Trackers
36,No,Travel_Rarely,Research & Development,6,3,2,4,1,Laboratory Technician,4,Married,3038,3,12,2,0,3,3,1,0,0.1489368005266622,0.3333333333333333,0.0,1.9403046479534705,0.25,1.0,0.0,0.0,1.5,0,Disengaged Juniors
31,No,Travel_Rarely,Research & Development,8,4,3,3,2,Manufacturing Director,4,Single,4424,1,23,4,0,2,3,11,1,0.1293331826401446,0.3333333333333333,0.0416666666666666,5.072089912215756,5.5,5.5,0.5833333333333334,0.6666666666666666,0.1666666666666666,0,Disengaged Juniors
35,No,Travel_Rarely,Sales,1,4,3,2,2,Sales Executive,1,Single,4312,0,14,2,0,2,3,15,2,0.1577017625231911,0.25,0.0833333333333333,2.207859537303104,15.0,5.0,0.8125,0.5,0.125,3,High Potential Fast Trackers
45,No,Travel_Rarely,Research & Development,6,4,4,3,3,Research Director,1,Married,13245,4,14,2,0,3,4,0,0,0.1524794261985655,0.2083333333333333,0.7083333333333334,2.058253782656499,0.0,0.0,0.0,0.0,3.0,2,Senior Stable
37,No,Travel_Rarely,Research & Development,7,4,1,3,3,Research Director,3,Single,13664,4,13,1,0,3,4,5,0,0.0512075526932084,0.2916666666666667,0.125,2.385387525266247,1.0,5.0,0.3333333333333333,0.3333333333333333,0.5,2,Senior Stable
46,No,Travel_Rarely,Human Resources,5,2,2,3,2,Human Resources,2,Divorced,5021,8,22,4,1,2,3,4,0,0.1528400716988647,0.3333333333333333,0.6666666666666666,4.350240655917372,0.4444444444444444,4.0,0.4,0.4,0.4,1,Overworked Juniors
30,No,Travel_Rarely,Research & Development,1,1,4,2,2,Laboratory Technician,4,Married,5126,1,12,3,2,1,2,10,3,0.0671576277799453,0.3333333333333333,0.75,3.0632418781530744,5.0,2.5,0.7272727272727273,0.0,0.0909090909090909,1,Overworked Juniors
35,No,Travel_Rarely,Research & Development,1,3,2,2,1,Research Scientist,3,Single,2859,1,18,1,0,3,3,6,0,0.1739454354669464,0.2916666666666667,0.1666666666666666,1.571910150744244,3.0,6.0,0.5714285714285714,0.5714285714285714,0.4285714285714285,0,Disengaged Juniors
55,No,Travel_Rarely,Sales,1,2,1,3,3,Sales Executive,4,Married,10239,3,14,4,1,4,3,1,1,0.0977995898036918,0.25,0.125,1.3826755626445282,0.25,0.5,0.0,0.0,2.0,2,Senior Stable
38,No,Non-Travel,Research & Development,6,3,2,1,2,Research Scientist,4,Divorced,5329,7,12,4,3,3,3,13,1,0.0903903171326702,0.2916666666666667,0.6666666666666666,1.3337388147575842,1.625,6.5,0.7857142857142857,0.6428571428571429,0.2142857142857142,1,Overworked Juniors
34,No,Travel_Rarely,Research & Development,1,2,1,3,2,Manufacturing Director,2,Married,4325,1,15,3,0,2,3,5,1,0.1697664739884392,0.1666666666666666,0.1666666666666666,1.6753787017914843,2.5,2.5,0.3333333333333333,0.5,0.3333333333333333,0,Disengaged Juniors
56,No,Travel_Rarely,Research & Development,7,3,4,1,3,Manufacturing Director,4,Single,7260,4,11,1,0,3,2,6,0,0.1608223140495867,0.25,0.1666666666666666,1.1427157543269368,1.2,6.0,0.5714285714285714,0.2857142857142857,0.4285714285714285,2,Senior Stable
23,No,Travel_Rarely,Sales,2,1,3,3,1,Sales Representative,1,Divorced,2322,3,13,3,1,3,3,0,0,0.0528337639965546,0.2916666666666667,0.125,1.290794384925799,0.0,0.0,0.0,0.0,3.0,0,Disengaged Juniors
51,No,Travel_Rarely,Research & Development,9,4,4,3,1,Laboratory Technician,4,Married,2075,3,23,2,2,4,3,4,0,0.1206746987951807,0.3333333333333333,0.0833333333333333,3.444565571608138,1.0,4.0,0.4,0.6,0.8,0,Disengaged Juniors
30,No,Travel_Rarely,Research & Development,2,3,3,2,2,Healthcare Representative,4,Married,4152,1,19,1,3,3,3,11,10,0.1795303468208092,0.2083333333333333,0.125,1.1280695997658725,5.5,1.0,0.8333333333333334,0.6666666666666666,0.25,4,Stagnant Mid-Seniors
46,Yes,Travel_Rarely,Sales,9,2,3,2,3,Sales Executive,4,Single,9619,1,16,4,0,3,3,9,4,0.0577419690196486,0.1666666666666666,0.0833333333333333,0.8048340514543839,4.5,1.8,0.8,0.7,0.3,2,Senior Stable
40,No,Travel_Frequently,Research & Development,1,4,3,2,4,Healthcare Representative,2,Married,13503,1,22,4,1,3,2,22,11,0.1754735984596016,0.3333333333333333,0.125,3.511032210198888,11.0,1.8333333333333333,0.1304347826086956,0.4782608695652174,0.1304347826086956,4,Stagnant Mid-Seniors
51,No,Travel_Rarely,Sales,21,4,3,3,2,Sales Executive,4,Single,5441,0,22,4,0,2,1,10,1,0.1045543098695093,0.3333333333333333,0.5833333333333334,4.015538826939333,10.0,5.0,0.6363636363636364,0.0,0.1818181818181818,3,High Potential Fast Trackers
30,No,Travel_Rarely,Sales,4,2,3,2,2,Sales Executive,2,Divorced,5209,1,12,2,3,4,2,11,2,0.0540295642157803,0.3333333333333333,0.7916666666666666,3.2253241046890837,5.5,3.6666666666666665,0.6666666666666666,0.5833333333333334,0.3333333333333333,1,Overworked Juniors
46,No,Travel_Frequently,Research & Development,1,3,3,2,3,Healthcare Representative,1,Married,10673,2,13,3,1,5,2,10,9,0.1003785252506324,0.2916666666666667,0.75,1.825360581797803,3.333333333333333,1.0,0.8181818181818182,0.4545454545454545,0.4545454545454545,4,Stagnant Mid-Seniors
32,No,Travel_Rarely,Sales,6,4,2,3,2,Sales Executive,3,Single,5010,1,16,1,0,0,3,11,5,0.108375249500998,0.25,0.0833333333333333,2.434200639918891,5.5,1.8333333333333333,0.6666666666666666,0.5833333333333334,0.0,0,Disengaged Juniors
54,No,Travel_Rarely,Research & Development,2,4,1,3,3,Research Director,3,Married,13549,9,12,1,1,5,1,4,0,0.1196324451989076,0.2083333333333333,0.1666666666666666,1.2497893898859005,0.4,4.0,0.6,0.6,1.0,2,Senior Stable
24,No,Travel_Rarely,Sales,3,2,1,3,2,Sales Executive,3,Married,4999,0,21,1,1,2,2,3,0,0.16874574914983,0.3333333333333333,0.2083333333333333,4.962016536365614,3.0,3.0,0.5,0.5,0.5,0,Disengaged Juniors
28,No,Non-Travel,Sales,4,3,2,3,2,Sales Executive,3,Married,4221,1,15,2,0,3,4,5,0,0.0984198057332386,0.2916666666666667,0.0416666666666666,2.191465244433205,2.5,5.0,0.6666666666666666,0.6666666666666666,0.5,0,Disengaged Juniors
58,No,Travel_Rarely,Sales,10,4,4,3,4,Sales Executive,3,Single,13872,0,13,3,0,1,2,37,1,0.1607064590542099,0.25,0.125,1.7096868092332331,37.0,18.5,0.2631578947368421,0.2105263157894736,0.0263157894736842,3,High Potential Fast Trackers
44,No,Non-Travel,Research & Development,23,3,2,3,2,Laboratory Technician,2,Married,2042,4,12,3,1,3,4,3,1,0.0837267384916747,0.2916666666666667,0.125,1.8946064025646576,0.6,1.5,0.5,0.5,0.75,0,Disengaged Juniors
37,Yes,Travel_Rarely,Human Resources,6,4,3,3,1,Human Resources,1,Divorced,2073,4,22,4,0,3,3,3,0,0.0653111432706222,0.3333333333333333,0.7083333333333334,3.566942072472576,0.6,3.0,0.5,0.5,0.75,1,Overworked Juniors
32,No,Travel_Rarely,Research & Development,1,1,4,3,1,Research Scientist,1,Single,2956,1,13,4,0,2,3,1,0,0.0855581867388362,0.2916666666666667,0.125,2.5307085178112807,0.5,1.0,0.0,0.0,1.0,0,Disengaged Juniors
20,Yes,Travel_Frequently,Research & Development,6,3,4,2,1,Laboratory Technician,4,Single,2926,1,18,2,0,5,3,1,1,0.1794121667805878,0.2083333333333333,0.875,1.3186931901244336,0.5,0.5,0.0,0.0,2.5,1,Overworked Juniors
34,No,Travel_Rarely,Research & Development,6,4,1,3,2,Research Scientist,3,Single,4809,1,14,3,0,3,3,16,2,0.0631274693283426,0.25,0.125,1.7988090081992698,8.0,5.333333333333333,0.7647058823529411,0.5882352941176471,0.1764705882352941,0,Disengaged Juniors
37,No,Non-Travel,Research & Development,2,2,3,2,2,Healthcare Representative,4,Divorced,5163,5,14,4,1,2,4,1,0,0.1785260507456904,0.25,0.1666666666666666,1.4640203170902275,0.1666666666666666,1.0,0.0,0.0,1.0,0,Disengaged Juniors
59,No,Non-Travel,Human Resources,2,4,3,2,5,Manager,4,Married,18844,9,21,4,1,3,3,3,2,0.0707211844618976,0.3333333333333333,0.0833333333333333,5.026304057008477,0.3,1.0,0.5,0.5,0.75,2,Senior Stable
50,No,Travel_Frequently,Research & Development,1,3,1,3,5,Research Director,2,Married,18172,3,19,1,0,1,2,8,0,0.1174829407880256,0.2083333333333333,0.8333333333333334,1.7203819135231266,2.0,8.0,0.3333333333333333,0.7777777777777778,0.1111111111111111,2,Senior Stable
25,Yes,Travel_Rarely,Sales,5,3,3,2,2,Sales Executive,3,Single,5744,1,11,4,0,1,3,6,0,0.0633443593314763,0.2916666666666667,0.875,1.891692770786483,3.0,6.0,0.5714285714285714,0.4285714285714285,0.1428571428571428,1,Overworked Juniors
25,No,Travel_Rarely,Research & Development,7,1,4,2,1,Research Scientist,4,Married,2889,1,11,3,2,2,3,2,2,0.1031983385254412,0.2916666666666667,0.0833333333333333,1.604018453699552,1.0,0.6666666666666666,0.6666666666666666,0.3333333333333333,0.6666666666666666,0,Disengaged Juniors
22,No,Travel_Rarely,Research & Development,15,3,2,3,1,Laboratory Technician,4,Single,2871,1,15,3,0,5,3,0,0,0.1044270289097875,0.2916666666666667,0.0,2.23508075563857,0.0,0.0,0.0,0.0,5.0,0,Disengaged Juniors
51,No,Travel_Frequently,Research & Development,1,4,1,2,3,Healthcare Representative,1,Single,7484,3,20,3,0,1,2,13,12,0.1472234099412078,0.3333333333333333,0.0833333333333333,6.738041854781941,3.25,1.0,0.8571428571428571,0.5714285714285714,0.0714285714285714,4,Stagnant Mid-Seniors
34,Yes,Travel_Frequently,Research & Development,7,3,1,1,2,Laboratory Technician,3,Single,6074,1,24,4,0,3,3,9,0,0.1164191636483372,0.3333333333333333,0.8333333333333334,6.520691220807049,4.5,9.0,0.7,0.6,0.3,3,High Potential Fast Trackers
54,No,Non-Travel,Human Resources,26,3,4,4,4,Manager,4,Single,17328,2,12,3,0,3,3,5,4,0.059680863342567,0.25,0.7083333333333334,2.467546491154444,1.6666666666666667,1.0,0.5,0.6666666666666666,0.5,2,Senior Stable
24,No,Travel_Rarely,Research & Development,18,1,2,3,1,Laboratory Technician,3,Married,2774,0,12,3,1,2,3,5,1,0.0783994232155731,0.1666666666666666,0.0416666666666666,1.4237849631743753,5.0,2.5,0.5,0.3333333333333333,0.3333333333333333,0,Disengaged Juniors
34,No,Travel_Rarely,Research & Development,6,4,3,2,2,Research Scientist,2,Divorced,4505,6,15,3,1,3,3,1,0,0.0774006659267479,0.25,0.25,1.9382711347956476,0.1428571428571428,1.0,0.0,0.0,1.5,0,Disengaged Juniors
37,No,Travel_Rarely,Sales,3,3,3,3,3,Sales Executive,4,Single,7428,2,12,1,0,3,3,5,1,0.1706462035541194,0.2916666666666667,0.0833333333333333,1.3460332681355622,1.6666666666666667,2.5,0.5,0.5,0.5,0,Disengaged Juniors
34,No,Travel_Rarely,Research & Development,5,3,3,2,3,Manager,1,Single,11631,2,12,4,0,6,3,11,5,0.1677319233083999,0.2916666666666667,0.0833333333333333,2.6616784903143413,3.6666666666666665,1.8333333333333333,0.8333333333333334,0.6666666666666666,0.5,4,Stagnant Mid-Seniors
36,No,Travel_Frequently,Sales,11,2,2,3,3,Sales Executive,4,Married,9738,0,14,3,1,6,3,9,2,0.0506284658040665,0.25,0.0833333333333333,1.3692710007802085,9.0,3.0,0.7,0.8,0.6,0,Disengaged Juniors
36,No,Travel_Rarely,Research & Development,3,2,1,3,1,Laboratory Technician,4,Divorced,2835,5,22,1,1,2,3,1,0,0.0693227513227514,0.3333333333333333,0.125,4.931117177941421,0.1666666666666666,1.0,0.0,0.0,1.0,0,Disengaged Juniors
43,No,Travel_Frequently,Sales,26,2,3,3,4,Manager,4,Married,16959,1,12,4,2,3,4,25,4,0.0980264166519252,0.2916666666666667,0.625,1.254757993206392,12.5,5.0,0.4615384615384615,0.4615384615384615,0.1153846153846153,4,Stagnant Mid-Seniors
30,No,Travel_Frequently,Research & Development,23,3,1,1,1,Research Scientist,3,Divorced,2613,1,25,3,3,2,2,10,0,0.0865059318790661,0.3333333333333333,0.0,3.9480895321039946,5.0,10.0,0.6363636363636364,0.8181818181818182,0.1818181818181818,3,High Potential Fast Trackers
33,No,Non-Travel,Sales,22,2,3,3,2,Sales Executive,2,Married,6146,0,13,1,1,2,4,7,0,0.0524210868857794,0.2916666666666667,0.125,2.437783112955206,7.0,7.0,0.875,0.875,0.25,3,High Potential Fast Trackers
56,Yes,Travel_Rarely,Research & Development,14,4,2,3,1,Research Scientist,2,Married,4963,9,18,1,3,2,3,5,4,0.0621156558533144,0.2083333333333333,0.6666666666666666,1.6832976444700456,0.5,1.0,0.6666666666666666,0.5,0.3333333333333333,1,Overworked Juniors
51,No,Travel_Rarely,Research & Development,6,3,1,3,5,Research Director,3,Single,19537,7,13,3,0,5,3,20,15,0.1394098377437683,0.3333333333333333,0.0,1.9651423784192008,2.5,1.25,0.8571428571428571,0.7142857142857143,0.238095238095238,4,Stagnant Mid-Seniors
31,Yes,Travel_Rarely,Sales,6,4,2,1,2,Sales Executive,3,Married,6172,4,18,2,0,3,2,7,7,0.1005832793259883,0.2916666666666667,0.7083333333333334,2.2638734625036,1.4,0.875,0.875,0.875,0.375,1,Overworked Juniors
26,No,Travel_Rarely,Research & Development,6,3,3,2,1,Research Scientist,2,Married,2368,1,19,3,0,3,2,5,4,0.1513555743243242,0.25,0.0833333333333333,1.5386878479151866,2.5,1.0,0.6666666666666666,0.5,0.5,0,Disengaged Juniors
58,Yes,Travel_Rarely,Research & Development,23,4,4,3,3,Healthcare Representative,4,Married,10312,1,12,4,1,3,2,40,15,0.1096499224204809,0.2916666666666667,0.0833333333333333,1.9716841977209585,20.0,2.5,0.2439024390243902,0.1463414634146341,0.073170731707317,4,Stagnant Mid-Seniors
19,Yes,Travel_Rarely,Sales,22,1,4,3,1,Sales Representative,3,Single,1675,1,19,4,0,2,2,0,0,0.1587223880597014,0.1666666666666666,0.6666666666666666,1.0602595233222525,0.0,0.0,0.0,0.0,2.0,1,Overworked Juniors
22,No,Travel_Rarely,Research & Development,2,1,3,3,1,Laboratory Technician,4,Married,2523,0,14,3,1,2,3,2,2,0.0515378517637733,0.25,0.0,1.3133653768757916,2.0,0.6666666666666666,0.3333333333333333,0.3333333333333333,0.6666666666666666,0,Disengaged Juniors
49,No,Travel_Rarely,Research & Development,20,4,3,3,2,Manufacturing Director,1,Married,6567,1,14,3,0,2,2,15,5,0.1194183036394092,0.2916666666666667,0.125,1.701638674849535,7.5,2.5,0.6875,0.6875,0.125,4,Stagnant Mid-Seniors
43,No,Travel_Frequently,Research & Development,28,3,2,4,1,Research Scientist,3,Single,4739,4,12,4,0,2,3,3,1,0.1628740240557079,0.2916666666666667,0.0833333333333333,2.263055300267516,0.6,1.5,0.5,0.5,0.5,0,Disengaged Juniors
50,No,Travel_Frequently,Sales,12,3,3,3,3,Sales Executive,4,Single,9208,4,11,4,0,3,3,2,2,0.1494493918331884,0.1666666666666666,0.0416666666666666,0.7631766209179759,0.4,0.6666666666666666,0.6666666666666666,0.3333333333333333,1.0,2,Senior Stable
31,Yes,Travel_Rarely,Sales,20,3,2,1,2,Sales Executive,3,Married,4559,3,11,3,1,2,3,2,2,0.0900219346347883,0.3333333333333333,0.75,2.1733243716311037,0.5,0.6666666666666666,0.6666666666666666,0.6666666666666666,0.6666666666666666,1,Overworked Juniors
41,No,Travel_Rarely,Sales,9,1,3,3,3,Sales Executive,3,Divorced,8189,3,13,3,1,2,3,9,0,0.1551447063133471,0.2916666666666667,0.75,1.864525668855056,2.25,9.0,0.7,0.7,0.2,3,High Potential Fast Trackers
26,No,Travel_Rarely,Human Resources,25,1,3,3,1,Human Resources,3,Married,2942,1,23,4,1,3,3,8,5,0.1664411964649898,0.3333333333333333,0.0416666666666666,4.33366229085179,4.0,1.3333333333333333,0.7777777777777778,0.7777777777777778,0.3333333333333333,0,Disengaged Juniors
36,No,Travel_Rarely,Research & Development,6,2,2,3,2,Manufacturing Director,2,Divorced,4941,6,20,4,2,0,3,3,0,0.1622748431491601,0.3333333333333333,0.1666666666666666,4.256763565500894,0.4285714285714285,3.0,0.5,0.25,0.0,0,Disengaged Juniors
51,Yes,Travel_Frequently,Research & Development,8,4,1,1,3,Manufacturing Director,4,Single,10650,2,15,4,0,2,3,4,0,0.1134197183098591,0.2916666666666667,0.0833333333333333,1.7341599460693538,1.3333333333333333,4.0,0.4,0.6,0.4,2,Senior Stable
39,No,Travel_Rarely,Sales,4,4,4,2,2,Sales Executive,3,Married,5902,4,14,3,1,1,4,15,5,0.1508827516096239,0.25,0.0833333333333333,1.36617187083694,3.0,2.5,0.6875,0.5625,0.0625,0,Disengaged Juniors
25,No,Travel_Rarely,Sales,28,3,1,2,2,Sales Executive,3,Married,8639,2,18,4,0,3,3,2,2,0.1108473202917005,0.25,0.0833333333333333,1.9839758804209189,0.6666666666666666,0.6666666666666666,0.6666666666666666,0.6666666666666666,1.0,0,Disengaged Juniors
30,No,Travel_Rarely,Human Resources,9,3,3,3,2,Human Resources,4,Married,6347,0,19,4,0,2,1,11,4,0.0705624704584842,0.2083333333333333,0.6666666666666666,2.119640399695005,11.0,2.2,0.75,0.5833333333333334,0.1666666666666666,1,Overworked Juniors
32,Yes,Travel_Rarely,Research & Development,9,3,1,3,1,Laboratory Technician,1,Single,4200,7,22,1,0,2,4,5,0,0.1241857142857142,0.3333333333333333,0.125,5.619777083521732,0.625,5.0,0.6666666666666666,0.6666666666666666,0.3333333333333333,0,Disengaged Juniors
45,No,Travel_Rarely,Research & Development,29,3,3,3,1,Research Scientist,4,Single,3452,5,13,2,0,2,2,6,0,0.093470451911935,0.3333333333333333,0.0833333333333333,3.1163498209657488,1.0,6.0,0.7142857142857143,0.4285714285714285,0.2857142857142857,0,Disengaged Juniors
38,No,Travel_Rarely,Research & Development,3,5,4,3,2,Research Scientist,3,Single,4317,3,20,2,0,2,3,3,2,0.0669492703266158,0.3333333333333333,0.8333333333333334,3.883396701817671,0.75,1.0,0.5,0.5,0.5,1,Overworked Juniors
30,No,Travel_Rarely,Research & Development,18,3,1,3,1,Research Scientist,3,Single,2632,1,14,3,0,4,2,5,0,0.1701481762917933,0.2916666666666667,0.0,1.617630666798667,2.5,5.0,0.6666666666666666,0.6666666666666666,0.6666666666666666,0,Disengaged Juniors
32,No,Travel_Frequently,Sales,9,2,4,1,2,Sales Executive,4,Divorced,4668,0,17,4,3,2,4,8,0,0.1351178234790059,0.2916666666666667,0.0416666666666666,1.1830389397267014,8.0,8.0,0.7777777777777778,0.7777777777777778,0.2222222222222222,3,High Potential Fast Trackers
30,No,Travel_Rarely,Research & Development,5,3,4,3,1,Research Scientist,1,Divorced,3204,5,14,4,1,3,3,3,2,0.0834987515605493,0.2083333333333333,0.0,1.3244430656114206,0.5,1.0,0.5,0.5,0.75,0,Disengaged Juniors
30,No,Travel_Rarely,Research & Development,2,1,2,2,1,Laboratory Technician,4,Single,2720,0,13,4,0,3,3,5,1,0.1692242647058823,0.25,0.0,1.5056477997586086,5.0,2.5,0.5,0.3333333333333333,0.5,0,Disengaged Juniors
41,No,Travel_Frequently,Research & Development,10,3,4,2,4,Manager,1,Divorced,17181,4,13,2,1,2,2,7,7,0.1003695943193062,0.125,0.0416666666666666,0.8588618950101099,1.4,0.875,0.75,0.875,0.25,2,Senior Stable
41,No,Travel_Rarely,Research & Development,9,4,3,3,1,Laboratory Technician,1,Married,2238,2,21,4,1,2,3,5,1,0.1174307417336907,0.3333333333333333,0.0833333333333333,4.915791095232771,1.6666666666666667,2.5,0.0,0.6666666666666666,0.3333333333333333,0,Disengaged Juniors
19,No,Travel_Rarely,Research & Development,3,1,2,3,1,Laboratory Technician,2,Single,1483,1,14,4,0,3,3,1,0,0.0532366824005394,0.25,0.0833333333333333,1.6878633371356315,0.5,1.0,0.0,0.0,1.5,0,Disengaged Juniors
40,No,Travel_Frequently,Research & Development,26,3,2,3,2,Research Scientist,2,Divorced,5605,1,11,1,1,2,3,20,2,0.0652827832292595,0.2083333333333333,0.1666666666666666,0.9914915256482356,10.0,6.666666666666667,0.3333333333333333,0.6190476190476191,0.0952380952380952,3,High Potential Fast Trackers
35,No,Travel_Rarely,Sales,1,5,3,3,3,Sales Executive,2,Married,7295,1,13,1,2,3,3,10,0,0.135920493488691,0.25,0.1666666666666666,2.082901956513304,5.0,10.0,0.7272727272727273,0.5454545454545454,0.2727272727272727,3,High Potential Fast Trackers
53,No,Travel_Rarely,Sales,6,2,2,3,2,Sales Representative,3,Married,2306,2,20,4,1,3,1,7,4,0.1793538594969645,0.3333333333333333,0.7916666666666666,4.748764566467755,2.333333333333333,1.4,0.875,0.625,0.375,1,Overworked Juniors
45,No,Travel_Rarely,Research & Development,9,3,2,3,2,Laboratory Technician,2,Divorced,2348,8,18,3,1,2,1,17,0,0.089037478705281,0.2916666666666667,0.125,2.1236909577665832,1.8888888888888888,17.0,0.5,0.8333333333333334,0.1111111111111111,3,High Potential Fast Trackers
32,No,Travel_Frequently,Sales,8,3,2,3,3,Sales Executive,4,Single,8998,1,14,4,0,2,3,9,3,0.0864603245165591,0.25,0.0416666666666666,1.0467551615348272,4.5,2.25,0.8,0.7,0.2,0,Disengaged Juniors
29,No,Non-Travel,Research & Development,1,1,4,3,2,Manufacturing Director,3,Married,4319,1,13,1,1,1,3,10,0,0.0627737902292197,0.3333333333333333,0.0833333333333333,3.3148391380171485,5.0,10.0,0.6363636363636364,0.8181818181818182,0.0909090909090909,3,High Potential Fast Trackers
51,No,Travel_Rarely,Research & Development,7,4,2,2,2,Manufacturing Director,3,Married,6132,2,17,3,0,2,3,1,0,0.091402478799739,0.3333333333333333,0.0,1.6164394577258925,0.3333333333333333,1.0,0.0,0.0,1.0,0,Disengaged Juniors
58,No,Travel_Rarely,Research & Development,9,3,2,2,1,Research Scientist,2,Married,3346,4,20,2,1,3,2,1,0,0.1337746563060371,0.3333333333333333,0.7083333333333334,6.433423997268638,0.2,1.0,0.0,0.0,1.5,1,Overworked Juniors
40,No,Travel_Rarely,Sales,4,4,3,2,3,Sales Executive,4,Married,10855,7,11,1,1,2,2,12,2,0.1530161216029479,0.25,0.0416666666666666,1.8308983918386992,1.5,4.0,0.8461538461538461,0.8461538461538461,0.1538461538461538,2,Senior Stable
34,No,Travel_Frequently,Sales,2,4,3,3,1,Sales Representative,3,Married,2231,6,18,4,1,3,3,4,1,0.0782877633348273,0.25,0.0416666666666666,1.2046314780116594,0.5714285714285714,2.0,0.6,0.4,0.6,0,Disengaged Juniors
22,No,Travel_Rarely,Research & Development,19,1,3,3,1,Research Scientist,4,Married,2323,1,24,1,2,6,3,2,2,0.0805811450710288,0.3333333333333333,0.125,6.181697939365274,1.0,0.6666666666666666,0.6666666666666666,0.6666666666666666,2.0,0,Disengaged Juniors
27,No,Non-Travel,Research & Development,9,3,4,3,1,Research Scientist,2,Divorced,2024,6,18,4,1,1,1,2,2,0.1661660079051384,0.3333333333333333,0.0833333333333333,2.759380198385805,0.2857142857142857,0.6666666666666666,0.6666666666666666,0.6666666666666666,0.3333333333333333,0,Disengaged Juniors
28,No,Travel_Rarely,Research & Development,21,3,3,3,1,Research Scientist,4,Married,2713,1,11,3,1,2,1,5,0,0.1748544047180243,0.2083333333333333,0.0833333333333333,0.9411955585379956,2.5,5.0,0.3333333333333333,0.3333333333333333,0.3333333333333333,0,Disengaged Juniors
57,No,Travel_Rarely,Research & Development,24,2,3,4,3,Healthcare Representative,4,Divorced,9439,3,16,2,1,2,1,5,1,0.0857781544655154,0.25,0.75,1.3901879806964137,1.25,2.5,0.5,0.6666666666666666,0.3333333333333333,2,Senior Stable
27,No,Non-Travel,Research & Development,3,3,3,2,1,Research Scientist,3,Divorced,2566,1,15,4,1,2,2,1,0,0.1699181605611848,0.2916666666666667,0.75,1.6104784836083008,0.5,1.0,0.5,0.5,1.0,1,Overworked Juniors
50,No,Travel_Rarely,Research & Development,11,3,3,3,5,Manager,2,Single,19926,3,15,2,0,5,3,5,4,0.1581195423065341,0.2083333333333333,0.0833333333333333,0.8554922361956516,1.25,1.0,0.6666666666666666,0.6666666666666666,0.8333333333333334,2,Senior Stable
41,No,Travel_Rarely,Research & Development,14,3,1,3,1,Research Scientist,3,Divorced,2451,4,12,1,1,2,3,9,1,0.0834557323541412,0.2916666666666667,0.125,2.555962802532336,1.8,4.5,0.8,0.8,0.2,0,Disengaged Juniors
30,No,Travel_Rarely,Sales,5,3,2,3,3,Sales Executive,4,Married,9419,2,12,3,1,2,3,10,7,0.1169996814948508,0.2083333333333333,0.1666666666666666,2.065302156656652,3.333333333333333,1.25,0.8181818181818182,0.3636363636363636,0.1818181818181818,4,Stagnant Mid-Seniors
38,No,Travel_Rarely,Sales,1,4,1,2,2,Sales Executive,4,Single,8686,4,22,3,0,2,4,8,0,0.1650782868984573,0.3333333333333333,0.125,5.149488356253563,1.6,8.0,0.3333333333333333,0.7777777777777778,0.2222222222222222,3,High Potential Fast Trackers
32,No,Travel_Rarely,Research & Development,6,5,3,3,1,Research Scientist,3,Single,3038,3,20,1,0,2,3,5,1,0.1702271231073074,0.3333333333333333,0.0833333333333333,3.48083490693624,1.25,2.5,0.6666666666666666,0.6666666666666666,0.3333333333333333,0,Disengaged Juniors
27,No,Travel_Rarely,Research & Development,17,3,3,3,1,Research Scientist,2,Married,3058,0,16,4,1,3,2,5,1,0.0657030739045127,0.2916666666666667,0.875,2.35935182770007,5.0,2.5,0.3333333333333333,0.1666666666666666,0.5,1,Overworked Juniors
19,Yes,Travel_Frequently,Sales,1,1,3,1,1,Sales Representative,1,Single,2325,0,21,1,0,5,4,0,0,0.1035655913978494,0.3333333333333333,0.125,7.144322334253597,0.0,0.0,0.0,0.0,5.0,0,Disengaged Juniors
36,No,Travel_Frequently,Research & Development,3,2,4,3,1,Laboratory Technician,2,Single,2088,4,12,3,0,3,2,8,7,0.1146791187739462,0.2916666666666667,0.25,1.4481064249188196,1.6,1.0,0.7777777777777778,0.2222222222222222,0.3333333333333333,0,Disengaged Juniors
30,No,Non-Travel,Research & Development,9,3,3,3,2,Laboratory Technician,1,Divorced,3072,1,11,3,2,4,3,12,6,0.1706249999999999,0.25,0.0833333333333333,1.6383830022075057,6.0,1.7142857142857142,0.6923076923076923,0.7692307692307693,0.3076923076923077,0,Disengaged Juniors
45,No,Travel_Rarely,Sales,4,2,3,3,2,Sales Executive,1,Divorced,5006,4,11,1,1,3,4,5,0,0.1064522572912504,0.25,0.6666666666666666,1.361809248614549,1.0,5.0,0.6666666666666666,0.5,0.5,1,Overworked Juniors
56,No,Travel_Rarely,Research & Development,8,3,3,3,1,Research Scientist,1,Divorced,4257,4,18,3,1,3,3,2,2,0.1026967347897581,0.25,0.625,2.220953227469644,0.4,0.6666666666666666,0.6666666666666666,0.6666666666666666,1.0,1,Overworked Juniors
33,No,Travel_Rarely,Research & Development,2,3,3,3,1,Research Scientist,4,Single,2500,0,14,1,0,2,4,3,0,0.134376,0.2916666666666667,0.125,2.466270875144211,3.0,3.0,0.25,0.5,0.5,0,Disengaged Juniors
19,Yes,Travel_Rarely,Research & Development,2,3,2,2,1,Laboratory Technician,4,Single,1102,1,22,3,0,3,2,1,1,0.1406170598911071,0.3333333333333333,0.0416666666666666,5.376516733608596,0.5,0.5,0.0,0.0,1.5,0,Disengaged Juniors
46,No,Travel_Rarely,Sales,1,2,2,3,3,Sales Executive,1,Divorced,10453,1,25,3,3,2,3,24,15,0.1237424662776236,0.3333333333333333,0.0,6.960264244156966,12.0,1.5,0.52,0.28,0.08,4,Stagnant Mid-Seniors
38,No,Travel_Rarely,Research & Development,9,2,3,3,1,Laboratory Technician,4,Single,2288,1,12,3,0,3,3,2,2,0.0545104895104894,0.2083333333333333,0.0,1.2207349843748212,1.0,0.6666666666666666,0.6666666666666666,0.3333333333333333,1.0,0,Disengaged Juniors
31,No,Travel_Rarely,Research & Development,12,1,3,3,1,Research Scientist,4,Married,3929,8,23,3,1,0,3,4,0,0.0786485110715195,0.3333333333333333,0.7083333333333334,4.793411340167389,0.4444444444444444,4.0,0.4,0.4,0.0,1,Overworked Juniors
34,No,Travel_Rarely,Research & Development,27,2,4,3,1,Research Scientist,2,Single,2311,2,15,4,0,3,3,3,1,0.1770791864993509,0.2083333333333333,0.1666666666666666,2.0340185436533287,1.0,1.5,0.5,0.5,0.75,0,Disengaged Juniors
41,Yes,Travel_Rarely,Sales,20,2,2,3,1,Sales Representative,2,Single,3140,1,22,4,0,5,2,4,0,0.0892579617834394,0.3333333333333333,0.8333333333333334,5.71534141237365,2.0,4.0,0.6,0.4,1.0,1,Overworked Juniors
50,No,Travel_Rarely,Research & Development,1,3,3,2,1,Laboratory Technician,3,Married,3690,2,15,4,1,2,2,3,0,0.1563766937669376,0.25,0.125,1.5598182540956795,1.0,3.0,0.5,0.5,0.5,0,Disengaged Juniors
53,No,Travel_Rarely,Research & Development,13,2,4,4,2,Manufacturing Director,1,Divorced,4450,1,11,3,2,3,3,4,1,0.0984921348314606,0.3333333333333333,0.0,2.3121774637951806,2.0,2.0,0.4,0.6,0.6,0,Disengaged Juniors
33,No,Travel_Rarely,Research & Development,14,3,4,3,1,Research Scientist,2,Married,2756,1,13,4,1,5,3,8,1,0.0899673439767778,0.3333333333333333,0.2083333333333333,1.7530244764856175,4.0,4.0,0.7777777777777778,0.6666666666666666,0.5555555555555556,0,Disengaged Juniors
40,No,Travel_Rarely,Research & Development,4,1,4,3,5,Manager,3,Married,19033,1,14,2,1,2,3,20,9,0.0628839384227394,0.3333333333333333,0.0833333333333333,2.502220222486522,10.0,2.0,0.3809523809523809,0.4285714285714285,0.0952380952380952,4,Stagnant Mid-Seniors
55,No,Travel_Rarely,Research & Development,14,4,3,4,5,Research Director,2,Single,18722,8,11,4,0,3,3,24,2,0.1457029163550902,0.2083333333333333,0.0416666666666666,1.7447420346960136,2.6666666666666665,8.0,0.6,0.6,0.12,2,Senior Stable
34,No,Travel_Frequently,Research & Development,2,1,4,2,2,Manufacturing Director,3,Married,9547,1,17,3,0,2,2,10,1,0.1256499423902796,0.3333333333333333,0.125,1.8982460208619676,5.0,5.0,0.8181818181818182,0.8181818181818182,0.1818181818181818,0,Disengaged Juniors
51,No,Travel_Rarely,Research & Development,3,3,4,3,4,Healthcare Representative,2,Single,13734,3,18,3,0,6,3,7,1,0.1552322702781417,0.2916666666666667,0.125,2.147220775536557,1.75,3.5,0.875,0.0,0.75,2,Senior Stable
52,No,Travel_Rarely,Research & Development,1,4,3,2,5,Manager,3,Married,19999,0,14,1,1,5,3,33,11,0.053659182959148,0.2083333333333333,0.0833333333333333,0.8831594016512854,33.0,2.75,0.5294117647058824,0.2647058823529412,0.1470588235294117,4,Stagnant Mid-Seniors
27,No,Travel_Rarely,Research & Development,9,3,4,3,1,Research Scientist,2,Single,2279,1,16,4,0,2,2,7,0,0.139811320754717,0.25,0.0833333333333333,1.301807550504188,3.5,7.0,0.875,0.375,0.25,0,Disengaged Juniors
35,Yes,Travel_Rarely,Research & Development,23,2,2,2,2,Manufacturing Director,3,Married,5916,3,13,1,0,1,3,1,0,0.1022988505747126,0.2916666666666667,0.75,2.2946850766029883,0.25,1.0,0.0,0.5,0.5,1,Overworked Juniors
43,No,Non-Travel,Research & Development,7,3,4,4,1,Research Scientist,4,Divorced,2089,4,14,4,3,3,4,5,2,0.1392915270464337,0.2916666666666667,0.0416666666666666,1.5737732949008172,1.0,1.6666666666666667,0.6666666666666666,0.3333333333333333,0.5,0,Disengaged Juniors
45,No,Non-Travel,Research & Development,2,2,1,2,4,Manager,4,Married,16792,9,23,4,1,1,3,20,11,0.145482372558361,0.3333333333333333,0.0,7.065073271778648,2.0,1.6666666666666667,0.3809523809523809,0.3809523809523809,0.0476190476190476,4,Stagnant Mid-Seniors
37,No,Travel_Rarely,Research & Development,21,3,2,4,1,Research Scientist,1,Married,3564,1,12,1,1,3,2,8,1,0.1209455667789001,0.25,0.6666666666666666,1.6877507198633548,4.0,4.0,0.7777777777777778,0.7777777777777778,0.3333333333333333,1,Overworked Juniors
35,No,Travel_Frequently,Research & Development,2,3,2,3,2,Laboratory Technician,2,Single,4425,5,11,4,0,5,3,6,1,0.1657310734463276,0.25,0.0416666666666666,2.452010858903949,1.0,3.0,0.2857142857142857,0.2857142857142857,0.7142857142857143,0,Disengaged Juniors
42,No,Non-Travel,Research & Development,21,2,3,3,2,Manufacturing Director,3,Divorced,5265,2,16,2,1,5,3,5,0,0.0824482431149098,0.25,0.125,2.070326857951731,1.6666666666666667,5.0,0.5,0.3333333333333333,0.8333333333333334,0,Disengaged Juniors
38,No,Travel_Rarely,Research & Development,2,4,4,3,2,Manufacturing Director,3,Married,6553,9,14,2,0,3,3,1,0,0.0721165878223714,0.25,0.125,1.856258353061032,0.1,1.0,0.0,0.0,1.5,0,Disengaged Juniors
38,No,Travel_Rarely,Research & Development,29,3,4,3,2,Manufacturing Director,4,Married,6261,3,18,1,1,3,1,7,1,0.1392908481073311,0.25,0.0833333333333333,2.0927068591376545,1.75,3.5,0.875,0.875,0.375,0,Disengaged Juniors
27,No,Travel_Frequently,Research & Development,1,1,3,2,2,Manufacturing Director,1,Married,4298,5,19,3,1,1,3,2,2,0.1148976268031642,0.25,0.0416666666666666,2.460057008766941,0.3333333333333333,0.6666666666666666,0.6666666666666666,0.0,0.3333333333333333,0,Disengaged Juniors
49,No,Non-Travel,Research & Development,18,4,4,3,2,Manufacturing Director,4,Divorced,6804,1,15,1,2,0,3,7,1,0.0660743680188124,0.25,0.5833333333333334,1.1403642308023365,3.5,3.5,0.875,0.875,0.0,1,Overworked Juniors
34,No,Travel_Frequently,Research & Development,10,4,4,3,1,Research Scientist,3,Divorced,3815,1,17,4,1,4,4,5,2,0.1309069462647444,0.2916666666666667,0.625,1.9479195707448087,2.5,1.6666666666666667,0.5,0.0,0.6666666666666666,1,Overworked Juniors
40,No,Travel_Rarely,Research & Development,19,2,3,3,2,Laboratory Technician,4,Married,2741,8,15,3,1,2,4,7,3,0.1166435607442538,0.3333333333333333,0.75,2.3232014813078967,0.7777777777777778,1.75,0.25,0.875,0.25,1,Overworked Juniors
38,Yes,Travel_Rarely,Research & Development,29,1,2,3,2,Healthcare Representative,1,Married,6673,7,19,2,0,2,3,1,0,0.103692492132474,0.25,0.625,1.6829331651018669,0.125,1.0,0.0,0.0,1.0,1,Overworked Juniors
29,Yes,Travel_Rarely,Sales,27,3,2,3,3,Sales Executive,4,Married,7639,1,22,4,3,3,2,10,1,0.1629414844874982,0.3333333333333333,0.0833333333333333,7.288044780167441,5.0,5.0,0.3636363636363636,0.8181818181818182,0.2727272727272727,0,Disengaged Juniors
22,No,Travel_Rarely,Research & Development,5,3,4,4,1,Research Scientist,2,Divorced,2328,1,16,1,1,2,2,4,2,0.1048453608247422,0.2916666666666667,0.75,1.3721515687807824,2.0,1.3333333333333333,0.4,0.4,0.4,1,Overworked Juniors
36,No,Travel_Frequently,Research & Development,18,1,2,3,1,Laboratory Technician,4,Single,2153,1,13,1,0,2,3,8,1,0.1042266604737575,0.2916666666666667,0.0416666666666666,2.0141507316635248,4.0,4.0,0.1111111111111111,0.7777777777777778,0.2222222222222222,0,Disengaged Juniors
40,No,Non-Travel,Research & Development,9,5,4,2,2,Healthcare Representative,4,Married,4876,9,14,4,1,5,1,3,0,0.1531521739130435,0.1666666666666666,0.0416666666666666,1.6002429062712726,0.3,3.0,0.5,0.5,1.25,0,Disengaged Juniors
46,No,Travel_Rarely,Research & Development,1,4,4,3,3,Healthcare Representative,1,Divorced,9396,7,16,3,1,3,3,4,0,0.1293742017879949,0.3333333333333333,0.125,2.927753648084809,0.5,4.0,0.4,0.6,0.6,2,Senior Stable
32,Yes,Travel_Rarely,Sales,4,4,4,1,3,Sales Executive,4,Married,10400,1,11,3,0,2,2,14,9,0.067939423076923,0.2916666666666667,0.0833333333333333,1.9081184648846063,7.0,1.4,0.5333333333333333,0.5333333333333333,0.1333333333333333,4,Stagnant Mid-Seniors
30,No,Non-Travel,Research & Development,1,1,3,2,3,Manufacturing Director,3,Single,8474,1,22,3,0,2,3,11,5,0.0863712532452206,0.3333333333333333,0.0833333333333333,5.482726398645713,5.5,1.8333333333333333,0.6666666666666666,0.6666666666666666,0.1666666666666666,0,Disengaged Juniors
27,No,Travel_Frequently,Sales,20,3,4,3,2,Sales Executive,3,Single,9981,1,14,4,0,2,3,7,0,0.0530447850916742,0.2083333333333333,0.0,1.936182457975948,3.5,7.0,0.875,0.875,0.25,0,Disengaged Juniors
51,No,Travel_Rarely,Research & Development,8,4,2,2,3,Research Director,2,Married,12490,5,16,4,2,5,1,10,4,0.0926204963971176,0.25,0.125,1.894206772522855,1.6666666666666667,2.0,0.8181818181818182,0.6363636363636364,0.4545454545454545,2,Senior Stable
30,Yes,Travel_Rarely,Research & Development,3,3,4,3,1,Research Scientist,1,Single,2657,5,11,3,0,5,3,5,0,0.0703876552502822,0.2916666666666667,0.6666666666666666,2.1589950747853037,0.8333333333333334,5.0,0.3333333333333333,0.6666666666666666,0.8333333333333334,1,Overworked Juniors
41,No,Travel_Rarely,Sales,6,3,4,3,3,Manager,4,Single,13591,3,18,3,0,3,3,1,0,0.1156191597380618,0.25,0.6666666666666666,1.6914098446860857,0.25,1.0,0.0,0.0,1.5,2,Senior Stable
30,Yes,Travel_Frequently,Sales,26,4,3,2,2,Sales Executive,1,Single,6696,5,15,3,0,5,2,6,0,0.1751090203106331,0.2916666666666667,0.1666666666666666,1.6288945357888884,1.0,6.0,0.4285714285714285,0.1428571428571428,0.7142857142857143,0,Disengaged Juniors
29,Yes,Travel_Rarely,Research & Development,1,3,3,3,1,Research Scientist,3,Single,2058,0,14,4,0,1,2,6,1,0.0988143828960156,0.3333333333333333,0.0416666666666666,3.000564024531968,6.0,3.0,0.2857142857142857,0.7142857142857143,0.1428571428571428,0,Disengaged Juniors
45,No,Non-Travel,Sales,6,3,4,2,3,Sales Executive,4,Single,8865,6,12,4,0,2,3,19,12,0.1087264523406656,0.2916666666666667,0.0833333333333333,1.1749466230998804,2.7142857142857144,1.4615384615384617,0.35,0.4,0.1,4,Stagnant Mid-Seniors
54,No,Travel_Rarely,Sales,3,3,4,3,2,Sales Executive,1,Married,5940,2,14,4,1,4,3,6,0,0.1360959595959595,0.1666666666666666,0.0833333333333333,0.988303499019972,2.0,6.0,0.2857142857142857,0.7142857142857143,0.5714285714285714,0,Disengaged Juniors
36,No,Travel_Rarely,Research & Development,5,2,4,3,2,Laboratory Technician,2,Single,5914,8,16,4,0,3,4,13,3,0.0787977680081163,0.25,0.0416666666666666,1.039392575908247,1.4444444444444444,3.25,0.7857142857142857,0.5,0.2142857142857142,0,Disengaged Juniors
33,No,Travel_Rarely,Research & Development,4,4,3,2,1,Research Scientist,2,Married,2622,6,21,4,0,3,3,3,1,0.0856636155606407,0.3333333333333333,0.1666666666666666,6.770839874003628,0.4285714285714285,1.5,0.5,0.25,0.75,0,Disengaged Juniors
37,No,Travel_Frequently,Research & Development,11,3,2,3,3,Research Director,4,Divorced,12185,1,14,3,3,1,3,10,0,0.0752991382847764,0.25,0.8333333333333334,1.129538564369435,5.0,10.0,0.7272727272727273,0.6363636363636364,0.0909090909090909,3,High Potential Fast Trackers
38,No,Travel_Rarely,Sales,3,3,1,3,3,Sales Executive,3,Divorced,10609,0,12,3,2,6,2,16,5,0.1657111886134414,0.2916666666666667,0.0833333333333333,2.369135760694128,16.0,2.6666666666666665,0.5882352941176471,0.7647058823529411,0.3529411764705882,4,Stagnant Mid-Seniors
31,No,Non-Travel,Research & Development,1,4,3,1,2,Manufacturing Director,3,Married,4345,0,12,4,1,2,3,5,1,0.1328561565017261,0.2083333333333333,0.125,1.139306547998006,5.0,2.5,0.6666666666666666,0.6666666666666666,0.3333333333333333,0,Disengaged Juniors
59,No,Travel_Rarely,Research & Development,3,3,3,2,1,Research Scientist,4,Married,2177,3,17,1,1,6,3,1,0,0.1279696830500689,0.2916666666666667,0.1666666666666666,1.7789580603955018,0.25,1.0,0.0,0.0,3.0,0,Disengaged Juniors
37,No,Travel_Frequently,Sales,4,4,1,3,1,Sales Representative,4,Divorced,2793,4,17,3,1,2,3,9,5,0.0784640171858217,0.2,0.0,1.107683686933095,1.8,1.5,0.8,0.8,0.2,0,Disengaged Juniors
29,No,Travel_Frequently,Sales,1,1,2,3,3,Sales Executive,4,Married,7918,1,14,4,1,5,3,11,4,0.1300833543824198,0.25,0.125,1.2903641212317865,5.5,2.2,0.8333333333333334,0.0833333333333333,0.4166666666666667,0,Disengaged Juniors
35,No,Travel_Frequently,Sales,1,3,3,3,3,Sales Executive,3,Single,8789,1,14,1,0,3,4,10,0,0.0804699055637729,0.2916666666666667,0.2083333333333333,1.5658765533317816,5.0,10.0,0.6363636363636364,0.7272727272727273,0.2727272727272727,3,High Potential Fast Trackers
29,Yes,Travel_Rarely,Research & Development,18,1,3,2,1,Research Scientist,4,Single,2389,1,13,3,0,3,2,4,0,0.0755629970699037,0.3333333333333333,0.5833333333333334,1.997851714346785,2.0,4.0,0.6,0.2,0.6,1,Overworked Juniors
52,No,Travel_Rarely,Research & Development,2,3,3,2,1,Laboratory Technician,4,Single,3212,7,15,2,0,3,2,2,2,0.159953300124533,0.25,0.0416666666666666,1.6534188580129894,0.25,0.6666666666666666,0.6666666666666666,0.6666666666666666,1.0,0,Disengaged Juniors
42,No,Travel_Rarely,Research & Development,4,2,3,3,5,Manager,4,Married,19232,1,11,4,0,3,3,22,11,0.0744841930116472,0.2083333333333333,0.125,0.9679658948401824,11.0,1.8333333333333333,0.7391304347826086,0.6521739130434783,0.1304347826086956,4,Stagnant Mid-Seniors
59,No,Travel_Rarely,Human Resources,6,2,2,3,1,Human Resources,3,Married,2267,8,17,4,0,2,2,2,2,0.0706396118217908,0.2083333333333333,0.0416666666666666,1.5504183226387005,0.2222222222222222,0.6666666666666666,0.6666666666666666,0.6666666666666666,0.6666666666666666,0,Disengaged Juniors
50,No,Travel_Rarely,Sales,1,4,4,3,5,Manager,4,Divorced,19517,3,11,3,1,3,2,7,0,0.1729394886509196,0.2916666666666667,0.0833333333333333,1.61083520948948,1.75,7.0,0.0,0.75,0.375,2,Senior Stable
33,Yes,Travel_Rarely,Research & Development,14,3,3,3,1,Laboratory Technician,4,Married,2436,5,13,3,1,2,1,5,0,0.1099753694581281,0.3333333333333333,0.9166666666666666,1.511603944850596,0.8333333333333334,5.0,0.6666666666666666,0.6666666666666666,0.3333333333333333,1,Overworked Juniors
43,No,Travel_Rarely,Sales,16,3,4,3,4,Manager,4,Married,16064,5,22,3,1,3,3,17,1,0.170746389442231,0.3333333333333333,0.75,4.831912711096684,2.833333333333333,8.5,0.7222222222222222,0.5,0.1666666666666666,2,Senior Stable
33,Yes,Travel_Rarely,Research & Development,2,2,1,3,1,Laboratory Technician,1,Married,2707,7,20,1,0,3,4,9,1,0.0519504987070558,0.3333333333333333,0.125,5.949271148573352,1.125,4.5,0.7,0.7,0.3,0,Disengaged Juniors
52,No,Non-Travel,Sales,2,4,1,2,5,Manager,3,Single,19068,1,18,4,0,2,4,33,15,0.1325959723096287,0.3333333333333333,0.7083333333333334,3.101267597113343,16.5,2.0625,0.2058823529411764,0.3529411764705882,0.0588235294117647,4,Stagnant Mid-Seniors
32,No,Travel_Rarely,Sales,4,2,3,3,1,Sales Representative,2,Married,3931,2,11,1,1,5,3,4,1,0.1529305520223861,0.2916666666666667,0.0833333333333333,1.9074121245421132,1.3333333333333333,2.0,0.6,0.4,1.0,0,Disengaged Juniors
32,Yes,Travel_Rarely,Research & Development,1,3,4,2,1,Laboratory Technician,3,Single,3730,0,14,4,0,2,1,3,1,0.0729356568364611,0.2916666666666667,0.7083333333333334,1.6037315495904727,3.0,1.5,0.5,0.5,0.5,1,Overworked Juniors
39,No,Travel_Rarely,Research & Development,1,4,3,3,1,Laboratory Technician,3,Divorced,2232,7,14,3,3,1,3,3,1,0.0505421146953404,0.2916666666666667,0.0416666666666666,2.683983677131744,0.375,1.5,0.5,0.5,0.25,0,Disengaged Juniors
32,No,Non-Travel,Sales,26,4,3,3,2,Sales Executive,4,Married,4465,0,18,1,0,2,3,3,2,0.1338924972004479,0.2916666666666667,0.0833333333333333,1.6438240155851245,3.0,1.0,0.5,0.5,0.5,0,Disengaged Juniors
41,No,Travel_Rarely,Research & Development,19,2,3,3,2,Research Scientist,1,Divorced,3072,2,16,1,2,2,2,1,0,0.1017350260416667,0.2916666666666667,0.0416666666666666,1.721842193916585,0.3333333333333333,1.0,0.0,0.0,1.0,0,Disengaged Juniors
40,No,Travel_Rarely,Research & Development,24,2,1,3,2,Research Scientist,4,Divorced,3319,1,17,1,2,3,3,9,4,0.1130762277794517,0.25,0.125,2.1215216583342325,4.5,1.8,0.8,0.7,0.3,0,Disengaged Juniors
45,No,Travel_Rarely,Research & Development,1,3,3,4,5,Manager,4,Married,19202,0,11,3,1,2,3,24,1,0.16297052390376,0.2916666666666667,0.0833333333333333,1.6631159296494675,24.0,12.0,0.0,0.28,0.08,3,High Potential Fast Trackers
31,No,Travel_Frequently,Research & Development,3,4,2,3,3,Research Director,3,Divorced,13675,9,12,1,1,3,3,2,2,0.1520321755027422,0.2083333333333333,0.125,1.735377013886198,0.2,0.6666666666666666,0.6666666666666666,0.6666666666666666,1.0,2,Senior Stable
33,No,Travel_Rarely,Research & Development,5,4,3,2,1,Research Scientist,4,Married,2911,1,13,3,1,2,2,2,0,0.1711301958090003,0.25,0.125,2.149510455431508,1.0,2.0,0.6666666666666666,0.6666666666666666,0.6666666666666666,0,Disengaged Juniors
34,No,Travel_Rarely,Research & Development,2,4,4,2,2,Manufacturing Director,1,Married,5957,6,13,2,1,3,3,11,5,0.1268004028873594,0.1666666666666666,0.0833333333333333,0.761560606318584,1.5714285714285714,1.8333333333333333,0.75,0.75,0.25,0,Disengaged Juniors
37,No,Travel_Rarely,Research & Development,1,2,3,2,1,Research Scientist,1,Married,3920,2,14,1,1,2,2,3,0,0.0732729591836733,0.25,0.0,1.7571227823405429,1.0,3.0,0.25,0.5,0.5,0,Disengaged Juniors
45,No,Travel_Frequently,Research & Development,7,4,1,4,2,Manufacturing Director,3,Married,6434,4,17,4,1,1,3,3,0,0.0970889027043829,0.3333333333333333,0.0,3.0690174545799533,0.6,3.0,0.5,0.5,0.25,0,Disengaged Juniors
37,Yes,Travel_Frequently,Research & Development,10,3,1,3,3,Manufacturing Director,3,Divorced,10048,6,11,2,2,5,3,1,0,0.0977517914012738,0.3333333333333333,0.1666666666666666,1.585661628032534,0.1428571428571428,1.0,0.0,0.0,2.5,0,Disengaged Juniors
39,No,Travel_Frequently,Research & Development,2,4,3,3,3,Healthcare Representative,3,Single,10938,0,25,4,0,1,3,19,11,0.1666886085207533,0.3333333333333333,0.0833333333333333,4.082668682608661,19.0,1.5833333333333333,0.3,0.4,0.05,4,Stagnant Mid-Seniors
29,No,Travel_Rarely,Research & Development,15,3,3,3,1,Research Scientist,4,Single,2340,1,19,1,0,1,3,6,1,0.1137564102564102,0.3333333333333333,0.0416666666666666,1.9592282289805725,3.0,3.0,0.7142857142857143,0.7142857142857143,0.1428571428571428,0,Disengaged Juniors
42,No,Travel_Rarely,Research & Development,17,2,4,4,2,Research Scientist,1,Single,6545,3,13,3,0,1,3,3,0,0.1354514896867837,0.1666666666666666,0.875,1.4152777219895678,0.75,3.0,0.5,0.5,0.25,1,Overworked Juniors
29,No,Travel_Rarely,Sales,20,2,4,3,2,Sales Executive,4,Divorced,6931,2,14,4,1,2,3,3,0,0.0852373394892511,0.3333333333333333,0.0416666666666666,1.531471734235297,1.0,3.0,0.5,0.5,0.5,0,Disengaged Juniors
25,No,Travel_Rarely,Research & Development,1,3,1,3,2,Manufacturing Director,3,Married,4898,0,12,4,2,3,3,4,1,0.0797386688444263,0.25,0.2083333333333333,1.9851700016094984,4.0,2.0,0.4,0.4,0.6,0,Disengaged Juniors
42,No,Travel_Rarely,Research & Development,2,3,4,2,1,Laboratory Technician,1,Divorced,2593,0,11,3,1,4,3,9,7,0.179892016968762,0.2083333333333333,0.5833333333333334,1.982923855394168,9.0,1.125,0.6,0.8,0.4,1,Overworked Juniors
40,No,Travel_Rarely,Research & Development,2,2,1,3,5,Research Director,3,Divorced,19436,0,19,4,1,5,3,21,3,0.160285552582836,0.25,0.125,1.0794015528234997,21.0,5.25,0.3181818181818182,0.4090909090909091,0.2272727272727272,4,Stagnant Mid-Seniors
51,No,Travel_Rarely,Research & Development,1,3,3,3,1,Research Scientist,4,Married,2723,1,11,2,0,0,2,1,0,0.0552331986779287,0.25,0.0416666666666666,1.5953998424031135,0.5,1.0,0.0,0.0,0.0,0,Disengaged Juniors
31,Yes,Travel_Frequently,Research & Development,29,2,3,2,1,Laboratory Technician,2,Single,3479,0,11,2,0,2,4,5,1,0.1057631503305547,0.3333333333333333,0.0416666666666666,2.590504538950978,5.0,2.5,0.6666666666666666,0.6666666666666666,0.3333333333333333,0,Disengaged Juniors
32,No,Travel_Frequently,Research & Development,7,3,2,4,1,Laboratory Technician,2,Married,2794,1,20,3,0,3,1,5,0,0.1337043664996421,0.3333333333333333,0.2083333333333333,4.598505191992848,2.5,5.0,0.1666666666666666,0.5,0.5,0,Disengaged Juniors
38,No,Non-Travel,Sales,2,2,4,2,2,Sales Executive,4,Married,5249,3,18,4,1,0,3,8,7,0.1265593446370738,0.3333333333333333,0.0416666666666666,2.568620055230893,2.0,1.0,0.7777777777777778,0.5555555555555556,0.0,0,Disengaged Juniors
32,No,Travel_Rarely,Research & Development,2,1,4,2,2,Laboratory Technician,1,Single,2176,4,13,4,0,5,3,6,0,0.0588005514705881,0.3333333333333333,0.0833333333333333,2.1817638098442163,1.2,6.0,0.2857142857142857,0.5714285714285714,0.7142857142857143,0,Disengaged Juniors
46,No,Travel_Rarely,Sales,2,3,3,1,4,Manager,2,Married,16872,3,12,2,1,2,2,7,7,0.0849069464201042,0.2,0.68,0.9460309857797324,1.75,0.875,0.875,0.875,0.25,2,Senior Stable
28,Yes,Travel_Rarely,Research & Development,2,4,1,3,1,Laboratory Technician,3,Single,3485,2,11,3,0,5,1,0,0,0.1511649928263988,0.25,0.0416666666666666,2.2362671533547163,0.0,0.0,0.0,0.0,5.0,0,Disengaged Juniors
29,No,Travel_Rarely,Sales,2,3,1,2,2,Sales Executive,2,Married,6644,2,19,2,2,2,3,0,0,0.105431968693558,0.2083333333333333,0.125,1.410261376842293,0.0,0.0,0.0,0.0,2.0,0,Disengaged Juniors
31,No,Travel_Rarely,Research & Development,23,3,2,2,2,Healthcare Representative,4,Married,5582,0,21,2,1,2,3,9,7,0.131572912934432,0.3333333333333333,0.0416666666666666,3.845407613432302,9.0,1.125,0.0,0.8,0.2,4,Stagnant Mid-Seniors
25,No,Non-Travel,Research & Development,5,2,2,4,2,Healthcare Representative,1,Divorced,4000,1,12,4,2,2,3,6,1,0.1664249999999999,0.25,0.0833333333333333,1.943163239662851,3.0,3.0,0.4285714285714285,0.7142857142857143,0.2857142857142857,0,Disengaged Juniors
45,No,Travel_Rarely,Research & Development,20,2,3,3,4,Healthcare Representative,4,Married,13496,0,14,2,0,2,3,20,4,0.0958395080023711,0.2916666666666667,0.6666666666666666,2.033758017566281,20.0,4.0,0.3333333333333333,0.4761904761904761,0.0952380952380952,4,Stagnant Mid-Seniors
36,No,Travel_Rarely,Research & Development,6,3,4,3,1,Laboratory Technician,4,Married,3210,0,11,3,1,4,3,15,10,0.0687383177570093,0.25,0.2083333333333333,2.3180582107727155,15.0,1.3636363636363635,0.8125,0.6875,0.25,4,Stagnant Mid-Seniors
55,No,Travel_Rarely,Research & Development,1,3,4,3,5,Manager,1,Single,19045,0,14,3,0,2,3,36,4,0.0517169860855868,0.25,0.8333333333333334,1.1668970809506891,36.0,7.2,0.2702702702702703,0.3513513513513513,0.054054054054054,4,Stagnant Mid-Seniors
47,Yes,Non-Travel,Research & Development,29,4,1,3,3,Manager,2,Married,11849,1,12,4,1,2,2,10,9,0.1544341294624018,0.3333333333333333,0.7083333333333334,2.6578233831358355,5.0,1.0,0.6363636363636364,0.8181818181818182,0.1818181818181818,4,Stagnant Mid-Seniors
28,No,Travel_Rarely,Research & Development,9,3,4,3,1,Research Scientist,4,Married,2070,1,23,4,1,3,2,5,0,0.0930724637681158,0.3333333333333333,0.125,6.970488217017364,2.5,5.0,0.3333333333333333,0.6666666666666666,0.5,0,Disengaged Juniors
37,No,Travel_Rarely,Sales,6,4,3,3,2,Sales Executive,4,Married,6502,4,14,2,1,5,4,5,0,0.1520962780682867,0.25,0.125,1.5265103144380436,1.0,5.0,0.6666666666666666,0.1666666666666666,0.8333333333333334,0,Disengaged Juniors
21,No,Travel_Rarely,Research & Development,3,2,4,2,1,Research Scientist,3,Single,3230,1,17,1,0,4,4,3,1,0.1701424148606811,0.2916666666666667,0.0833333333333333,2.854480563617968,1.5,1.5,0.5,0.0,1.0,0,Disengaged Juniors
37,No,Non-Travel,Research & Development,1,4,1,3,3,Research Director,4,Divorced,13603,2,18,1,2,2,3,5,0,0.1670160993898405,0.25,0.7916666666666666,1.6861616915612183,1.6666666666666667,5.0,0.3333333333333333,0.3333333333333333,0.3333333333333333,1,Overworked Juniors
35,No,Travel_Rarely,Research & Development,22,3,2,4,3,Manager,2,Divorced,11996,7,18,2,1,6,2,7,6,0.0856077025675225,0.2916666666666667,0.0416666666666666,1.3281467968844267,0.875,1.0,0.875,0.25,0.75,2,Senior Stable
38,No,Travel_Rarely,Sales,7,2,1,4,2,Sales Executive,1,Divorced,5605,1,24,3,1,3,3,8,7,0.0695664585191793,0.3333333333333333,0.6666666666666666,5.196843647233994,4.0,1.0,0.0,0.7777777777777778,0.3333333333333333,1,Overworked Juniors
26,No,Travel_Frequently,Research & Development,1,3,3,3,2,Manufacturing Director,2,Divorced,6397,1,20,1,1,6,1,6,1,0.097294044083164,0.3333333333333333,0.0,4.576889734681752,3.0,3.0,0.7142857142857143,0.5714285714285714,0.8571428571428571,0,Disengaged Juniors
50,No,Travel_Rarely,Research & Development,4,1,1,3,5,Research Director,2,Divorced,19144,3,14,1,2,4,2,10,1,0.1793972001671542,0.25,0.0833333333333333,2.193855485151505,2.5,5.0,0.3636363636363636,0.5454545454545454,0.3636363636363636,2,Senior Stable
53,No,Travel_Rarely,Research & Development,3,4,3,3,4,Research Director,3,Married,17584,3,16,4,3,5,2,5,1,0.1682137170154685,0.2916666666666667,0.7916666666666666,2.3964229939892863,1.25,2.5,0.5,0.5,0.8333333333333334,2,Senior Stable
42,No,Travel_Rarely,Sales,1,1,2,3,2,Sales Executive,3,Married,4907,1,25,3,0,3,3,20,11,0.1588546973711025,0.3333333333333333,0.125,3.9940320952965154,10.0,1.6666666666666667,0.7619047619047619,0.2857142857142857,0.1428571428571428,4,Stagnant Mid-Seniors
29,No,Travel_Frequently,Sales,2,2,2,3,2,Sales Executive,4,Single,4554,1,18,1,0,3,2,10,0,0.0857444005270091,0.25,0.2083333333333333,2.3942610549552934,5.0,10.0,0.6363636363636364,0.8181818181818182,0.2727272727272727,3,High Potential Fast Trackers
55,No,Travel_Rarely,Research & Development,20,2,2,3,2,Laboratory Technician,4,Married,5415,3,19,4,1,4,3,10,0,0.1793388734995383,0.3333333333333333,0.625,2.5685467011094625,2.5,10.0,0.6363636363636364,0.7272727272727273,0.3636363636363636,3,High Potential Fast Trackers
26,No,Travel_Frequently,Research & Development,11,2,1,3,2,Healthcare Representative,1,Married,4741,1,13,3,1,3,3,5,3,0.1496393165998733,0.25,0.75,1.5111905608821488,2.5,1.25,0.5,0.5,0.5,1,Overworked Juniors
37,No,Travel_Rarely,Research & Development,1,3,4,3,1,Research Scientist,4,Single,2115,1,12,2,0,3,3,17,5,0.0512529550827423,0.2916666666666667,0.2083333333333333,2.3916027081113,8.5,2.833333333333333,0.6666666666666666,0.3888888888888889,0.1666666666666666,0,Disengaged Juniors
44,Yes,Travel_Frequently,Research & Development,24,3,4,3,1,Laboratory Technician,3,Divorced,3161,3,22,4,1,0,1,1,0,0.1784340398608036,0.3333333333333333,0.625,6.979875406889548,0.25,1.0,0.0,0.0,0.0,1,Overworked Juniors
38,No,Travel_Rarely,Research & Development,23,4,4,3,2,Healthcare Representative,4,Divorced,5745,9,14,2,1,2,3,2,1,0.063355961705831,0.25,0.125,1.3325840904044906,0.2,1.0,0.6666666666666666,0.6666666666666666,0.6666666666666666,0,Disengaged Juniors
26,Yes,Travel_Rarely,Research & Development,16,4,1,3,1,Laboratory Technician,2,Divorced,2373,2,13,4,1,2,3,3,0,0.0659081331647703,0.2083333333333333,0.8333333333333334,1.499264645242873,1.0,3.0,0.5,0.5,0.5,1,Overworked Juniors
28,No,Travel_Rarely,Research & Development,8,2,4,3,1,Research Scientist,4,Single,3310,1,21,4,0,3,3,5,0,0.1691691842900301,0.3333333333333333,0.0416666666666666,4.875614268437338,2.5,5.0,0.5,0.3333333333333333,0.5,0,Disengaged Juniors
49,No,Travel_Frequently,Research & Development,10,4,3,3,5,Research Director,1,Single,18665,9,11,4,0,4,3,3,1,0.1160305384409321,0.3333333333333333,0.875,1.4529283537588389,0.3,1.5,0.5,0.5,1.0,2,Senior Stable
36,No,Travel_Rarely,Research & Development,3,3,3,3,2,Research Scientist,2,Single,4485,4,12,4,0,2,3,8,7,0.0874381270903009,0.2083333333333333,0.1666666666666666,0.8390075545941403,1.6,1.0,0.0,0.7777777777777778,0.2222222222222222,0,Disengaged Juniors
31,No,Travel_Frequently,Sales,5,3,4,3,1,Sales Representative,2,Divorced,2789,1,11,3,1,5,2,2,2,0.0622086769451416,0.25,0.0416666666666666,1.4754257122104752,1.0,0.6666666666666666,0.6666666666666666,0.6666666666666666,1.6666666666666667,0,Disengaged Juniors
26,Yes,Travel_Rarely,Sales,4,4,4,2,2,Sales Executive,4,Single,5828,1,12,2,0,0,3,8,7,0.164028826355525,0.3333333333333333,0.5833333333333334,2.708043138674502,4.0,1.0,0.7777777777777778,0.4444444444444444,0.0,1,Overworked Juniors
37,No,Travel_Frequently,Research & Development,9,3,2,3,1,Research Scientist,4,Married,2326,1,12,3,3,3,2,4,1,0.078250214961307,0.2083333333333333,0.6666666666666666,1.873341750568352,2.0,2.0,0.4,0.4,0.6,1,Overworked Juniors
42,No,Travel_Frequently,Sales,26,3,3,3,4,Sales Executive,2,Married,13525,5,14,4,1,2,4,20,4,0.1251615526802217,0.3333333333333333,0.0833333333333333,2.727150839529729,3.333333333333333,4.0,0.1904761904761904,0.3809523809523809,0.0952380952380952,2,Senior Stable
18,Yes,Travel_Rarely,Research & Development,3,3,3,3,1,Laboratory Technician,3,Single,1420,1,13,3,0,2,3,0,0,0.0569577464788733,0.2916666666666667,0.0416666666666666,2.6621919331260684,0.0,0.0,0.0,0.0,2.0,0,Disengaged Juniors
35,No,Travel_Rarely,Sales,16,3,3,3,3,Sales Executive,2,Married,8020,0,15,3,2,3,2,11,6,0.0649127182044888,0.2916666666666667,0.0416666666666666,1.1719684069417775,11.0,1.5714285714285714,0.75,0.75,0.25,4,Stagnant Mid-Seniors
36,No,Travel_Frequently,Research & Development,18,4,3,4,1,Laboratory Technician,4,Married,3688,4,18,4,2,2,3,1,0,0.1001572668112798,0.25,0.0416666666666666,2.2173876263749133,0.2,1.0,0.0,0.0,1.0,0,Disengaged Juniors
51,No,Travel_Rarely,Research & Development,2,3,4,1,2,Manufacturing Director,2,Divorced,5482,5,18,4,1,3,3,4,1,0.0893816125501641,0.2083333333333333,0.0416666666666666,1.310397266413124,0.6666666666666666,2.0,0.2,0.4,0.6,0,Disengaged Juniors
41,No,Travel_Rarely,Sales,2,4,4,3,4,Manager,2,Single,16015,1,19,2,0,2,3,22,0,0.0580505775835154,0.3333333333333333,0.25,1.8429049476215968,11.0,22.0,0.4347826086956521,0.1739130434782608,0.0869565217391304,3,High Potential Fast Trackers
18,No,Travel_Rarely,Sales,10,3,4,2,1,Sales Representative,3,Single,1200,1,12,1,0,2,3,0,0,0.1334916666666667,0.2916666666666667,0.0833333333333333,2.059669857108284,0.0,0.0,0.0,0.0,2.0,0,Disengaged Juniors
28,No,Travel_Rarely,Research & Development,16,2,2,4,2,Healthcare Representative,1,Single,5661,0,19,3,0,2,3,8,0,0.1209715597950891,0.25,0.1666666666666666,2.3708911982910985,8.0,8.0,0.3333333333333333,0.7777777777777778,0.2222222222222222,3,High Potential Fast Trackers
31,No,Travel_Rarely,Sales,7,3,2,4,2,Sales Executive,4,Married,6929,4,11,2,1,3,2,8,7,0.1345432241304661,0.2916666666666667,0.0833333333333333,1.9045260672853173,1.6,1.0,0.7777777777777778,0.7777777777777778,0.3333333333333333,0,Disengaged Juniors
39,No,Travel_Rarely,Research & Development,1,3,3,4,3,Healthcare Representative,4,Divorced,9613,0,17,1,3,5,2,18,3,0.0519369603661708,0.3333333333333333,0.1666666666666666,2.7848113264302343,18.0,4.5,0.5263157894736842,0.3684210526315789,0.2631578947368421,4,Stagnant Mid-Seniors
36,No,Non-Travel,Research & Development,24,4,2,3,2,Laboratory Technician,2,Married,5674,7,15,3,1,3,3,9,0,0.1132076136764187,0.3333333333333333,0.1666666666666666,1.4902323280011571,1.125,9.0,0.8,0.8,0.3,3,High Potential Fast Trackers
32,No,Travel_Rarely,Sales,7,3,4,2,2,Sales Executive,3,Married,5484,1,14,3,1,3,2,13,4,0.1683078045222465,0.1666666666666666,0.0416666666666666,1.3572050273300142,6.5,2.6,0.5714285714285714,0.5714285714285714,0.2142857142857142,0,Disengaged Juniors
38,No,Travel_Rarely,Research & Development,25,2,1,2,3,Research Director,2,Married,12061,3,17,3,1,2,3,10,0,0.1205646297985241,0.2916666666666667,0.0416666666666666,1.785368457408186,2.5,10.0,0.7272727272727273,0.0909090909090909,0.1818181818181818,3,High Potential Fast Trackers
58,No,Non-Travel,Research & Development,1,4,4,1,2,Healthcare Representative,3,Divorced,5660,2,13,4,1,2,3,5,1,0.1352773851590106,0.2083333333333333,0.75,1.1277996102179046,1.6666666666666667,2.5,0.5,0.3333333333333333,0.3333333333333333,1,Overworked Juniors
31,No,Travel_Rarely,Research & Development,5,4,3,3,1,Research Scientist,4,Married,4821,0,12,3,1,4,3,5,0,0.1111885500933416,0.25,0.6666666666666666,2.514481033127841,5.0,5.0,0.3333333333333333,0.5,0.6666666666666666,1,Overworked Juniors
31,No,Travel_Rarely,Human Resources,2,3,1,2,2,Human Resources,1,Married,6410,3,12,4,0,1,3,2,1,0.1176443057722309,0.25,0.0416666666666666,1.4684713457085956,0.5,1.0,0.6666666666666666,0.0,0.3333333333333333,0,Disengaged Juniors
45,No,Travel_Frequently,Research & Development,7,3,1,3,3,Laboratory Technician,1,Divorced,5210,1,18,1,1,2,3,24,9,0.1047332053742802,0.2083333333333333,0.0416666666666666,2.1003305833255426,12.0,2.4,0.36,0.44,0.08,4,Stagnant Mid-Seniors
31,No,Travel_Rarely,Research & Development,2,4,3,3,1,Research Scientist,4,Divorced,2695,0,18,2,1,2,1,2,2,0.1734879406307978,0.3333333333333333,0.8333333333333334,3.175856683430472,2.0,0.6666666666666666,0.6666666666666666,0.6666666666666666,0.6666666666666666,1,Overworked Juniors
33,No,Travel_Frequently,Research & Development,5,4,4,3,3,Manager,2,Married,11878,6,11,2,2,2,3,10,8,0.1647095470617949,0.3333333333333333,0.0833333333333333,2.813489447577335,1.4285714285714286,1.1111111111111112,0.5454545454545454,0.7272727272727273,0.1818181818181818,4,Stagnant Mid-Seniors
39,No,Travel_Rarely,Research & Development,10,1,3,3,4,Manager,1,Married,17068,1,14,4,0,3,3,21,11,0.1580349191469416,0.25,0.6666666666666666,1.442409241192898,10.5,1.75,0.4090909090909091,0.4545454545454545,0.1363636363636363,4,Stagnant Mid-Seniors
43,No,Travel_Frequently,Research & Development,10,4,3,3,1,Laboratory Technician,4,Single,2455,0,19,1,0,5,3,8,1,0.0819674134419552,0.2916666666666667,0.0,2.19791702384247,8.0,4.0,0.7777777777777778,0.7777777777777778,0.5555555555555556,0,Disengaged Juniors
49,No,Travel_Rarely,Research & Development,1,2,3,2,4,Healthcare Representative,3,Single,13964,7,12,4,0,2,3,7,0,0.1125243483242624,0.2916666666666667,0.625,1.3433240109493425,0.875,7.0,0.125,0.875,0.25,2,Senior Stable
52,Yes,Travel_Rarely,Research & Development,8,4,3,2,2,Research Scientist,2,Married,4941,2,15,1,0,3,2,8,7,0.0784638737097752,0.1666666666666666,0.125,1.3195489487985097,2.6666666666666665,1.0,0.2222222222222222,0.7777777777777778,0.3333333333333333,0,Disengaged Juniors
27,No,Travel_Rarely,Research & Development,5,3,3,3,1,Research Scientist,2,Single,2478,1,12,2,0,2,2,4,1,0.0546892655367231,0.3333333333333333,0.7916666666666666,1.3794677968493196,2.0,2.0,0.6,0.4,0.4,1,Overworked Juniors
32,No,Travel_Rarely,Sales,8,2,3,2,2,Sales Executive,2,Married,5228,1,11,4,0,2,3,13,11,0.0892807957153787,0.3333333333333333,0.7916666666666666,2.2671147335697737,6.5,1.0833333333333333,0.8571428571428571,0.6428571428571429,0.1428571428571428,4,Stagnant Mid-Seniors
27,No,Travel_Rarely,Sales,2,3,4,3,2,Sales Executive,3,Single,4478,1,11,1,0,3,3,5,0,0.0683720410897722,0.2916666666666667,0.75,2.249932953325914,2.5,5.0,0.6666666666666666,0.6666666666666666,0.5,1,Overworked Juniors
31,No,Travel_Rarely,Sales,7,3,4,3,2,Sales Executive,4,Divorced,7547,4,12,4,3,3,3,7,1,0.1630674440174904,0.2083333333333333,0.0,0.972932984619616,1.4,3.5,0.875,0.875,0.375,0,Disengaged Juniors
32,No,Travel_Rarely,Research & Development,2,4,1,4,2,Research Scientist,4,Single,5055,7,16,3,0,0,2,7,0,0.1041186943620177,0.3333333333333333,0.0833333333333333,1.6407897693264837,0.875,7.0,0.875,0.875,0.0,0,Disengaged Juniors
28,Yes,Travel_Rarely,Research & Development,2,4,1,1,1,Research Scientist,4,Married,3464,5,13,4,0,4,2,3,2,0.1338279445727482,0.2083333333333333,0.7916666666666666,1.349643825060229,0.5,1.0,0.5,0.5,1.0,1,Overworked Juniors
30,No,Travel_Rarely,Research & Development,28,2,4,3,2,Research Scientist,4,Married,5775,1,13,4,2,2,3,10,1,0.1594857142857142,0.2083333333333333,0.0833333333333333,2.035158864905517,5.0,5.0,0.7272727272727273,0.8181818181818182,0.1818181818181818,0,Disengaged Juniors
31,No,Travel_Frequently,Research & Development,7,2,3,2,3,Manufacturing Director,3,Married,8943,1,24,1,1,2,3,10,8,0.0854936822095493,0.3333333333333333,0.125,5.922213279185753,5.0,1.1111111111111112,0.8181818181818182,0.8181818181818182,0.1818181818181818,4,Stagnant Mid-Seniors
39,No,Travel_Frequently,Research & Development,7,2,3,2,5,Manager,4,Married,19272,1,15,1,1,2,3,21,13,0.1599543378995433,0.2916666666666667,0.1666666666666666,1.263600107149981,10.5,1.5,0.4090909090909091,0.1363636363636363,0.0909090909090909,4,Stagnant Mid-Seniors
39,Yes,Travel_Rarely,Sales,3,2,4,3,2,Sales Executive,3,Married,5238,4,18,1,0,3,2,1,0,0.0904505536464298,0.3333333333333333,0.6666666666666666,2.4720875242300933,0.2,1.0,0.0,0.0,1.5,1,Overworked Juniors
33,No,Travel_Frequently,Sales,10,3,2,2,2,Sales Executive,4,Single,4682,3,14,3,0,6,2,7,0,0.0730243485689875,0.3333333333333333,0.0416666666666666,1.923194483080738,1.75,7.0,0.875,0.125,0.75,0,Disengaged Juniors
47,No,Travel_Rarely,Research & Development,5,5,4,3,5,Research Director,3,Married,18300,4,11,2,1,2,3,3,1,0.0919890710382514,0.2916666666666667,0.0416666666666666,2.136169733241246,0.6,1.5,0.5,0.25,0.5,2,Senior Stable
43,No,Travel_Frequently,Research & Development,10,4,3,2,2,Laboratory Technician,3,Divorced,5257,1,11,2,1,3,4,9,0,0.1506296366749095,0.2916666666666667,0.0833333333333333,2.8983209358727864,4.5,9.0,0.7,0.0,0.3,3,High Potential Fast Trackers
27,No,Non-Travel,Sales,1,1,3,3,2,Sales Executive,2,Married,6349,0,13,4,1,0,3,5,1,0.0629894471570326,0.2916666666666667,0.8333333333333334,2.1249800350974057,5.0,2.5,0.6666666666666666,0.6666666666666666,0.0,1,Overworked Juniors
54,No,Travel_Frequently,Research & Development,20,4,4,3,2,Research Scientist,3,Single,4869,3,12,4,0,4,2,4,0,0.07745943725611,0.2083333333333333,0.0833333333333333,1.404052843753991,1.0,4.0,0.6,0.6,0.8,0,Disengaged Juniors
43,No,Travel_Rarely,Research & Development,7,3,3,3,3,Healthcare Representative,1,Married,9985,8,16,1,1,1,2,1,0,0.1152679018527792,0.2083333333333333,0.1666666666666666,1.846075743730328,0.1111111111111111,1.0,0.0,0.0,0.5,2,Senior Stable
45,No,Travel_Rarely,Research & Development,8,4,4,3,2,Research Scientist,4,Married,3697,9,14,1,2,3,3,10,9,0.1326778469028943,0.2083333333333333,0.25,1.5270876244546931,1.0,1.0,0.8181818181818182,0.7272727272727273,0.2727272727272727,0,Disengaged Juniors
40,No,Travel_Rarely,Sales,1,2,2,1,2,Sales Executive,4,Married,7457,2,22,3,3,2,2,4,0,0.1438071610567253,0.3333333333333333,0.75,6.339495692244351,1.3333333333333333,4.0,0.6,0.4,0.4,1,Overworked Juniors
29,Yes,Travel_Rarely,Research & Development,8,4,2,1,1,Laboratory Technician,1,Married,2119,1,11,4,0,4,2,7,0,0.1038603114676734,0.25,0.875,1.1996970793502475,3.5,7.0,0.875,0.875,0.5,1,Overworked Juniors
29,No,Travel_Rarely,Research & Development,9,5,2,2,1,Laboratory Technician,4,Single,3983,0,17,3,0,2,3,3,2,0.1472407732864675,0.2916666666666667,0.0,2.0729513301825837,3.0,1.0,0.5,0.5,0.5,0,Disengaged Juniors
30,No,Travel_Rarely,Sales,5,3,4,2,2,Sales Executive,3,Divorced,6118,1,13,3,3,2,3,10,1,0.0972131415495259,0.25,0.0,1.1630299628630705,5.0,5.0,0.8181818181818182,0.1818181818181818,0.1818181818181818,0,Disengaged Juniors
27,No,Travel_Rarely,Sales,8,4,2,3,2,Sales Executive,2,Married,6214,1,18,1,1,3,3,8,0,0.0716398455101384,0.2916666666666667,0.125,2.250106228691146,4.0,8.0,0.7777777777777778,0.7777777777777778,0.3333333333333333,3,High Potential Fast Trackers
37,No,Travel_Rarely,Research & Development,5,2,4,3,2,Manufacturing Director,4,Divorced,6347,7,16,3,2,2,2,6,0,0.050894910981566,0.25,0.0833333333333333,1.0549846898999595,0.75,6.0,0.2857142857142857,0.5714285714285714,0.2857142857142857,0,Disengaged Juniors
38,No,Travel_Rarely,Research & Development,15,2,3,2,3,Research Director,4,Divorced,11510,0,14,2,1,3,3,11,2,0.0684535186794091,0.2916666666666667,0.8333333333333334,1.5888874576221217,11.0,3.6666666666666665,0.8333333333333334,0.75,0.25,1,Overworked Juniors
31,No,Travel_Rarely,Research & Development,7,4,3,3,3,Manufacturing Director,4,Single,7143,1,14,3,0,2,2,11,4,0.1327789444211115,0.2916666666666667,0.7083333333333334,1.2328716204847514,5.5,2.2,0.75,0.8333333333333334,0.1666666666666666,1,Overworked Juniors
29,No,Travel_Rarely,Sales,10,1,4,2,2,Sales Executive,2,Divorced,8268,1,14,1,2,2,3,7,1,0.1678193033381713,0.3333333333333333,0.7083333333333334,3.0332563618849298,3.5,3.5,0.875,0.875,0.25,1,Overworked Juniors
35,No,Travel_Rarely,Research & Development,5,4,3,3,3,Manufacturing Director,2,Single,8095,0,13,4,0,5,3,16,0,0.1179320568252007,0.2916666666666667,0.0833333333333333,1.2630560574935097,16.0,16.0,0.3529411764705882,0.7647058823529411,0.2941176470588235,3,High Potential Fast Trackers
23,No,Travel_Rarely,Research & Development,26,1,3,3,1,Research Scientist,4,Divorced,2904,1,12,3,2,2,2,4,0,0.0889531680440771,0.2916666666666667,0.0416666666666666,2.706466993373703,2.0,4.0,0.4,0.4,0.4,0,Disengaged Juniors
41,No,Travel_Rarely,Research & Development,6,3,4,2,2,Manufacturing Director,2,Single,6032,6,15,4,0,3,3,5,1,0.1015119363395225,0.25,0.7083333333333334,1.2834925058153328,0.7142857142857143,2.5,0.6666666666666666,0.3333333333333333,0.5,1,Overworked Juniors
47,No,Travel_Frequently,Sales,4,1,2,3,2,Sales Representative,3,Single,2976,3,19,1,0,3,3,0,0,0.0985517473118279,0.3333333333333333,0.0416666666666666,1.9927996545314912,0.0,0.0,0.0,0.0,3.0,0,Disengaged Juniors
42,No,Travel_Rarely,Research & Development,23,5,1,3,4,Research Director,4,Single,15992,2,14,2,0,2,3,1,0,0.1571604552276138,0.2083333333333333,0.0,1.9210370393193543,0.3333333333333333,1.0,0.0,0.0,1.0,2,Senior Stable
29,No,Non-Travel,Sales,2,3,4,3,2,Sales Executive,3,Married,4649,1,14,1,1,3,2,4,0,0.0562443536244352,0.25,0.1666666666666666,1.7967246281425486,2.0,4.0,0.6,0.4,0.6,0,Disengaged Juniors
42,No,Travel_Rarely,Human Resources,2,1,3,3,1,Human Resources,3,Divorced,2696,0,11,3,1,5,3,3,1,0.1090244807121661,0.2916666666666667,0.6666666666666666,2.5257874069931905,3.0,1.5,0.5,0.0,1.25,1,Overworked Juniors
32,No,Travel_Rarely,Research & Development,2,3,3,3,1,Laboratory Technician,2,Married,2370,1,13,3,1,4,3,8,0,0.1355611814345992,0.2083333333333333,0.125,1.1267900610122337,4.0,8.0,0.0,0.7777777777777778,0.4444444444444444,0,Disengaged Juniors
48,No,Travel_Rarely,Sales,29,1,1,3,3,Manager,3,Married,12504,3,21,2,1,3,1,0,0,0.1539731285988484,0.3333333333333333,0.0833333333333333,4.829295620288884,0.0,0.0,0.0,0.0,3.0,2,Senior Stable
37,No,Travel_Rarely,Research & Development,6,3,3,4,2,Research Scientist,1,Divorced,5974,4,13,1,2,2,3,7,6,0.0512052226314026,0.3333333333333333,0.7916666666666666,2.3705613734704447,1.4,1.0,0.875,0.875,0.25,1,Overworked Juniors
30,No,Non-Travel,Sales,25,2,4,3,2,Sales Executive,3,Married,4736,7,12,2,1,2,4,2,2,0.1278061655405405,0.1666666666666666,0.7083333333333334,1.1857487589378992,0.25,0.6666666666666666,0.6666666666666666,0.6666666666666666,0.6666666666666666,1,Overworked Juniors
26,No,Travel_Rarely,Sales,1,3,3,3,2,Sales Executive,3,Married,5296,1,17,2,1,3,3,8,7,0.0636801359516616,0.2083333333333333,0.125,1.1317185245804011,4.0,1.0,0.7777777777777778,0.7777777777777778,0.3333333333333333,0,Disengaged Juniors
42,No,Travel_Rarely,Research & Development,2,4,1,2,2,Healthcare Representative,4,Single,6781,3,23,2,0,6,3,1,0,0.1089146143636632,0.3333333333333333,0.125,4.384563297682025,0.25,1.0,0.0,0.0,3.0,0,Disengaged Juniors
21,Yes,Travel_Frequently,Sales,1,1,1,2,1,Sales Representative,2,Single,2174,1,11,3,0,3,3,3,1,0.163528058877645,0.2083333333333333,0.5833333333333334,1.2355311954972632,1.5,1.5,0.5,0.5,0.75,1,Overworked Juniors
36,No,Non-Travel,Sales,1,5,4,3,2,Sales Executive,4,Single,6653,4,15,2,0,6,3,1,0,0.105122501127311,0.25,0.0833333333333333,1.2758243504921056,0.2,1.0,0.0,0.0,3.0,0,Disengaged Juniors
36,No,Travel_Frequently,Sales,3,4,1,2,3,Sales Executive,4,Married,9699,4,11,1,1,2,3,13,1,0.1660428910196928,0.2916666666666667,0.0833333333333333,1.367592563944508,2.6,6.5,0.6428571428571429,0.8571428571428571,0.1428571428571428,3,High Potential Fast Trackers
57,No,Travel_Rarely,Research & Development,1,4,4,3,2,Healthcare Representative,3,Married,6755,2,11,3,0,2,3,3,1,0.1179689119170984,0.25,0.0416666666666666,1.1328640486255566,1.0,1.5,0.5,0.5,0.5,0,Disengaged Juniors
40,No,Travel_Rarely,Research & Development,10,4,4,4,1,Laboratory Technician,3,Married,2213,3,13,3,1,3,3,7,1,0.1702801626751016,0.1666666666666666,0.625,1.0847032483160035,1.75,3.5,0.875,0.875,0.375,1,Overworked Juniors
21,No,Non-Travel,Sales,9,2,1,3,1,Sales Representative,4,Single,2610,1,24,3,0,3,2,3,2,0.0966168582375479,0.3333333333333333,0.0416666666666666,6.088739284191563,1.5,1.0,0.5,0.5,0.75,0,Disengaged Juniors
33,Yes,Travel_Rarely,Sales,5,3,4,3,1,Sales Representative,3,Single,2851,1,13,2,0,2,3,1,0,0.0617572781480183,0.25,0.875,1.5928529614265896,0.5,1.0,0.0,0.0,1.0,1,Overworked Juniors
37,No,Travel_Rarely,Research & Development,10,3,3,3,1,Laboratory Technician,1,Married,3452,6,20,2,1,3,3,5,0,0.1558951332560834,0.3333333333333333,0.1666666666666666,6.925643579352222,0.7142857142857143,5.0,0.6666666666666666,0.5,0.5,0,Disengaged Juniors
46,No,Non-Travel,Research & Development,7,4,3,3,2,Manufacturing Director,3,Married,5258,2,14,3,0,2,4,1,0,0.0741879041460631,0.25,0.0833333333333333,1.788523269542973,0.3333333333333333,1.0,0.0,0.0,1.0,0,Disengaged Juniors
41,Yes,Travel_Frequently,Sales,4,3,1,3,2,Sales Executive,2,Single,9355,1,18,3,0,5,3,8,7,0.1104874398717264,0.3333333333333333,0.125,2.481849401738925,4.0,1.0,0.7777777777777778,0.7777777777777778,0.5555555555555556,4,Stagnant Mid-Seniors
50,No,Travel_Rarely,Research & Development,10,3,4,2,3,Healthcare Representative,4,Single,10496,6,15,4,0,2,3,4,1,0.1774228277439024,0.25,0.0833333333333333,1.8672761117629169,0.5714285714285714,2.0,0.6,0.6,0.4,2,Senior Stable
40,Yes,Travel_Rarely,Sales,22,2,3,2,2,Sales Executive,3,Married,6380,2,12,1,2,6,3,6,1,0.0739937304075235,0.25,0.6666666666666666,1.5973987711940398,2.0,3.0,0.5714285714285714,0.0,0.8571428571428571,1,Overworked Juniors
31,No,Travel_Rarely,Research & Development,9,4,3,2,1,Research Scientist,2,Single,2657,0,16,4,0,5,3,2,2,0.0730748964998117,0.2083333333333333,0.5416666666666666,1.0127117551029434,2.0,0.6666666666666666,0.6666666666666666,0.6666666666666666,1.6666666666666667,1,Overworked Juniors
21,Yes,Travel_Rarely,Sales,12,3,3,4,1,Sales Representative,2,Single,2716,1,15,4,0,0,3,1,0,0.1554197349042709,0.2916666666666667,0.0833333333333333,2.820883737817916,0.5,1.0,0.0,0.0,0.0,0,Disengaged Juniors
29,No,Travel_Rarely,Research & Development,23,3,4,3,1,Research Scientist,4,Single,2201,9,16,4,0,4,3,3,1,0.1472194457064971,0.2916666666666667,0.0833333333333333,2.1393868382768866,0.3,1.5,0.5,0.5,1.0,0,Disengaged Juniors
35,No,Travel_Rarely,Research & Development,9,4,3,2,2,Healthcare Representative,2,Single,6540,9,19,3,0,5,3,1,0,0.0929969418960244,0.25,0.1666666666666666,1.2894699951742183,0.1,1.0,0.5,0.0,2.5,0,Disengaged Juniors
27,No,Travel_Rarely,Research & Development,1,2,4,3,1,Laboratory Technician,2,Divorced,3816,1,11,2,1,2,3,5,0,0.1672877358490565,0.3333333333333333,0.0,2.310416583538584,2.5,5.0,0.3333333333333333,0.6666666666666666,0.3333333333333333,0,Disengaged Juniors
28,No,Travel_Rarely,Sales,9,4,2,3,2,Sales Executive,4,Single,5253,1,16,4,0,1,3,7,0,0.1496820864268037,0.25,0.0833333333333333,1.2758835021222918,3.5,7.0,0.625,0.875,0.125,0,Disengaged Juniors
49,No,Travel_Rarely,Research & Development,7,3,2,2,3,Healthcare Representative,3,Single,10965,8,24,3,0,2,3,5,0,0.0549958960328317,0.3333333333333333,0.1666666666666666,6.954923607637002,0.5555555555555556,5.0,0.3333333333333333,0.0,0.3333333333333333,2,Senior Stable
51,No,Travel_Rarely,Sales,14,2,3,3,2,Sales Executive,4,Married,4936,4,11,3,1,2,2,7,0,0.1090498379254458,0.2083333333333333,0.0416666666666666,1.9126625278050744,1.4,7.0,0.875,0.875,0.25,0,Disengaged Juniors
36,No,Travel_Rarely,Research & Development,2,3,4,3,1,Research Scientist,3,Married,2543,4,13,2,1,3,3,2,2,0.1357137239480927,0.3333333333333333,0.0416666666666666,2.585018785771972,0.4,0.6666666666666666,0.6666666666666666,0.6666666666666666,1.0,0,Disengaged Juniors
34,Yes,Non-Travel,Sales,19,3,1,4,2,Sales Executive,4,Single,5304,8,13,2,0,3,2,5,0,0.0819400452488687,0.25,0.7083333333333334,2.121616109132261,0.5555555555555556,5.0,0.3333333333333333,0.6666666666666666,0.5,1,Overworked Juniors
55,No,Travel_Rarely,Research & Development,2,3,3,3,4,Manager,4,Single,16659,2,13,3,0,2,3,5,1,0.103258298817456,0.2083333333333333,0.7083333333333334,1.5697561666739146,1.6666666666666667,2.5,0.6666666666666666,0.3333333333333333,0.3333333333333333,2,Senior Stable
24,No,Travel_Rarely,Sales,10,4,4,3,2,Sales Executive,3,Divorced,4260,1,12,4,1,2,4,5,0,0.1748544600938967,0.3333333333333333,0.625,1.751556198475703,2.5,5.0,0.3333333333333333,0.5,0.3333333333333333,1,Overworked Juniors
30,No,Travel_Rarely,Sales,2,1,3,3,1,Sales Representative,2,Married,2476,1,18,1,1,3,3,1,0,0.0524959612277867,0.1666666666666666,0.125,1.0405846668851708,0.5,1.0,0.0,0.0,1.5,0,Disengaged Juniors
26,Yes,Travel_Frequently,Research & Development,3,1,3,3,1,Research Scientist,1,Single,3102,0,22,3,0,2,3,6,0,0.1440038684719535,0.3333333333333333,0.125,6.349291197693353,6.0,6.0,0.5714285714285714,0.5714285714285714,0.2857142857142857,0,Disengaged Juniors
22,No,Travel_Rarely,Research & Development,11,3,1,3,1,Research Scientist,2,Married,2244,1,13,4,1,1,3,2,1,0.0756506238859181,0.3333333333333333,0.0416666666666666,3.3295715161891364,1.0,1.0,0.3333333333333333,0.6666666666666666,0.3333333333333333,0,Disengaged Juniors
36,No,Travel_Rarely,Sales,2,2,2,2,3,Sales Executive,3,Married,7596,1,13,2,2,2,3,10,9,0.070964981569247,0.2916666666666667,0.0416666666666666,1.286626233660357,5.0,1.0,0.8181818181818182,0.0,0.1818181818181818,4,Stagnant Mid-Seniors
30,Yes,Travel_Frequently,Research & Development,4,3,3,3,1,Research Scientist,4,Single,2285,9,23,3,0,4,3,1,0,0.1600437636761487,0.3333333333333333,0.8333333333333334,7.314455251664202,0.1,1.0,0.0,0.0,2.0,1,Overworked Juniors
37,No,Travel_Rarely,Research & Development,14,3,4,3,1,Laboratory Technician,1,Divorced,3034,1,12,3,1,2,2,18,12,0.1578707976268951,0.3333333333333333,0.0,3.0596487561340378,9.0,1.3846153846153846,0.3684210526315789,0.8947368421052632,0.1052631578947368,4,Stagnant Mid-Seniors
40,No,Travel_Rarely,Sales,2,2,4,3,2,Sales Executive,2,Divorced,5715,7,12,3,2,5,3,5,1,0.1081207349081364,0.1666666666666666,0.0833333333333333,1.079061548700442,0.625,2.5,0.6666666666666666,0.5,0.8333333333333334,0,Disengaged Juniors
42,No,Travel_Rarely,Research & Development,1,4,2,3,1,Laboratory Technician,1,Divorced,2576,3,16,2,1,5,3,5,1,0.0586995341614907,0.2083333333333333,0.0416666666666666,1.3159007682007635,1.25,2.5,0.3333333333333333,0.3333333333333333,0.8333333333333334,0,Disengaged Juniors
37,No,Travel_Rarely,Research & Development,10,4,3,3,2,Manufacturing Director,2,Single,4197,2,12,4,0,2,2,1,0,0.0532880629020728,0.2916666666666667,0.7916666666666666,2.320566848034392,0.3333333333333333,1.0,0.0,0.5,1.0,1,Overworked Juniors
43,No,Travel_Rarely,Research & Development,12,3,1,2,4,Research Director,2,Divorced,14336,1,11,3,1,3,3,25,3,0.0551192801339286,0.2916666666666667,0.1666666666666666,2.068121397120547,12.5,6.25,0.3846153846153846,0.3461538461538461,0.1153846153846153,3,High Potential Fast Trackers
40,No,Travel_Rarely,Research & Development,2,3,2,2,2,Laboratory Technician,3,Married,3448,6,22,2,1,3,3,1,0,0.0784686774941995,0.3333333333333333,0.0833333333333333,4.290762598227318,0.1428571428571428,1.0,0.0,0.0,1.5,0,Disengaged Juniors
54,No,Travel_Rarely,Research & Development,5,2,1,3,5,Research Director,1,Married,19406,4,11,3,1,4,2,4,1,0.1467530660620426,0.2083333333333333,0.125,1.1629958230363957,0.8,2.0,0.4,0.4,0.8,2,Senior Stable
34,No,Non-Travel,Sales,4,4,3,3,2,Sales Executive,3,Married,6538,9,15,1,1,3,3,3,1,0.078184460079535,0.25,0.0416666666666666,1.0389770515090089,0.3,1.5,0.5,0.5,0.75,0,Disengaged Juniors
31,No,Travel_Rarely,Research & Development,7,2,2,3,2,Manufacturing Director,1,Married,4306,1,12,2,1,5,1,13,3,0.0863980492336274,0.2916666666666667,0.0833333333333333,2.3434191723657127,6.5,3.25,0.7142857142857143,0.8571428571428571,0.3571428571428571,0,Disengaged Juniors
43,No,Travel_Frequently,Research & Development,21,3,4,3,1,Laboratory Technician,4,Married,2258,7,20,1,1,1,3,3,1,0.1249778565101859,0.3333333333333333,0.1666666666666666,3.543672205265759,0.375,1.5,0.5,0.5,0.25,0,Disengaged Juniors
43,No,Travel_Rarely,Research & Development,8,4,3,3,2,Healthcare Representative,3,Divorced,4522,4,14,4,0,3,3,5,0,0.1207961079168509,0.2,0.72,1.2479116109369146,1.0,5.0,0.3333333333333333,0.3333333333333333,0.5,1,Overworked Juniors
25,No,Travel_Rarely,Sales,4,2,2,2,2,Sales Executive,4,Single,4487,1,11,2,0,3,3,5,1,0.1538355248495654,0.3333333333333333,0.75,1.6321480073466166,2.5,2.5,0.6666666666666666,0.5,0.5,1,Overworked Juniors
37,No,Non-Travel,Research & Development,25,5,2,3,2,Research Scientist,3,Married,4449,3,15,1,2,2,3,13,10,0.0500764216677905,0.2916666666666667,0.875,2.567431036147206,3.25,1.181818181818182,0.7857142857142857,0.5,0.1428571428571428,1,Overworked Juniors
31,No,Travel_Rarely,Research & Development,1,2,4,2,1,Laboratory Technician,1,Married,2218,1,12,3,1,3,3,4,3,0.115,0.2916666666666667,0.125,1.815098029264035,2.0,1.0,0.4,0.4,0.6,0,Disengaged Juniors
39,No,Travel_Frequently,Research & Development,1,1,2,3,5,Manager,3,Divorced,19197,1,14,3,1,3,3,21,1,0.1621529405636296,0.25,0.7083333333333334,2.1574213803084703,10.5,10.5,0.3636363636363636,0.2727272727272727,0.1363636363636363,3,High Potential Fast Trackers
56,No,Travel_Frequently,Sales,6,3,3,4,4,Sales Executive,1,Married,13212,9,11,4,3,0,2,7,7,0.1427974568574023,0.2916666666666667,0.125,2.6059784118856606,0.7,0.875,0.875,0.875,0.0,2,Senior Stable
30,No,Travel_Rarely,Sales,12,3,2,3,2,Sales Executive,3,Single,6577,0,11,2,0,6,3,5,4,0.0985312452485935,0.2916666666666667,0.125,1.6352236761942605,5.0,1.0,0.6666666666666666,0.6666666666666666,1.0,0,Disengaged Juniors
41,No,Travel_Rarely,Sales,1,3,2,4,3,Sales Executive,1,Married,8392,1,16,3,1,2,3,10,0,0.1488667778836988,0.25,0.125,1.767554814698603,5.0,10.0,0.6363636363636364,0.6363636363636364,0.1818181818181818,3,High Potential Fast Trackers
28,No,Travel_Rarely,Research & Development,17,2,3,3,2,Laboratory Technician,1,Divorced,4558,1,12,4,1,2,3,10,1,0.0610289600702062,0.2916666666666667,0.0416666666666666,2.735783994231048,5.0,5.0,0.0,0.7272727272727273,0.1818181818181818,0,Disengaged Juniors
25,Yes,Travel_Rarely,Research & Development,3,3,1,3,1,Laboratory Technician,1,Married,4031,5,13,3,1,5,3,2,0,0.1704862317042916,0.3333333333333333,0.0,1.994716765578308,0.3333333333333333,2.0,0.6666666666666666,0.6666666666666666,1.6666666666666667,0,Disengaged Juniors
52,No,Travel_Rarely,Research & Development,3,3,4,2,3,Manufacturing Director,3,Married,7969,2,14,3,0,4,3,5,0,0.0851963859957335,0.2916666666666667,0.6666666666666666,2.178044515704714,1.6666666666666667,5.0,0.6666666666666666,0.6666666666666666,0.6666666666666666,2,Senior Stable
45,No,Travel_Rarely,Research & Development,10,2,1,3,1,Research Scientist,4,Married,2654,3,21,4,2,3,2,2,0,0.0624642049736247,0.3333333333333333,0.1666666666666666,6.337687872572754,0.5,2.0,0.6666666666666666,0.6666666666666666,1.0,0,Disengaged Juniors
52,No,Travel_Rarely,Research & Development,4,2,4,3,4,Manager,4,Married,16555,2,13,4,0,2,1,5,1,0.1462591362126245,0.2916666666666667,0.0833333333333333,2.900736194831795,1.6666666666666667,2.5,0.3333333333333333,0.6666666666666666,0.3333333333333333,2,Senior Stable
42,No,Travel_Frequently,Research & Development,29,2,1,3,2,Research Scientist,3,Divorced,4556,2,11,2,1,3,3,5,0,0.100428007023705,0.25,0.125,1.6834189787853993,1.6666666666666667,5.0,0.6666666666666666,0.3333333333333333,0.5,0,Disengaged Juniors
30,No,Travel_Rarely,Research & Development,2,3,3,1,2,Manufacturing Director,4,Single,6091,2,20,3,0,2,3,5,0,0.0719110162534888,0.3333333333333333,0.1666666666666666,6.747934431113762,1.6666666666666667,5.0,0.6666666666666666,0.3333333333333333,0.3333333333333333,0,Disengaged Juniors
60,No,Travel_Rarely,Research & Development,7,3,1,3,5,Manager,1,Married,19566,5,11,4,0,5,1,29,11,0.1244393335377695,0.25,0.0416666666666666,2.1640877690902336,4.833333333333333,2.4166666666666665,0.2666666666666666,0.3333333333333333,0.1666666666666666,4,Stagnant Mid-Seniors
46,No,Travel_Rarely,Research & Development,18,3,3,3,2,Manufacturing Director,3,Divorced,4810,2,14,3,1,5,2,10,0,0.1620187110187111,0.2916666666666667,0.0833333333333333,2.5985377876032154,3.333333333333333,10.0,0.6363636363636364,0.7272727272727273,0.4545454545454545,3,High Potential Fast Trackers
42,No,Travel_Frequently,Research & Development,28,4,4,2,2,Healthcare Representative,4,Married,4523,0,11,4,3,4,4,6,0,0.1594539022772496,0.2916666666666667,0.0,1.3627812811761415,6.0,6.0,0.7142857142857143,0.5714285714285714,0.5714285714285714,0,Disengaged Juniors
24,Yes,Travel_Rarely,Sales,1,1,1,3,1,Sales Representative,2,Single,3202,1,16,2,0,4,3,5,1,0.1633760149906309,0.3333333333333333,0.7916666666666666,1.4992156285880427,2.5,2.5,0.5,0.6666666666666666,0.6666666666666666,1,Overworked Juniors
34,Yes,Travel_Frequently,Sales,6,2,4,1,1,Sales Representative,3,Divorced,2351,0,16,4,1,3,2,2,1,0.123623989791578,0.2916666666666667,0.1666666666666666,1.277142534220087,2.0,1.0,0.6666666666666666,0.0,1.0,0,Disengaged Juniors
38,No,Travel_Frequently,Research & Development,2,2,4,3,1,Laboratory Technician,4,Married,1702,1,23,3,1,3,3,1,0,0.0648531139835488,0.3333333333333333,0.7916666666666666,6.042648944741345,0.5,1.0,0.0,0.0,1.5,1,Overworked Juniors
40,No,Travel_Rarely,Sales,2,4,3,3,5,Manager,3,Married,18041,0,14,4,0,2,3,20,1,0.176459176320603,0.2916666666666667,0.1666666666666666,2.9071466527831267,20.0,10.0,0.7142857142857143,0.5714285714285714,0.0952380952380952,3,High Potential Fast Trackers
26,No,Travel_Rarely,Research & Development,23,3,1,3,1,Research Scientist,4,Divorced,2886,1,22,2,2,3,1,3,0,0.1706202356202355,0.3333333333333333,0.125,4.9839799105247335,1.5,3.0,0.5,0.5,0.75,0,Disengaged Juniors
30,No,Non-Travel,Research & Development,3,3,3,3,1,Laboratory Technician,4,Married,2097,4,15,3,1,3,1,5,1,0.1391368621840724,0.25,0.2083333333333333,2.289784543588793,1.0,2.5,0.5,0.6666666666666666,0.5,0,Disengaged Juniors
29,No,Travel_Rarely,Research & Development,3,4,2,2,3,Research Director,3,Married,11935,1,18,3,0,2,3,10,0,0.1088261416003351,0.2916666666666667,0.0416666666666666,2.873057214673422,5.0,10.0,0.1818181818181818,0.6363636363636364,0.1818181818181818,3,High Potential Fast Trackers
29,Yes,Travel_Rarely,Research & Development,25,5,3,2,1,Research Scientist,2,Married,2546,5,16,2,0,2,4,2,1,0.0703495679497251,0.25,0.125,1.2908604007882143,0.3333333333333333,1.0,0.6666666666666666,0.3333333333333333,0.6666666666666666,0,Disengaged Juniors
19,Yes,Travel_Rarely,Human Resources,2,2,1,2,1,Human Resources,4,Single,2564,1,12,3,0,3,4,1,0,0.0511973478939157,0.25,0.0833333333333333,1.544314624523396,0.5,1.0,0.0,0.0,1.5,0,Disengaged Juniors
30,No,Non-Travel,Sales,22,4,3,3,3,Sales Executive,1,Married,8412,0,11,3,0,3,3,9,7,0.1688338088445078,0.3333333333333333,0.125,2.584382547481308,9.0,1.125,0.8,0.8,0.3,4,Stagnant Mid-Seniors
57,No,Travel_Rarely,Sales,29,3,1,2,4,Manager,4,Divorced,14118,3,12,3,1,3,2,1,0,0.1218069131605043,0.2916666666666667,0.0833333333333333,2.516993138987518,0.25,1.0,0.0,0.0,1.5,2,Senior Stable
50,No,Travel_Rarely,Research & Development,29,4,2,2,4,Manager,3,Married,17046,0,15,2,1,2,3,27,15,0.1532752551918338,0.2083333333333333,0.0416666666666666,2.0457980710077424,27.0,1.6875,0.3571428571428571,0.25,0.0714285714285714,4,Stagnant Mid-Seniors
30,No,Non-Travel,Research & Development,2,3,3,3,1,Laboratory Technician,4,Single,2564,0,14,3,0,2,2,11,6,0.1062129485179406,0.2916666666666667,0.1666666666666666,2.6157464947288336,11.0,1.5714285714285714,0.5833333333333334,0.5833333333333334,0.1666666666666666,0,Disengaged Juniors
60,No,Travel_Frequently,Sales,28,3,3,2,3,Sales Executive,1,Married,10266,4,19,4,0,5,4,18,13,0.0676504967855055,0.3333333333333333,0.1666666666666666,2.3220344014772327,3.6,1.2857142857142858,0.6842105263157895,0.5789473684210527,0.2631578947368421,4,Stagnant Mid-Seniors
47,No,Travel_Rarely,Research & Development,2,2,1,3,2,Manufacturing Director,4,Divorced,5070,5,13,3,3,2,3,5,0,0.0630157790927021,0.1666666666666666,0.2083333333333333,0.7780324207209649,0.8333333333333334,5.0,0.0,0.6666666666666666,0.3333333333333333,0,Disengaged Juniors
46,No,Travel_Rarely,Research & Development,2,3,1,3,4,Research Director,3,Married,17861,6,13,3,0,2,1,3,0,0.1109988242539611,0.2916666666666667,0.0833333333333333,1.8042516990523327,0.4285714285714285,3.0,0.5,0.25,0.5,2,Senior Stable
35,No,Travel_Rarely,Research & Development,22,3,4,1,1,Laboratory Technician,3,Single,4230,0,15,3,0,2,3,5,4,0.1765839243498817,0.2083333333333333,0.125,1.388399799980732,5.0,1.0,0.6666666666666666,0.5,0.3333333333333333,0,Disengaged Juniors
54,No,Travel_Rarely,Research & Development,8,4,3,3,2,Laboratory Technician,3,Single,3780,7,11,3,0,3,3,1,0,0.0687698412698412,0.25,0.0,2.12133584084784,0.125,1.0,0.0,0.0,1.5,0,Disengaged Juniors
34,No,Travel_Rarely,Research & Development,2,4,4,2,1,Research Scientist,3,Divorced,2768,3,12,3,1,3,3,7,5,0.126242774566474,0.2916666666666667,0.0833333333333333,1.7816343622067126,1.75,1.1666666666666667,0.375,0.875,0.375,0,Disengaged Juniors
46,No,Travel_Rarely,Sales,10,3,3,2,3,Sales Executive,4,Married,9071,2,19,3,1,3,3,3,1,0.1612600595303716,0.25,0.5833333333333334,1.8498273762133013,1.0,1.5,0.5,0.5,0.75,2,Senior Stable
31,No,Travel_Rarely,Research & Development,9,1,3,3,3,Manufacturing Director,2,Divorced,10648,1,25,4,1,6,4,13,0,0.1744750187828699,0.3333333333333333,0.1666666666666666,3.4451379107949114,6.5,13.0,0.5714285714285714,0.5714285714285714,0.4285714285714285,3,High Potential Fast Trackers
33,Yes,Travel_Rarely,Research & Development,15,1,2,3,3,Manager,3,Married,13610,7,12,4,0,2,4,7,7,0.1295304922850844,0.2916666666666667,0.5833333333333334,1.341871238372314,0.875,0.875,0.75,0.875,0.25,4,Stagnant Mid-Seniors
33,Yes,Travel_Rarely,Research & Development,10,1,1,1,1,Laboratory Technician,4,Divorced,3408,7,13,1,3,2,3,4,1,0.1452171361502347,0.25,0.0833333333333333,1.3155577116418458,0.5,2.0,0.6,0.6,0.4,0,Disengaged Juniors
30,No,Travel_Rarely,Sales,7,1,4,3,1,Sales Representative,2,Single,2983,0,14,1,0,3,3,3,1,0.1190110626885686,0.25,0.0833333333333333,2.3962651587863726,3.0,1.5,0.5,0.5,0.75,0,Disengaged Juniors
35,No,Travel_Rarely,Research & Development,16,3,4,3,3,Healthcare Representative,3,Married,7632,4,12,3,0,2,3,8,0,0.125486111111111,0.3333333333333333,0.8333333333333334,2.822658404080539,1.6,8.0,0.7777777777777778,0.0,0.2222222222222222,1,Overworked Juniors
31,Yes,Travel_Frequently,Research & Development,20,3,1,3,3,Healthcare Representative,3,Married,9824,3,12,1,0,2,3,1,0,0.093898615635179,0.3333333333333333,0.1666666666666666,1.4101905593295585,0.25,1.0,0.0,0.0,1.0,0,Disengaged Juniors
34,Yes,Travel_Frequently,Human Resources,23,3,2,3,3,Human Resources,1,Divorced,9950,9,15,3,3,2,3,3,0,0.1119809045226129,0.3333333333333333,0.8333333333333334,2.315608591946828,0.3,3.0,0.5,0.5,0.5,1,Overworked Juniors
42,No,Travel_Frequently,Research & Development,5,2,2,3,1,Laboratory Technician,3,Married,2093,4,17,4,1,4,3,2,2,0.1428571428571428,0.2083333333333333,0.125,1.6200706687073674,0.4,0.6666666666666666,0.6666666666666666,0.0,1.3333333333333333,0,Disengaged Juniors
36,No,Non-Travel,Sales,10,4,2,3,3,Sales Executive,4,Single,9980,1,14,4,0,3,2,10,9,0.0743987975951903,0.2916666666666667,0.0416666666666666,2.299226659311247,5.0,1.0,0.2727272727272727,0.6363636363636364,0.2727272727272727,4,Stagnant Mid-Seniors
22,Yes,Travel_Frequently,Research & Development,4,1,3,2,1,Laboratory Technician,3,Single,3894,5,16,3,0,3,3,2,1,0.102426810477658,0.2916666666666667,0.0833333333333333,1.578466280274668,0.3333333333333333,1.0,0.6666666666666666,0.6666666666666666,1.0,0,Disengaged Juniors
48,No,Travel_Rarely,Sales,2,5,2,3,2,Sales Executive,4,Married,4051,2,14,1,1,2,3,9,6,0.0878795359170575,0.2916666666666667,0.25,1.5426711861687192,3.0,1.2857142857142858,0.7,0.7,0.2,0,Disengaged Juniors
55,No,Travel_Rarely,Sales,18,5,1,3,4,Manager,2,Single,16835,3,23,4,0,2,3,10,7,0.1156352836352837,0.3333333333333333,0.0416666666666666,6.426279172040962,2.5,1.25,0.8181818181818182,0.6363636363636364,0.1818181818181818,2,Senior Stable
41,No,Non-Travel,Sales,10,2,4,3,2,Sales Executive,4,Single,6230,7,14,4,0,3,3,14,1,0.1569951845906902,0.25,0.0833333333333333,1.9519103203116968,1.75,7.0,0.2,0.6666666666666666,0.2,0,Disengaged Juniors
35,No,Travel_Rarely,Sales,1,3,2,3,2,Sales Executive,3,Married,4717,9,11,3,0,2,3,11,6,0.0619885520457917,0.3333333333333333,0.125,3.216909439599621,1.1,1.5714285714285714,0.75,0.75,0.1666666666666666,0,Disengaged Juniors
40,No,Travel_Rarely,Research & Development,6,3,2,3,4,Manufacturing Director,3,Single,13237,7,15,3,0,3,3,20,5,0.1722399335196797,0.3333333333333333,0.125,1.7707404678637118,2.5,3.333333333333333,0.2857142857142857,0.6190476190476191,0.1428571428571428,2,Senior Stable
39,No,Travel_Frequently,Research & Development,8,1,3,3,1,Laboratory Technician,3,Married,3755,1,11,1,1,3,3,8,0,0.133866844207723,0.25,0.0416666666666666,1.9217688985069896,4.0,8.0,0.3333333333333333,0.7777777777777778,0.3333333333333333,0,Disengaged Juniors
31,No,Travel_Rarely,Sales,2,1,2,3,2,Sales Executive,4,Single,6582,4,13,3,0,2,4,6,0,0.1093056821634761,0.2916666666666667,0.6666666666666666,2.7209491292092864,1.2,6.0,0.7142857142857143,0.7142857142857143,0.2857142857142857,1,Overworked Juniors
42,No,Travel_Rarely,Research & Development,24,3,4,3,3,Manufacturing Director,1,Married,7406,1,21,4,1,5,2,10,5,0.1334512557385903,0.3333333333333333,0.6666666666666666,4.070770495489799,5.0,1.6666666666666667,0.8181818181818182,0.7272727272727273,0.4545454545454545,1,Overworked Juniors
45,No,Travel_Rarely,Sales,2,3,4,3,2,Sales Executive,2,Married,4805,0,19,2,1,3,4,8,3,0.1214027055150884,0.2916666666666667,0.0833333333333333,2.70453824637264,8.0,2.0,0.7777777777777778,0.7777777777777778,0.3333333333333333,0,Disengaged Juniors
26,Yes,Travel_Frequently,Human Resources,17,4,2,3,1,Human Resources,3,Divorced,2741,0,11,2,1,2,2,7,1,0.161101787668734,0.2916666666666667,0.7083333333333334,2.6351794782601887,7.0,3.5,0.875,0.0,0.25,1,Overworked Juniors
29,No,Travel_Rarely,Research & Development,19,3,4,3,2,Manufacturing Director,4,Divorced,4262,4,12,2,2,2,4,3,1,0.1734256217738151,0.2916666666666667,0.1666666666666666,2.3102661954359207,0.6,1.5,0.5,0.5,0.5,0,Disengaged Juniors
33,No,Travel_Rarely,Research & Development,1,5,1,4,4,Research Director,3,Divorced,16184,4,19,3,1,2,3,6,0,0.0841639891250618,0.125,0.0416666666666666,1.1901616320000408,1.2,6.0,0.1428571428571428,0.7142857142857143,0.2857142857142857,2,Senior Stable
31,No,Travel_Rarely,Sales,7,3,3,2,3,Manager,4,Divorced,11557,9,21,3,1,3,2,5,0,0.0885748896772518,0.3333333333333333,0.125,4.391729610489796,0.5,5.0,0.6666666666666666,0.1666666666666666,0.5,0,Disengaged Juniors
18,Yes,Travel_Frequently,Sales,5,3,2,3,1,Sales Representative,2,Single,1878,1,14,4,0,3,3,0,0,0.1330777422790202,0.25,0.6666666666666666,2.317257958221832,0.0,0.0,0.0,0.0,3.0,1,Overworked Juniors
40,No,Non-Travel,Sales,28,3,3,1,3,Sales Executive,1,Divorced,10932,3,15,3,1,2,3,1,0,0.1705241492864983,0.2083333333333333,0.125,0.9926415536911678,0.25,1.0,0.0,0.5,1.0,2,Senior Stable
41,No,Non-Travel,Research & Development,2,4,1,2,2,Healthcare Representative,3,Single,6811,2,17,1,0,3,3,8,0,0.0925605637938629,0.3333333333333333,0.8333333333333334,2.129204166119976,2.6666666666666665,8.0,0.7777777777777778,0.7777777777777778,0.3333333333333333,1,Overworked Juniors
26,No,Travel_Rarely,Sales,29,2,1,3,2,Sales Executive,3,Divorced,4306,5,12,1,2,5,3,0,0,0.0950812819321876,0.3333333333333333,0.0833333333333333,2.5952913935421105,0.0,0.0,0.0,0.0,5.0,0,Disengaged Juniors
35,No,Travel_Rarely,Sales,1,3,1,3,2,Sales Executive,3,Single,4859,1,16,4,0,3,3,5,0,0.1249845647252521,0.2916666666666667,0.0833333333333333,2.00933473239642,2.5,5.0,0.6666666666666666,0.5,0.5,0,Disengaged Juniors
34,No,Travel_Rarely,Sales,21,4,4,4,2,Sales Executive,4,Single,5337,1,12,4,0,3,3,10,5,0.0882405845980887,0.1666666666666666,0.0,1.3189047753563423,5.0,1.6666666666666667,0.6363636363636364,0.6363636363636364,0.2727272727272727,0,Disengaged Juniors
26,Yes,Travel_Rarely,Research & Development,24,3,3,1,1,Laboratory Technician,4,Single,2340,1,18,2,0,3,1,1,0,0.1618589743589743,0.25,0.7916666666666666,2.409389671361502,0.5,1.0,0.0,0.0,1.5,1,Overworked Juniors
37,No,Travel_Rarely,Research & Development,1,3,2,3,3,Manufacturing Director,4,Single,7491,4,17,4,0,3,4,6,1,0.1012895474569483,0.2916666666666667,0.0,1.311938983039362,1.2,3.0,0.7142857142857143,0.2857142857142857,0.4285714285714285,0,Disengaged Juniors
46,No,Travel_Frequently,Research & Development,18,1,1,3,3,Healthcare Representative,3,Married,10527,5,11,4,0,3,2,2,1,0.1452256103353283,0.25,0.0416666666666666,1.2180643376972935,0.3333333333333333,1.0,0.6666666666666666,0.6666666666666666,1.0,2,Senior Stable
41,No,Travel_Rarely,Sales,2,5,2,3,4,Manager,1,Married,16595,7,16,2,1,2,3,18,11,0.1523892738776741,0.2916666666666667,0.1666666666666666,2.6819470361154085,2.25,1.5,0.8421052631578947,0.4210526315789473,0.1052631578947368,4,Stagnant Mid-Seniors
37,No,Non-Travel,Sales,9,4,1,3,3,Sales Executive,2,Divorced,8834,1,13,4,1,6,3,9,7,0.0630484491736472,0.25,0.0416666666666666,1.4548872333278022,4.5,1.125,0.5,0.7,0.6,4,Stagnant Mid-Seniors
52,No,Travel_Rarely,Research & Development,6,2,4,3,2,Research Scientist,1,Divorced,5577,3,12,2,2,3,3,10,6,0.1288560157790927,0.2916666666666667,0.8333333333333334,2.6809490960862643,2.5,1.4285714285714286,0.8181818181818182,0.8181818181818182,0.2727272727272727,1,Overworked Juniors
32,Yes,Non-Travel,Sales,11,4,4,4,2,Sales Executive,3,Married,4707,8,12,4,0,2,3,4,1,0.1370724452942426,0.3333333333333333,0.0416666666666666,2.26508370473016,0.4444444444444444,2.0,0.4,0.4,0.4,0,Disengaged Juniors
24,No,Travel_Frequently,Sales,24,3,4,3,1,Sales Representative,4,Married,2400,0,13,3,2,3,3,2,2,0.1219083333333333,0.2916666666666667,0.0833333333333333,1.4301198999328433,2.0,0.6666666666666666,0.6666666666666666,0.3333333333333333,1.0,0,Disengaged Juniors
38,No,Travel_Rarely,Research & Development,10,3,3,3,2,Healthcare Representative,3,Married,9824,3,19,3,1,4,3,1,0,0.0590848941368078,0.1666666666666666,0.0416666666666666,0.7255800861410586,0.25,1.0,0.0,0.0,2.0,0,Disengaged Juniors
37,No,Travel_Rarely,Research & Development,1,4,2,3,2,Manufacturing Director,2,Married,6447,6,12,2,1,2,2,6,4,0.1388676903986349,0.25,0.0833333333333333,2.006682866671755,0.8571428571428571,1.2,0.7142857142857143,0.4285714285714285,0.2857142857142857,0,Disengaged Juniors
49,No,Travel_Rarely,Research & Development,18,4,4,2,5,Research Director,3,Divorced,19502,1,17,3,1,5,3,31,0,0.1474064198543739,0.25,0.7083333333333334,2.0308653733086754,15.5,31.0,0.28125,0.28125,0.15625,3,High Potential Fast Trackers
24,No,Travel_Rarely,Research & Development,23,3,2,4,1,Research Scientist,4,Married,2725,1,11,2,2,3,3,6,1,0.0554422018348623,0.2916666666666667,0.875,2.255933974638225,3.0,3.0,0.7142857142857143,0.5714285714285714,0.4285714285714285,1,Overworked Juniors
26,No,Travel_Rarely,Sales,28,2,1,3,2,Sales Executive,2,Married,6272,1,20,4,2,5,4,5,1,0.0695169005102041,0.3333333333333333,0.0833333333333333,4.480171176036587,2.5,2.5,0.5,0.6666666666666666,0.8333333333333334,0,Disengaged Juniors
24,No,Travel_Rarely,Research & Development,17,2,4,2,1,Laboratory Technician,2,Married,2127,1,21,4,1,2,3,1,0,0.1214621532675128,0.3333333333333333,0.125,5.518219108050959,0.5,1.0,0.0,0.0,1.0,0,Disengaged Juniors
50,No,Travel_Frequently,Human Resources,3,3,1,3,5,Manager,2,Married,18200,1,11,3,1,2,3,32,10,0.066442857142857,0.3333333333333333,0.0416666666666666,1.896128772541656,16.0,2.909090909090909,0.1515151515151515,0.2121212121212121,0.0606060606060606,4,Stagnant Mid-Seniors
25,No,Travel_Rarely,Sales,13,1,2,3,1,Sales Representative,3,Married,2096,1,11,3,0,1,3,7,0,0.1553101145038168,0.25,0.25,1.703107352207598,3.5,7.0,0.5,0.75,0.125,0,Disengaged Juniors
24,Yes,Travel_Frequently,Research & Development,7,3,1,3,1,Laboratory Technician,3,Married,2886,1,16,4,1,4,3,6,1,0.0797955647955647,0.25,0.8333333333333334,1.1050353892593512,3.0,3.0,0.4285714285714285,0.2857142857142857,0.5714285714285714,1,Overworked Juniors
30,Yes,Travel_Frequently,Sales,12,4,2,2,1,Sales Representative,1,Married,2033,1,18,3,1,2,4,1,0,0.0693605509099853,0.2916666666666667,0.1666666666666666,1.8014800196146692,0.5,1.0,0.0,0.0,1.0,0,Disengaged Juniors
34,No,Travel_Rarely,Research & Development,1,2,2,2,1,Research Scientist,4,Married,3622,1,13,4,1,3,3,6,1,0.0585505245720596,0.25,0.8333333333333334,2.197517257067341,3.0,3.0,0.7142857142857143,0.4285714285714285,0.4285714285714285,1,Overworked Juniors
31,Yes,Travel_Rarely,Sales,13,4,2,3,2,Sales Executive,1,Divorced,4233,2,17,3,0,2,1,3,1,0.1395558705409874,0.2083333333333333,0.125,1.490717651361125,1.0,1.5,0.25,0.5,0.5,0,Disengaged Juniors
35,No,Travel_Rarely,Research & Development,25,2,1,2,2,Laboratory Technician,4,Single,3681,4,14,4,0,3,3,3,0,0.1476202118989406,0.1666666666666666,0.0,1.2672842878584272,0.6,3.0,0.5,0.5,0.75,0,Disengaged Juniors
31,No,Travel_Rarely,Sales,6,4,1,4,2,Sales Executive,4,Divorced,5460,4,22,4,2,4,4,7,5,0.058021978021978,0.3333333333333333,0.0,3.4360909392946994,1.4,1.1666666666666667,0.875,0.875,0.5,0,Disengaged Juniors
27,No,Travel_Rarely,Research & Development,6,4,1,2,1,Research Scientist,3,Divorced,2187,0,12,3,2,5,2,5,0,0.1709282121627801,0.2083333333333333,0.0416666666666666,1.398918789528784,5.0,5.0,0.5,0.5,0.8333333333333334,0,Disengaged Juniors
37,No,Travel_Rarely,Sales,2,3,4,3,2,Sales Executive,3,Married,9602,4,11,3,1,3,2,3,1,0.0998854405332222,0.3333333333333333,0.7083333333333334,1.8452834747686837,0.6,1.5,0.0,0.0,0.75,1,Overworked Juniors
20,No,Travel_Rarely,Research & Development,1,3,4,2,1,Research Scientist,2,Single,2836,1,13,4,0,0,4,1,0,0.0588610719322989,0.25,0.125,1.0305841745084587,0.5,1.0,0.0,0.0,0.0,0,Disengaged Juniors
42,No,Travel_Rarely,Research & Development,2,4,3,3,2,Healthcare Representative,4,Married,4089,1,13,2,2,4,3,10,2,0.0661946686231352,0.2916666666666667,0.1666666666666666,1.3344921645871362,5.0,3.333333333333333,0.1818181818181818,0.1818181818181818,0.3636363636363636,0,Disengaged Juniors
43,No,Travel_Rarely,Research & Development,6,4,2,2,4,Research Director,4,Divorced,16627,4,14,3,1,3,2,1,0,0.1314566668671437,0.2916666666666667,0.8333333333333334,2.8787164238606646,0.2,1.0,0.0,0.0,1.5,2,Senior Stable
38,No,Travel_Rarely,Research & Development,1,1,3,3,1,Research Scientist,1,Single,2619,3,17,4,0,3,2,0,0,0.1446659030164185,0.2083333333333333,0.0833333333333333,1.0966041273063716,0.0,0.0,0.0,0.0,3.0,0,Disengaged Juniors
43,No,Travel_Frequently,Research & Development,9,5,4,3,2,Laboratory Technician,3,Divorced,5679,3,13,2,1,3,3,8,4,0.084076421905265,0.2916666666666667,0.5833333333333334,1.1929337559110431,2.0,1.6,0.7777777777777778,0.7777777777777778,0.3333333333333333,1,Overworked Juniors
48,No,Travel_Rarely,Research & Development,1,4,4,2,4,Manager,1,Married,15402,7,11,1,1,3,1,3,0,0.1053142449032592,0.2083333333333333,0.1666666666666666,1.91570375543222,0.375,3.0,0.5,0.5,0.75,2,Senior Stable
44,No,Travel_Rarely,Human Resources,1,4,1,2,2,Human Resources,3,Single,5985,4,11,2,0,1,4,2,0,0.0666215538847117,0.2916666666666667,0.125,2.706655372663064,0.4,2.0,0.6666666666666666,0.6666666666666666,0.3333333333333333,0,Disengaged Juniors
34,No,Travel_Rarely,Sales,14,3,3,3,1,Sales Representative,3,Divorced,2579,1,18,4,2,3,3,8,0,0.0727258627374951,0.2083333333333333,0.6666666666666666,0.9809065293743526,4.0,8.0,0.2222222222222222,0.6666666666666666,0.3333333333333333,1,Overworked Juniors
27,Yes,Travel_Rarely,Sales,2,1,3,3,1,Sales Representative,1,Divorced,3041,0,11,2,1,3,3,4,0,0.1493390332127589,0.2916666666666667,0.125,1.5943935793946244,4.0,4.0,0.6,0.4,0.6,0,Disengaged Juniors
21,No,Travel_Rarely,Sales,22,1,3,3,1,Sales Representative,3,Single,3447,1,11,3,0,2,3,3,1,0.0546504206556426,0.2916666666666667,0.0833333333333333,2.7825254112204547,1.5,1.5,0.5,0.5,0.5,0,Disengaged Juniors
44,No,Travel_Rarely,Research & Development,3,4,4,3,5,Manager,4,Married,19513,4,12,1,1,2,4,2,0,0.0691210987546762,0.2916666666666667,0.7083333333333334,1.9694290707991595,0.4,2.0,0.6666666666666666,0.3333333333333333,0.6666666666666666,2,Senior Stable
22,No,Travel_Rarely,Research & Development,6,1,1,3,1,Research Scientist,3,Married,2773,0,20,4,0,3,3,2,2,0.0794302199783628,0.3333333333333333,0.0833333333333333,5.148016338652296,2.0,0.6666666666666666,0.6666666666666666,0.6666666666666666,1.0,0,Disengaged Juniors
33,No,Travel_Rarely,Sales,8,4,3,3,2,Sales Executive,3,Divorced,7104,0,12,4,0,3,3,5,1,0.1399169481981982,0.25,0.125,1.6045787533705187,5.0,2.5,0.0,0.3333333333333333,0.5,0,Disengaged Juniors
32,No,Travel_Rarely,Research & Development,9,4,1,3,2,Research Scientist,4,Married,6322,1,12,4,1,2,2,6,0,0.1777174944637772,0.1666666666666666,0.6666666666666666,0.9761285462224436,3.0,6.0,0.5714285714285714,0.7142857142857143,0.2857142857142857,1,Overworked Juniors
30,No,Travel_Frequently,Research & Development,3,3,3,3,1,Research Scientist,3,Divorced,2083,1,20,3,1,2,3,1,0,0.1550072011521844,0.3333333333333333,0.0416666666666666,5.565512395034899,0.5,1.0,0.0,0.0,1.0,0,Disengaged Juniors
53,No,Travel_Rarely,Sales,1,1,4,3,2,Sales Executive,1,Single,8381,7,20,4,0,2,4,14,8,0.1235473093902876,0.3333333333333333,0.125,5.24906459320548,1.75,1.5555555555555556,0.4666666666666667,0.6666666666666666,0.1333333333333333,4,Stagnant Mid-Seniors
34,No,Travel_Rarely,Research & Development,1,5,2,3,1,Research Scientist,4,Married,2691,1,12,4,1,4,2,10,8,0.0519100706057228,0.2916666666666667,0.0833333333333333,2.9003696524297187,5.0,1.1111111111111112,0.8181818181818182,0.7272727272727273,0.3636363636363636,0,Disengaged Juniors
45,Yes,Travel_Frequently,Sales,26,4,1,3,2,Sales Executive,1,Married,4286,2,14,4,2,4,3,1,0,0.0596780214652355,0.3333333333333333,0.125,1.440113451093804,0.3333333333333333,1.0,0.5,0.0,2.0,0,Disengaged Juniors
26,No,Travel_Rarely,Research & Development,6,3,3,3,1,Laboratory Technician,4,Married,2659,1,13,3,1,2,3,3,0,0.1111019180142911,0.2916666666666667,0.6666666666666666,1.4765662162888251,1.5,3.0,0.5,0.5,0.5,1,Overworked Juniors
37,No,Travel_Rarely,Research & Development,3,3,3,3,3,Manufacturing Director,3,Married,9434,1,15,3,1,2,3,10,7,0.064196523213907,0.25,0.2083333333333333,2.25363454514247,5.0,1.25,0.6363636363636364,0.7272727272727273,0.1818181818181818,4,Stagnant Mid-Seniors
29,No,Travel_Rarely,Sales,3,2,2,3,2,Sales Executive,3,Married,5561,1,14,1,1,5,2,6,1,0.1614709584607084,0.2916666666666667,0.0833333333333333,1.768105492696293,3.0,3.0,0.0,0.2857142857142857,0.7142857142857143,0,Disengaged Juniors
35,No,Travel_Rarely,Research & Development,6,4,2,1,2,Research Scientist,4,Single,6646,1,13,2,0,3,3,17,11,0.1632771591934999,0.2916666666666667,0.0833333333333333,1.4561958332609082,8.5,1.4166666666666667,0.6111111111111112,0.4444444444444444,0.1666666666666666,4,Stagnant Mid-Seniors
33,No,Travel_Frequently,Research & Development,6,3,3,3,2,Healthcare Representative,4,Divorced,7725,3,23,3,1,2,1,13,4,0.1749190938511327,0.3333333333333333,0.1666666666666666,3.997967680121839,3.25,2.6,0.7857142857142857,0.5,0.1428571428571428,0,Disengaged Juniors
54,No,Travel_Rarely,Human Resources,19,4,3,3,3,Human Resources,2,Married,10725,2,15,3,1,1,4,9,7,0.1386573426573427,0.25,0.1666666666666666,1.0927862313650738,3.0,1.125,0.7,0.1,0.1,2,Senior Stable
36,No,Travel_Rarely,Research & Development,9,2,2,2,2,Manufacturing Director,2,Divorced,8847,2,11,3,1,2,3,3,0,0.1264665988470668,0.25,0.8333333333333334,1.6937998579168,1.0,3.0,0.5,0.5,0.5,1,Overworked Juniors
27,No,Travel_Rarely,Research & Development,3,4,1,2,1,Research Scientist,4,Single,2045,0,13,4,0,0,3,4,1,0.1158435207823961,0.2916666666666667,0.125,2.3971571922384523,4.0,2.0,0.4,0.2,0.0,0,Disengaged Juniors
20,Yes,Travel_Rarely,Research & Development,10,1,4,3,1,Research Scientist,3,Single,1009,1,11,4,0,5,3,1,1,0.1511793855302279,0.2083333333333333,0.8333333333333334,2.0231672787760764,0.5,0.5,0.0,0.5,2.5,1,Overworked Juniors
33,Yes,Travel_Frequently,Research & Development,3,3,1,3,1,Research Scientist,1,Single,3348,1,11,1,0,3,3,10,9,0.1731123058542413,0.125,0.625,1.02684311691539,5.0,1.0,0.7272727272727273,0.6363636363636364,0.2727272727272727,1,Overworked Juniors
35,No,Non-Travel,Research & Development,3,3,3,2,1,Laboratory Technician,3,Married,1281,1,18,3,2,3,3,1,0,0.1526932084309132,0.2083333333333333,0.0833333333333333,1.5175791585139242,0.5,1.0,0.0,0.0,1.5,0,Disengaged Juniors
23,No,Travel_Rarely,Research & Development,4,3,1,4,1,Research Scientist,1,Married,2819,2,16,1,1,3,4,3,0,0.0628662646328484,0.2083333333333333,0.125,1.816282674315561,1.0,3.0,0.5,0.5,0.75,0,Disengaged Juniors
25,No,Travel_Rarely,Sales,8,3,4,4,2,Sales Executive,2,Married,4851,0,22,3,1,4,3,3,1,0.1615501958359101,0.3333333333333333,0.0416666666666666,3.602019548236953,3.0,1.5,0.5,0.5,1.0,0,Disengaged Juniors
38,No,Travel_Rarely,Sales,7,4,4,2,2,Sales Executive,4,Single,4028,0,20,1,0,2,3,7,0,0.0827557100297915,0.3333333333333333,0.1666666666666666,4.47238375920817,7.0,7.0,0.875,0.625,0.25,3,High Potential Fast Trackers
29,No,Travel_Frequently,Research & Development,1,4,2,1,1,Research Scientist,4,Divorced,2720,1,18,4,1,5,3,10,2,0.0966911764705882,0.3333333333333333,0.0416666666666666,3.218848475924017,5.0,3.333333333333333,0.6363636363636364,0.7272727272727273,0.4545454545454545,0,Disengaged Juniors
48,No,Travel_Rarely,Sales,2,1,2,4,2,Sales Executive,2,Married,8120,3,12,4,0,3,3,2,2,0.099155172413793,0.2083333333333333,0.0416666666666666,1.5846740108573558,0.5,0.6666666666666666,0.6666666666666666,0.6666666666666666,1.0,0,Disengaged Juniors
27,No,Travel_Frequently,Sales,3,1,4,4,2,Sales Executive,4,Divorced,4647,1,20,2,2,3,3,6,0,0.1545427157305788,0.3333333333333333,0.7083333333333334,4.781516354067719,3.0,6.0,0.7142857142857143,0.5714285714285714,0.4285714285714285,1,Overworked Juniors
37,No,Travel_Rarely,Research & Development,10,2,4,4,1,Research Scientist,4,Single,4680,3,17,1,0,2,3,1,0,0.0781367521367522,0.2916666666666667,0.0416666666666666,1.881556934320121,0.25,1.0,0.0,0.0,1.0,0,Disengaged Juniors
50,No,Travel_Rarely,Research & Development,28,1,4,4,1,Laboratory Technician,3,Married,3221,1,11,3,3,3,3,20,3,0.1766345855324433,0.1666666666666666,0.625,0.8650085428479856,10.0,5.0,0.3809523809523809,0.3809523809523809,0.1428571428571428,1,Overworked Juniors
34,No,Travel_Rarely,Research & Development,9,3,4,2,3,Healthcare Representative,2,Single,8621,1,14,2,0,3,4,8,7,0.1757174341723698,0.2083333333333333,0.0416666666666666,1.3659814357599265,4.0,1.0,0.7777777777777778,0.7777777777777778,0.3333333333333333,4,Stagnant Mid-Seniors
24,Yes,Travel_Rarely,Sales,3,2,1,3,2,Sales Executive,3,Single,4577,9,14,1,0,3,3,2,2,0.1089163207341053,0.2083333333333333,0.0416666666666666,2.071751382269352,0.2,0.6666666666666666,0.6666666666666666,0.0,1.0,0,Disengaged Juniors
39,No,Travel_Rarely,Research & Development,2,4,4,2,2,Healthcare Representative,3,Single,4553,1,11,1,0,4,3,20,11,0.0963145179002856,0.2916666666666667,0.0416666666666666,1.4581058279013908,10.0,1.6666666666666667,0.3333333333333333,0.4761904761904761,0.1904761904761904,4,Stagnant Mid-Seniors
32,No,Travel_Rarely,Sales,10,3,4,3,2,Sales Executive,4,Single,5396,1,12,4,0,2,2,10,0,0.1250500370644923,0.2916666666666667,0.2083333333333333,1.8828900088400369,5.0,10.0,0.6363636363636364,0.7272727272727273,0.1818181818181818,3,High Potential Fast Trackers
50,Yes,Travel_Frequently,Sales,8,2,2,3,2,Sales Executive,3,Married,6796,3,14,1,1,4,3,4,1,0.1500014714537963,0.2916666666666667,0.75,1.5538880855595036,1.0,2.0,0.6,0.6,0.8,1,Overworked Juniors
38,No,Travel_Rarely,Research & Development,1,4,2,4,2,Healthcare Representative,4,Single,7625,0,13,3,0,4,2,9,1,0.128440655737705,0.25,0.125,1.280786035489336,9.0,4.5,0.7,0.8,0.4,3,High Potential Fast Trackers
27,No,Travel_Rarely,Research & Development,1,2,3,3,3,Manufacturing Director,1,Married,7412,1,11,4,0,3,3,9,0,0.1381098219104155,0.2083333333333333,0.0416666666666666,1.6288205361563215,4.5,9.0,0.7,0.7,0.3,3,High Potential Fast Trackers
32,No,Travel_Rarely,Research & Development,3,2,3,3,3,Research Director,4,Single,11159,3,15,4,0,6,3,7,7,0.1320736625145621,0.2916666666666667,0.1666666666666666,1.5068320305022973,1.75,0.875,0.875,0.875,0.75,4,Stagnant Mid-Seniors
47,No,Travel_Rarely,Sales,14,4,4,3,2,Sales Executive,1,Single,4960,2,12,4,0,2,3,7,1,0.1000967741935483,0.3333333333333333,0.1666666666666666,2.153215727399405,2.333333333333333,3.5,0.875,0.875,0.25,0,Disengaged Juniors
40,No,Travel_Frequently,Sales,5,4,4,2,3,Sales Executive,1,Married,10475,5,21,3,1,2,3,18,1,0.1546310262529833,0.3333333333333333,0.7083333333333334,3.595637369001761,3.0,9.0,0.6842105263157895,0.631578947368421,0.1052631578947368,3,High Potential Fast Trackers
53,No,Travel_Rarely,Research & Development,7,3,3,4,4,Research Director,3,Married,14814,3,19,3,0,3,3,5,1,0.0714466045632509,0.2083333333333333,0.0416666666666666,1.432425370773034,1.25,2.5,0.1666666666666666,0.5,0.5,2,Senior Stable
41,No,Travel_Rarely,Human Resources,10,4,2,2,5,Manager,4,Divorced,19141,3,15,2,3,2,2,21,12,0.068815108928478,0.2916666666666667,0.0833333333333333,1.4469615764890316,5.25,1.6153846153846154,0.2727272727272727,0.2727272727272727,0.0909090909090909,4,Stagnant Mid-Seniors
60,No,Travel_Rarely,Sales,16,4,1,3,2,Sales Executive,1,Single,5405,8,14,4,0,1,3,2,2,0.0958908418131359,0.2916666666666667,0.0416666666666666,2.405614616151246,0.2222222222222222,0.6666666666666666,0.6666666666666666,0.6666666666666666,0.3333333333333333,0,Disengaged Juniors
27,No,Travel_Frequently,Research & Development,10,2,4,3,3,Manufacturing Director,1,Divorced,8793,1,21,3,2,4,2,9,1,0.1295246218582963,0.3333333333333333,0.0,4.752137915900075,4.5,4.5,0.7,0.7,0.4,0,Disengaged Juniors
41,No,Travel_Rarely,Human Resources,1,3,4,2,5,Manager,3,Married,19189,1,12,2,1,3,3,22,2,0.1640194903330032,0.2916666666666667,0.0833333333333333,1.6564036942863405,11.0,7.333333333333333,0.3043478260869565,0.4347826086956521,0.1304347826086956,2,Senior Stable
50,No,Travel_Rarely,Sales,8,4,4,3,1,Sales Representative,2,Married,3875,7,15,4,1,2,3,2,2,0.1422683870967742,0.25,0.2083333333333333,1.6192124202035263,0.25,0.6666666666666666,0.6666666666666666,0.6666666666666666,0.6666666666666666,0,Disengaged Juniors
28,Yes,Travel_Rarely,Research & Development,1,2,1,1,1,Research Scientist,2,Single,2216,7,13,4,0,4,3,7,3,0.0602527075812274,0.3333333333333333,0.875,2.4928564354167064,0.875,1.75,0.875,0.875,0.5,1,Overworked Juniors
36,No,Non-Travel,Research & Development,8,3,1,4,3,Research Director,1,Married,11713,9,14,1,1,2,3,8,0,0.1568018441048408,0.2083333333333333,0.1666666666666666,1.902745717446988,0.8,8.0,0.7777777777777778,0.5555555555555556,0.2222222222222222,3,High Potential Fast Trackers
38,No,Travel_Rarely,Research & Development,1,3,3,3,3,Manufacturing Director,3,Single,7861,4,14,4,0,4,4,1,0,0.0937806894797098,0.2916666666666667,0.6666666666666666,2.726559757908792,0.2,1.0,0.0,0.0,2.0,1,Overworked Juniors
44,No,Non-Travel,Research & Development,24,3,1,1,1,Laboratory Technician,3,Single,3708,2,14,3,0,5,3,5,1,0.0981256742179072,0.25,0.0416666666666666,1.06690982211641,1.6666666666666667,2.5,0.3333333333333333,0.6666666666666666,0.8333333333333334,0,Disengaged Juniors
47,No,Travel_Frequently,Sales,3,3,4,3,4,Sales Executive,3,Divorced,13770,9,12,4,2,2,2,22,11,0.1448540305010892,0.2916666666666667,0.5833333333333334,2.904056315391763,2.2,1.8333333333333333,0.0869565217391304,0.5652173913043478,0.0869565217391304,4,Stagnant Mid-Seniors
30,No,Travel_Rarely,Sales,27,5,3,3,2,Sales Executive,4,Divorced,5304,7,23,4,1,2,2,8,7,0.173129713423831,0.3333333333333333,0.25,5.27519141764154,1.0,1.0,0.7777777777777778,0.7777777777777778,0.2222222222222222,0,Disengaged Juniors
29,No,Travel_Rarely,Sales,10,3,3,3,1,Sales Representative,3,Single,2642,1,11,3,0,6,3,1,0,0.1318054504163512,0.25,0.0,1.345359242628324,0.5,1.0,0.0,0.0,3.0,0,Disengaged Juniors
42,Yes,Travel_Frequently,Research & Development,19,3,3,4,1,Research Scientist,3,Divorced,2759,6,12,4,0,2,3,2,2,0.0754150054367525,0.25,0.875,2.4414795436077497,0.2857142857142857,0.6666666666666666,0.6666666666666666,0.6666666666666666,0.6666666666666666,1,Overworked Juniors
43,No,Travel_Frequently,Sales,15,3,4,2,2,Sales Executive,4,Married,6804,3,18,3,1,5,3,2,2,0.1116416813639035,0.2083333333333333,0.0833333333333333,1.901521486364788,0.5,0.6666666666666666,0.6666666666666666,0.6666666666666666,1.6666666666666667,0,Disengaged Juniors
34,No,Travel_Rarely,Research & Development,8,2,2,3,2,Healthcare Representative,3,Single,6142,3,11,4,0,2,3,5,4,0.055556821882123,0.2916666666666667,0.125,1.8193397928856212,1.25,1.0,0.1666666666666666,0.5,0.3333333333333333,0,Disengaged Juniors
23,No,Travel_Rarely,Research & Development,9,1,2,3,1,Laboratory Technician,1,Married,2500,1,14,4,1,2,4,4,0,0.1661719999999999,0.2916666666666667,0.0416666666666666,1.3722219374310531,2.0,4.0,0.6,0.4,0.4,0,Disengaged Juniors
39,No,Travel_Rarely,Human Resources,3,3,3,4,2,Human Resources,2,Married,6389,9,15,3,1,3,1,8,3,0.1551259978087338,0.25,0.0833333333333333,1.3147929211562848,0.8,2.0,0.3333333333333333,0.6666666666666666,0.3333333333333333,0,Disengaged Juniors
56,No,Travel_Rarely,Research & Development,9,3,3,3,4,Healthcare Representative,4,Married,11103,7,11,3,0,1,2,10,1,0.1394641087994235,0.25,0.1666666666666666,1.252141936864609,1.25,5.0,0.6363636363636364,0.0909090909090909,0.0909090909090909,2,Senior Stable
40,No,Travel_Rarely,Research & Development,2,1,4,2,1,Research Scientist,4,Single,2342,0,20,4,0,2,2,4,2,0.1596968403074296,0.3333333333333333,0.625,7.305112748557898,4.0,1.3333333333333333,0.4,0.6,0.4,1,Overworked Juniors
27,No,Travel_Rarely,Research & Development,7,3,4,2,2,Healthcare Representative,1,Single,6811,8,19,1,0,2,1,7,0,0.1362971663485537,0.2916666666666667,0.0416666666666666,2.5743477348493595,0.7777777777777778,7.0,0.75,0.875,0.25,0,Disengaged Juniors
29,No,Travel_Rarely,Sales,10,3,4,3,1,Sales Representative,2,Divorced,2297,1,14,4,2,2,3,2,2,0.0665650848933391,0.2916666666666667,0.0416666666666666,2.236191709982107,1.0,0.6666666666666666,0.6666666666666666,0.6666666666666666,0.6666666666666666,0,Disengaged Juniors
53,No,Travel_Rarely,Research & Development,6,3,4,3,2,Laboratory Technician,4,Single,2450,2,17,4,0,4,3,2,2,0.1283061224489795,0.2916666666666667,0.125,2.321014763744921,0.6666666666666666,0.6666666666666666,0.6666666666666666,0.6666666666666666,1.3333333333333333,0,Disengaged Juniors
35,No,Non-Travel,Research & Development,2,4,4,3,2,Healthcare Representative,1,Divorced,5093,2,11,1,1,2,4,1,0,0.1034243078735518,0.1666666666666666,0.2083333333333333,0.9054876362356814,0.3333333333333333,1.0,0.0,0.0,1.0,0,Disengaged Juniors
32,No,Travel_Frequently,Research & Development,24,4,1,3,2,Laboratory Technician,4,Married,5309,1,15,4,2,2,3,10,4,0.1176116029384064,0.2916666666666667,0.125,2.5061138896253032,5.0,2.0,0.7272727272727273,0.6363636363636364,0.1818181818181818,0,Disengaged Juniors
38,No,Travel_Rarely,Research & Development,2,5,4,3,1,Research Scientist,3,Married,3057,6,13,2,1,0,1,1,0,0.168449460255152,0.25,0.7083333333333334,2.472298152627296,0.1428571428571428,1.0,0.0,0.5,0.0,1,Overworked Juniors
34,No,Travel_Rarely,Research & Development,8,5,2,3,2,Manufacturing Director,1,Divorced,5121,3,14,3,1,3,3,0,0,0.1364850615114234,0.3333333333333333,0.0833333333333333,3.260068699282056,0.0,0.0,0.0,0.0,3.0,0,Disengaged Juniors
52,No,Travel_Rarely,Sales,3,4,3,2,4,Manager,1,Married,16856,1,11,1,0,3,4,34,1,0.1068195301376364,0.25,0.125,1.2722099484740246,17.0,17.0,0.1714285714285714,0.4571428571428571,0.0857142857142857,3,High Potential Fast Trackers
33,Yes,Travel_Rarely,Research & Development,1,4,4,3,1,Research Scientist,4,Single,2686,1,13,3,0,2,2,10,7,0.1377624720774386,0.2916666666666667,0.8333333333333334,2.163242774408729,5.0,1.25,0.8181818181818182,0.7272727272727273,0.1818181818181818,1,Overworked Juniors
25,No,Travel_Rarely,Sales,26,1,3,3,2,Sales Executive,4,Single,6180,1,23,2,0,5,2,6,1,0.0654805825242718,0.3333333333333333,0.125,5.68570429102947,3.0,3.0,0.7142857142857143,0.5714285714285714,0.7142857142857143,0,Disengaged Juniors
45,No,Travel_Rarely,Sales,2,2,2,1,2,Sales Representative,3,Single,6632,0,13,1,0,3,3,8,3,0.1687696019300361,0.3333333333333333,0.0,1.4896502433250285,8.0,2.0,0.7777777777777778,0.1111111111111111,0.3333333333333333,0,Disengaged Juniors
23,No,Travel_Rarely,Research & Development,10,1,1,4,1,Research Scientist,3,Single,3505,1,18,4,0,3,3,2,0,0.1783024251069899,0.25,0.1666666666666666,1.3638775708214106,1.0,2.0,0.6666666666666666,0.6666666666666666,1.0,0,Disengaged Juniors
47,Yes,Travel_Frequently,Sales,27,2,2,4,2,Sales Executive,3,Single,6397,4,12,4,0,2,3,5,1,0.0886806315460372,0.2083333333333333,0.5833333333333334,1.7759918594804716,1.0,2.5,0.6666666666666666,0.5,0.3333333333333333,1,Overworked Juniors
34,No,Travel_Rarely,Sales,2,3,4,3,2,Sales Executive,4,Single,6274,1,22,3,0,5,3,6,1,0.1704096270321963,0.3333333333333333,0.0833333333333333,6.418156685866146,3.0,3.0,0.7142857142857143,0.5714285714285714,0.7142857142857143,0,Disengaged Juniors
55,Yes,Travel_Rarely,Research & Development,2,3,4,3,5,Manager,1,Married,19859,5,13,4,1,2,3,5,1,0.1200402840022156,0.25,0.5,1.4467898401461687,0.8333333333333334,2.5,0.3333333333333333,0.6666666666666666,0.3333333333333333,2,Senior Stable
36,No,Non-Travel,Sales,8,4,1,2,3,Sales Executive,1,Single,7587,1,15,2,0,1,3,10,0,0.1469961776723342,0.2916666666666667,0.0833333333333333,1.3849535252645682,5.0,10.0,0.6363636363636364,0.8181818181818182,0.0909090909090909,3,High Potential Fast Trackers
52,No,Non-Travel,Research & Development,19,4,4,3,1,Research Scientist,4,Married,4258,0,18,1,1,3,3,4,1,0.1689525598872709,0.2083333333333333,0.0416666666666666,0.9464397860406696,4.0,2.0,0.6,0.4,0.6,0,Disengaged Juniors
26,No,Travel_Frequently,Research & Development,1,2,1,1,1,Laboratory Technician,4,Divorced,4364,3,14,1,1,2,3,2,2,0.1684326306141154,0.2083333333333333,0.0833333333333333,1.4283884812902148,0.5,0.6666666666666666,0.6666666666666666,0.0,0.6666666666666666,0,Disengaged Juniors
29,No,Travel_Rarely,Research & Development,27,3,2,3,2,Healthcare Representative,3,Married,4335,4,12,1,1,3,2,8,1,0.067598615916955,0.3333333333333333,0.125,3.31150291628558,1.6,4.0,0.7777777777777778,0.1111111111111111,0.3333333333333333,0,Disengaged Juniors
26,Yes,Travel_Rarely,Sales,8,3,4,2,2,Sales Executive,1,Single,5326,6,17,3,0,2,2,4,1,0.1632519714607584,0.2083333333333333,0.0,1.8145579812193584,0.5714285714285714,2.0,0.6,0.4,0.4,0,Disengaged Juniors
34,No,Travel_Rarely,Research & Development,1,4,2,4,1,Research Scientist,4,Single,3280,2,16,3,0,2,3,4,1,0.0789176829268292,0.2083333333333333,0.0833333333333333,1.1280492883066122,1.3333333333333333,2.0,0.4,0.6,0.4,0,Disengaged Juniors
54,No,Travel_Rarely,Research & Development,19,4,4,3,2,Manufacturing Director,1,Divorced,5485,9,11,2,2,4,3,5,1,0.1419453053783044,0.25,0.625,1.7325589523975533,0.5,2.5,0.5,0.6666666666666666,0.6666666666666666,1,Overworked Juniors
27,No,Travel_Frequently,Sales,8,1,3,3,2,Sales Executive,4,Married,4342,0,19,2,1,3,3,4,1,0.1657093505297098,0.25,0.125,2.033345913668753,4.0,2.0,0.4,0.2,0.6,0,Disengaged Juniors
37,No,Travel_Rarely,Research & Development,10,1,4,3,1,Research Scientist,1,Divorced,2782,0,13,2,2,3,2,5,4,0.1143421998562185,0.3333333333333333,0.7916666666666666,1.6208836542163765,5.0,1.0,0.5,0.5,0.5,1,Overworked Juniors
38,No,Travel_Frequently,Research & Development,2,4,1,4,2,Manufacturing Director,1,Single,5980,6,12,4,0,2,3,15,4,0.0508177257525084,0.25,0.7083333333333334,1.399697062553129,2.142857142857143,3.0,0.4375,0.75,0.125,1,Overworked Juniors
34,No,Travel_Rarely,Research & Development,2,4,3,2,1,Research Scientist,1,Single,4381,1,11,3,0,3,3,6,1,0.1111412919424788,0.2083333333333333,0.0416666666666666,0.941768633637189,3.0,3.0,0.7142857142857143,0.4285714285714285,0.4285714285714285,0,Disengaged Juniors
35,No,Travel_Rarely,Sales,8,4,1,3,1,Sales Representative,4,Married,2572,1,16,2,1,1,2,3,0,0.0778071539657853,0.2083333333333333,0.1666666666666666,1.2977191130937678,1.5,3.0,0.5,0.5,0.25,0,Disengaged Juniors
30,No,Travel_Rarely,Research & Development,1,3,4,1,1,Laboratory Technician,3,Married,3833,3,21,3,2,2,3,2,0,0.0851552308896424,0.3333333333333333,0.2083333333333333,7.160241874527588,0.5,2.0,0.6666666666666666,0.6666666666666666,0.6666666666666666,0,Disengaged Juniors
40,No,Travel_Frequently,Research & Development,2,2,3,4,2,Healthcare Representative,2,Married,4244,1,24,4,1,2,3,8,3,0.1466918001885015,0.3333333333333333,0.125,7.351475785287333,4.0,2.0,0.7777777777777778,0.7777777777777778,0.2222222222222222,0,Disengaged Juniors
34,No,Travel_Rarely,Sales,8,2,3,3,2,Sales Executive,1,Married,6500,5,17,2,1,1,3,3,1,0.1444784615384615,0.2083333333333333,0.1666666666666666,1.764369041688094,0.5,1.5,0.5,0.5,0.25,0,Disengaged Juniors
42,No,Travel_Frequently,Research & Development,8,3,2,3,5,Manager,4,Divorced,18430,1,13,2,1,4,2,24,14,0.0683977211068909,0.3333333333333333,0.125,2.479998848489854,12.0,1.6,0.28,0.36,0.16,4,Stagnant Mid-Seniors
23,Yes,Travel_Rarely,Research & Development,6,3,3,4,1,Laboratory Technician,1,Married,1601,1,21,3,2,2,3,0,0,0.1167332916926921,0.3333333333333333,0.6666666666666666,5.719178452728375,0.0,0.0,0.0,0.0,2.0,1,Overworked Juniors
24,No,Non-Travel,Research & Development,9,3,3,2,1,Laboratory Technician,2,Divorced,2694,1,11,3,3,4,3,1,0,0.1217149220489978,0.3333333333333333,0.1666666666666666,1.9974107314683605,0.5,1.0,0.0,0.0,2.0,0,Disengaged Juniors
52,No,Travel_Rarely,Research & Development,11,4,4,3,2,Laboratory Technician,3,Married,3149,8,20,2,1,3,3,5,1,0.1675770085741504,0.3333333333333333,0.125,7.166393475492996,0.5555555555555556,2.5,0.3333333333333333,0.6666666666666666,0.5,0,Disengaged Juniors
50,No,Travel_Rarely,Research & Development,2,3,3,3,4,Research Director,3,Married,17639,5,16,4,0,3,3,4,0,0.1148988037870628,0.2916666666666667,0.0,2.498293987137752,0.6666666666666666,4.0,0.6,0.6,0.6,2,Senior Stable
29,Yes,Travel_Rarely,Research & Development,1,2,2,2,1,Laboratory Technician,1,Married,2319,1,11,4,1,1,3,1,0,0.1607977576541612,0.2916666666666667,0.7083333333333334,1.9436253997228248,0.5,1.0,0.0,0.0,0.5,1,Overworked Juniors
33,No,Travel_Rarely,Research & Development,7,3,3,3,3,Research Director,3,Married,11691,0,11,4,0,3,4,13,3,0.07127191856984,0.2916666666666667,0.1666666666666666,1.6286474074652864,13.0,3.25,0.6428571428571429,0.5,0.2142857142857142,4,Stagnant Mid-Seniors
33,Yes,Travel_Rarely,Sales,16,3,1,3,2,Sales Executive,1,Single,5324,5,15,3,0,3,3,3,0,0.1600770097670924,0.25,0.0416666666666666,2.293972143790683,0.5,3.0,0.5,0.5,0.75,0,Disengaged Juniors
47,No,Travel_Rarely,Research & Development,2,2,3,3,4,Manager,4,Married,16752,1,11,3,1,3,2,26,3,0.1549862702960841,0.25,0.5,1.0673971786480452,13.0,6.5,0.5185185185185185,0.0,0.1111111111111111,3,High Potential Fast Trackers
36,No,Travel_Rarely,Research & Development,1,3,3,3,2,Manufacturing Director,2,Married,5228,0,15,1,1,2,3,9,0,0.0767846212700842,0.1666666666666666,0.0833333333333333,1.1008290650459227,9.0,9.0,0.7,0.5,0.2,3,High Potential Fast Trackers
29,No,Travel_Rarely,Research & Development,23,2,3,4,1,Research Scientist,3,Married,2700,1,24,3,1,3,3,10,0,0.158874074074074,0.3333333333333333,0.0833333333333333,3.5161257655509544,5.0,10.0,0.6363636363636364,0.6363636363636364,0.2727272727272727,3,High Potential Fast Trackers
58,Yes,Travel_Rarely,Research & Development,2,4,4,3,5,Research Director,2,Single,19246,7,12,4,0,2,3,31,13,0.1791307284630572,0.3333333333333333,0.4583333333333333,2.5742718890553253,3.875,2.2142857142857144,0.46875,0.25,0.0625,4,Stagnant Mid-Seniors
35,No,Travel_Rarely,Research & Development,1,4,4,4,1,Research Scientist,3,Single,2506,3,13,3,0,0,3,2,2,0.0703511572226656,0.2916666666666667,0.0,2.676638735966085,0.5,0.6666666666666666,0.6666666666666666,0.6666666666666666,0.0,0,Disengaged Juniors
42,No,Travel_Rarely,Research & Development,1,2,4,2,2,Manufacturing Director,4,Married,6062,9,13,4,1,4,3,4,0,0.061793137578357,0.25,0.625,1.0122981223008491,0.4,4.0,0.6,0.4,0.8,1,Overworked Juniors
28,Yes,Travel_Rarely,Research & Development,2,4,3,3,1,Research Scientist,3,Single,4382,6,17,4,0,3,2,2,2,0.1555727978092196,0.2916666666666667,0.0833333333333333,2.0027253227574757,0.2857142857142857,0.6666666666666666,0.6666666666666666,0.3333333333333333,1.0,0,Disengaged Juniors
36,No,Travel_Rarely,Human Resources,13,3,3,3,1,Human Resources,2,Married,2143,4,13,2,1,2,3,5,0,0.0594773681754549,0.25,0.0,1.4560752171747615,1.0,5.0,0.3333333333333333,0.6666666666666666,0.3333333333333333,0,Disengaged Juniors
32,No,Travel_Rarely,Research & Development,4,3,3,2,2,Manufacturing Director,3,Married,6162,1,12,3,1,3,3,14,6,0.0783252190847128,0.25,0.0833333333333333,1.793522735081177,7.0,2.0,0.8666666666666667,0.5333333333333333,0.2,0,Disengaged Juniors
40,No,Travel_Frequently,Research & Development,16,4,1,2,2,Laboratory Technician,3,Single,5094,6,14,4,0,6,3,1,0,0.1034943070278759,0.2916666666666667,0.0416666666666666,1.2640408198964197,0.1428571428571428,1.0,0.0,0.0,3.0,0,Disengaged Juniors
30,No,Travel_Rarely,Research & Development,2,3,3,2,2,Manufacturing Director,4,Single,6877,5,24,2,0,4,2,0,0,0.1513276137850807,0.3333333333333333,0.7916666666666666,4.009988081321184,0.0,0.0,0.0,0.0,4.0,1,Overworked Juniors
45,No,Travel_Rarely,Research & Development,2,3,2,2,1,Research Scientist,3,Single,2274,1,14,4,0,3,3,1,0,0.1144107299912049,0.2083333333333333,0.125,0.924198616696615,0.5,1.0,0.0,0.0,1.5,0,Disengaged Juniors
42,No,Travel_Rarely,Research & Development,29,3,2,3,2,Manufacturing Director,2,Married,4434,1,13,4,1,3,2,9,7,0.1463870094722598,0.3333333333333333,0.0833333333333333,2.8779571010301424,4.5,1.125,0.8,0.8,0.3,0,Disengaged Juniors
38,No,Travel_Frequently,Research & Development,12,3,1,2,2,Healthcare Representative,1,Divorced,6288,2,15,3,1,3,2,4,1,0.0962674936386768,0.2083333333333333,0.0833333333333333,1.0641386659430123,1.3333333333333333,2.0,0.6,0.4,0.6,0,Disengaged Juniors
34,No,Travel_Frequently,Research & Development,16,4,3,2,1,Research Scientist,4,Single,2553,1,16,3,0,3,3,5,1,0.0792714453584019,0.25,0.0416666666666666,2.3707226522195186,2.5,2.5,0.3333333333333333,0.5,0.5,0,Disengaged Juniors
49,Yes,Travel_Rarely,Sales,11,3,3,3,3,Sales Executive,4,Married,7654,1,18,1,2,3,4,9,7,0.1269728246668409,0.2916666666666667,0.0833333333333333,1.4100559894593625,4.5,1.125,0.8,0.7,0.3,4,Stagnant Mid-Seniors
55,Yes,Travel_Rarely,Sales,2,1,3,3,2,Sales Executive,4,Single,5160,4,16,3,0,3,2,9,7,0.123625968992248,0.2083333333333333,0.0833333333333333,1.97368814396846,1.8,1.125,0.7,0.3,0.3,0,Disengaged Juniors
43,No,Travel_Rarely,Research & Development,14,2,2,3,4,Research Director,1,Married,17159,6,24,3,1,3,3,4,1,0.0579410222040911,0.3333333333333333,0.125,4.007594896406362,0.5714285714285714,2.0,0.2,0.0,0.6,2,Senior Stable
27,No,Travel_Rarely,Research & Development,5,1,3,2,3,Research Director,4,Divorced,12808,1,16,2,1,3,3,9,0,0.1208830418488445,0.2083333333333333,0.75,1.7235401395397194,4.5,9.0,0.8,0.8,0.3,3,High Potential Fast Trackers
35,No,Travel_Rarely,Research & Development,7,3,3,3,3,Manufacturing Director,3,Single,10221,3,21,2,0,3,4,8,1,0.0967058017806477,0.3333333333333333,0.0,5.485149828320581,2.0,4.0,0.5555555555555556,0.6666666666666666,0.3333333333333333,0,Disengaged Juniors
28,No,Travel_Rarely,Sales,2,4,2,3,2,Sales Executive,2,Married,4779,1,20,1,0,2,3,8,7,0.0955471856036827,0.3333333333333333,0.5833333333333334,6.402494004275426,4.0,1.0,0.7777777777777778,0.5555555555555556,0.2222222222222222,1,Overworked Juniors
34,No,Travel_Rarely,Human Resources,3,2,3,3,1,Human Resources,4,Married,3737,0,19,3,1,1,1,3,0,0.0721300508429221,0.2083333333333333,0.25,1.6983552257708356,3.0,3.0,0.5,0.5,0.25,0,Disengaged Juniors
26,Yes,Travel_Frequently,Research & Development,5,2,3,2,1,Research Scientist,3,Married,2366,1,14,1,1,2,3,8,1,0.1131614539306846,0.1666666666666666,0.6666666666666666,0.7102759100862073,4.0,4.0,0.7777777777777778,0.7777777777777778,0.2222222222222222,1,Overworked Juniors
27,No,Non-Travel,Research & Development,3,3,4,3,1,Research Scientist,4,Married,1706,1,11,3,3,6,2,0,0,0.1720281359906213,0.2083333333333333,0.0416666666666666,1.7002520591124497,0.0,0.0,0.0,0.0,6.0,0,Disengaged Juniors
51,No,Travel_Rarely,Sales,26,4,1,3,4,Manager,3,Married,16307,2,14,3,1,2,2,20,4,0.0737578953823511,0.3333333333333333,0.0416666666666666,3.107036342238423,6.666666666666667,4.0,0.2857142857142857,0.8095238095238095,0.0952380952380952,2,Senior Stable
44,No,Travel_Rarely,Research & Development,4,3,4,3,2,Healthcare Representative,2,Single,5933,9,12,4,0,2,2,5,2,0.0795280633743469,0.3333333333333333,0.1666666666666666,3.0919980615553744,0.5,1.6666666666666667,0.3333333333333333,0.5,0.3333333333333333,0,Disengaged Juniors
25,No,Travel_Rarely,Research & Development,2,1,1,4,1,Research Scientist,1,Single,3424,7,13,3,0,3,2,4,0,0.0833323598130841,0.2916666666666667,0.0833333333333333,1.8931238996440052,0.5,4.0,0.6,0.2,0.6,0,Disengaged Juniors
33,No,Travel_Rarely,Sales,1,3,1,4,2,Sales Executive,1,Divorced,4037,1,22,1,1,5,3,9,0,0.0796259598711914,0.3333333333333333,0.0416666666666666,4.352752658265295,4.5,9.0,0.8,0.8,0.5,3,High Potential Fast Trackers
35,No,Travel_Rarely,Research & Development,27,1,3,2,1,Research Scientist,1,Single,2559,1,11,4,0,3,2,6,1,0.0927823368503321,0.2083333333333333,0.0833333333333333,1.4852571629228892,3.0,3.0,0.7142857142857143,0.1428571428571428,0.4285714285714285,0,Disengaged Juniors
36,No,Travel_Rarely,Sales,1,2,2,3,2,Sales Executive,4,Married,6201,1,14,4,1,1,2,18,4,0.0538655055636188,0.2916666666666667,0.7083333333333334,1.851644473535825,9.0,3.6,0.7368421052631579,0.5789473684210527,0.0526315789473684,1,Overworked Juniors
32,No,Travel_Rarely,Sales,13,4,2,3,2,Sales Executive,4,Divorced,4403,2,11,3,1,3,2,5,0,0.1263502157619804,0.25,0.0,1.2737155145133916,1.6666666666666667,5.0,0.3333333333333333,0.5,0.5,0,Disengaged Juniors
30,No,Travel_Frequently,Research & Development,5,4,2,2,1,Research Scientist,4,Divorced,3761,9,12,2,1,3,2,5,0,0.1555251262961978,0.25,0.0833333333333333,2.04605812557898,0.5,5.0,0.6666666666666666,0.5,0.5,0,Disengaged Juniors
53,No,Travel_Rarely,Sales,7,2,1,2,3,Sales Executive,4,Married,10934,7,18,4,1,3,3,5,0,0.1717989756722151,0.2916666666666667,0.7083333333333334,2.8904441338138174,0.625,5.0,0.3333333333333333,0.6666666666666666,0.5,2,Senior Stable
45,No,Travel_Rarely,Sales,9,3,4,3,3,Sales Executive,1,Divorced,10761,4,12,3,1,2,3,5,0,0.1201784220797323,0.2083333333333333,0.8333333333333334,1.3906342414574824,1.0,5.0,0.6666666666666666,0.3333333333333333,0.3333333333333333,1,Overworked Juniors
32,No,Travel_Rarely,Research & Development,8,2,3,4,2,Research Scientist,3,Married,5175,5,12,3,1,3,2,5,1,0.1470299516908212,0.2083333333333333,0.0416666666666666,1.9154783161855544,0.8333333333333334,2.5,0.5,0.5,0.5,0,Disengaged Juniors
52,No,Travel_Frequently,Research & Development,25,4,3,2,4,Manufacturing Director,4,Married,13826,3,22,3,0,3,3,9,0,0.0602907565456386,0.3333333333333333,0.0416666666666666,5.491465266769386,2.25,9.0,0.8,0.0,0.3,2,Senior Stable
37,No,Travel_Rarely,Sales,16,4,4,2,2,Sales Executive,3,Divorced,6334,4,19,4,2,2,3,1,0,0.1285617303441743,0.2083333333333333,0.0416666666666666,1.6900069992900808,0.2,1.0,0.0,0.0,1.0,0,Disengaged Juniors
28,No,Travel_Rarely,Human Resources,8,2,2,2,1,Human Resources,4,Divorced,4936,1,13,4,1,6,3,5,0,0.1284157212317665,0.2916666666666667,0.125,2.8647374733354662,2.5,5.0,0.1666666666666666,0.6666666666666666,1.0,0,Disengaged Juniors
22,No,Travel_Rarely,Research & Development,1,2,4,2,2,Manufacturing Director,4,Married,4775,6,22,1,2,2,1,2,2,0.1407916230366491,0.3333333333333333,0.0416666666666666,7.092644466196536,0.2857142857142857,0.6666666666666666,0.6666666666666666,0.6666666666666666,0.6666666666666666,0,Disengaged Juniors
44,No,Travel_Rarely,Research & Development,8,4,1,4,1,Laboratory Technician,4,Married,2818,2,24,3,1,2,2,3,0,0.0886266855926188,0.3333333333333333,0.625,6.347343129496146,1.0,3.0,0.5,0.5,0.5,1,Overworked Juniors
42,No,Travel_Frequently,Research & Development,2,1,2,3,1,Research Scientist,4,Single,2515,5,14,4,0,2,3,2,2,0.0544135188866798,0.2916666666666667,0.625,2.916421700334078,0.3333333333333333,0.6666666666666666,0.3333333333333333,0.6666666666666666,0.6666666666666666,1,Overworked Juniors
36,No,Travel_Rarely,Human Resources,8,3,1,2,1,Human Resources,1,Married,2342,0,21,3,0,3,3,5,0,0.1137233134073442,0.3333333333333333,0.0833333333333333,4.156381536705429,5.0,5.0,0.6666666666666666,0.5,0.5,0,Disengaged Juniors
25,No,Travel_Rarely,Sales,3,1,3,3,2,Sales Executive,1,Married,4194,1,18,4,0,3,3,5,0,0.1214926084883166,0.125,0.75,0.492871604561375,2.5,5.0,0.5,0.5,0.5,1,Overworked Juniors
35,No,Travel_Rarely,Research & Development,9,3,4,2,3,Manufacturing Director,3,Married,10685,1,20,2,1,2,3,17,5,0.1533224145999064,0.3333333333333333,0.7916666666666666,5.368870057903436,8.5,2.833333333333333,0.7777777777777778,0.8333333333333334,0.1111111111111111,4,Stagnant Mid-Seniors
35,Yes,Travel_Frequently,Research & Development,25,4,4,3,1,Research Scientist,2,Divorced,2022,1,19,1,1,3,2,10,7,0.0859198813056379,0.2916666666666667,0.6666666666666666,1.1899207790851838,5.0,1.25,0.1818181818181818,0.7272727272727273,0.2727272727272727,1,Overworked Juniors
32,No,Non-Travel,Research & Development,1,3,4,3,1,Laboratory Technician,4,Divorced,2314,0,12,2,1,2,3,3,0,0.1439066551426102,0.2083333333333333,0.125,1.2784384868642074,3.0,3.0,0.0,0.5,0.5,0,Disengaged Juniors
25,No,Travel_Rarely,Sales,4,1,3,2,2,Sales Executive,1,Married,4256,1,12,1,0,1,4,5,0,0.0630333646616542,0.2916666666666667,0.1666666666666666,1.7547151632170046,2.5,5.0,0.3333333333333333,0.5,0.1666666666666666,0,Disengaged Juniors
49,No,Travel_Rarely,Research & Development,1,3,3,3,1,Research Scientist,1,Married,3580,2,16,2,1,2,3,4,0,0.1007513966480447,0.2916666666666667,0.125,1.291446349824264,1.3333333333333333,4.0,0.4,0.4,0.4,0,Disengaged Juniors
24,No,Non-Travel,Research & Development,4,1,1,2,1,Laboratory Technician,4,Married,3162,0,17,4,0,2,2,5,3,0.0510879190385831,0.2916666666666667,0.1666666666666666,1.252266005771579,5.0,1.25,0.3333333333333333,0.6666666666666666,0.3333333333333333,0,Disengaged Juniors
32,No,Travel_Frequently,Sales,5,2,2,3,2,Sales Executive,2,Married,6524,1,14,4,1,3,3,10,5,0.0555901287553648,0.2916666666666667,0.0416666666666666,2.699486338245236,5.0,1.6666666666666667,0.7272727272727273,0.2727272727272727,0.2727272727272727,0,Disengaged Juniors
38,No,Travel_Rarely,Sales,9,3,2,2,1,Sales Representative,2,Married,2899,0,19,4,1,3,3,2,1,0.0694239392894102,0.25,0.1666666666666666,1.7643995962661023,2.0,1.0,0.6666666666666666,0.6666666666666666,1.0,0,Disengaged Juniors
42,No,Travel_Rarely,Research & Development,3,3,3,4,2,Laboratory Technician,4,Married,5231,2,13,2,1,1,2,5,1,0.1184534505830625,0.2916666666666667,0.875,2.1953547421791475,1.6666666666666667,2.5,0.5,0.5,0.1666666666666666,1,Overworked Juniors
31,No,Travel_Rarely,Research & Development,11,4,4,3,1,Research Scientist,4,Married,2356,3,19,2,1,2,3,6,0,0.1219864176570458,0.3333333333333333,0.875,1.739360519706305,1.5,6.0,0.5714285714285714,0.2857142857142857,0.2857142857142857,1,Overworked Juniors
29,Yes,Travel_Rarely,Sales,1,3,2,2,1,Sales Representative,3,Divorced,2800,6,19,3,3,3,3,3,0,0.1026321428571428,0.2916666666666667,0.6666666666666666,1.642138260369398,0.4285714285714285,3.0,0.5,0.5,0.75,1,Overworked Juniors
53,No,Travel_Rarely,Sales,8,3,1,3,4,Sales Executive,4,Married,11836,5,14,3,1,3,3,2,2,0.1143038188577221,0.2916666666666667,0.0416666666666666,1.2860554367863883,0.3333333333333333,0.6666666666666666,0.0,0.6666666666666666,1.0,2,Senior Stable
35,No,Travel_Rarely,Research & Development,25,3,4,2,3,Manufacturing Director,2,Married,10903,3,16,1,0,2,3,13,4,0.0783848482069154,0.3333333333333333,0.125,3.2321127029516514,3.25,2.6,0.7142857142857143,0.5714285714285714,0.1428571428571428,2,Senior Stable
37,No,Travel_Frequently,Sales,21,2,3,3,1,Sales Representative,4,Married,2973,5,15,2,1,3,3,5,0,0.1089471913891692,0.1666666666666666,0.0833333333333333,0.8113847515115765,0.8333333333333334,5.0,0.6666666666666666,0.0,0.5,0,Disengaged Juniors
53,No,Travel_Rarely,Research & Development,23,4,4,3,4,Research Director,4,Single,14275,6,18,3,0,0,3,12,3,0.0600602451838879,0.3333333333333333,0.0,2.543264871593216,1.7142857142857142,3.0,0.6923076923076923,0.6153846153846154,0.0,2,Senior Stable
43,No,Travel_Frequently,Research & Development,1,3,4,3,2,Healthcare Representative,4,Married,5562,4,13,2,1,2,2,5,2,0.0595199568500539,0.2916666666666667,0.0833333333333333,2.37868049985162,1.0,1.6666666666666667,0.3333333333333333,0.3333333333333333,0.3333333333333333,0,Disengaged Juniors
47,No,Travel_Rarely,Sales,2,2,3,3,2,Sales Executive,4,Married,4537,0,22,1,1,2,3,7,7,0.1783689662772757,0.3333333333333333,0.875,4.189069477368339,7.0,0.875,0.75,0.875,0.25,1,Overworked Juniors
37,No,Non-Travel,Sales,19,2,1,3,3,Sales Executive,2,Single,7642,1,13,4,0,2,3,10,0,0.0565898979324784,0.25,0.75,1.8103636259179632,5.0,10.0,0.0,0.8181818181818182,0.1818181818181818,3,High Potential Fast Trackers
50,No,Non-Travel,Research & Development,2,4,1,3,4,Manager,1,Divorced,17924,1,11,4,1,3,3,31,14,0.1039137469314884,0.25,0.0416666666666666,1.548153163428308,15.5,2.066666666666667,0.1875,0.21875,0.09375,4,Stagnant Mid-Seniors
39,No,Travel_Rarely,Human Resources,2,3,4,2,2,Human Resources,4,Married,5204,8,11,3,2,2,3,5,0,0.1401787086856264,0.2083333333333333,0.0416666666666666,1.7729899356496648,0.5555555555555556,5.0,0.6666666666666666,0.6666666666666666,0.3333333333333333,0,Disengaged Juniors
33,No,Travel_Rarely,Human Resources,3,2,4,3,1,Human Resources,2,Divorced,2277,3,11,3,1,4,4,4,0,0.0888888888888889,0.3333333333333333,0.7083333333333334,2.3690005646527386,1.0,4.0,0.6,0.6,0.8,1,Overworked Juniors
32,Yes,Travel_Rarely,Research & Development,25,4,1,3,1,Laboratory Technician,4,Single,2795,1,24,3,0,2,1,1,0,0.1072021466905188,0.3333333333333333,0.7083333333333334,5.195011186429358,0.5,1.0,0.0,0.5,1.0,1,Overworked Juniors
29,No,Travel_Rarely,Research & Development,7,1,1,2,1,Laboratory Technician,4,Divorced,2532,6,14,3,3,5,3,4,0,0.1340718799368087,0.3333333333333333,0.0,1.7728731105505662,0.5714285714285714,4.0,0.6,0.6,1.0,0,Disengaged Juniors
44,No,Travel_Rarely,Research & Development,9,2,2,3,1,Research Scientist,1,Married,2559,1,13,4,0,0,3,8,7,0.1232082844861273,0.2083333333333333,0.75,1.3735241204367348,4.0,1.0,0.7777777777777778,0.1111111111111111,0.0,1,Overworked Juniors
28,No,Travel_Rarely,Sales,5,4,1,3,2,Sales Executive,4,Single,4908,1,14,2,0,3,3,4,0,0.1528382233088834,0.25,0.0833333333333333,1.6310610031064747,2.0,4.0,0.4,0.4,0.6,0,Disengaged Juniors
58,Yes,Travel_Frequently,Research & Development,2,1,4,2,1,Laboratory Technician,4,Divorced,2380,9,14,4,1,3,2,1,0,0.101890756302521,0.2083333333333333,0.625,0.9716791029045994,0.1,1.0,0.0,0.0,1.5,1,Overworked Juniors
43,No,Travel_Rarely,Research & Development,8,3,1,3,2,Manufacturing Director,2,Divorced,4765,4,21,3,1,2,4,1,0,0.1288709338929695,0.3333333333333333,0.0416666666666666,4.257205328067024,0.2,1.0,0.0,0.0,1.0,0,Disengaged Juniors
20,Yes,Travel_Rarely,Sales,2,3,3,2,1,Sales Representative,3,Single,2044,1,13,4,0,3,2,2,0,0.1547015655577299,0.2083333333333333,0.125,1.930291067959158,1.0,2.0,0.6666666666666666,0.6666666666666666,1.0,0,Disengaged Juniors
21,Yes,Travel_Rarely,Research & Development,18,1,4,3,1,Research Scientist,4,Single,2693,1,19,1,0,3,2,1,0,0.1020757519494986,0.1666666666666666,0.125,1.6571304747722235,0.5,1.0,0.0,0.0,1.5,0,Disengaged Juniors
36,No,Travel_Rarely,Research & Development,14,1,3,3,2,Healthcare Representative,4,Married,6586,0,17,1,1,2,2,16,4,0.1297099908897662,0.2916666666666667,0.7083333333333334,2.0237145489618173,16.0,3.2,0.4705882352941176,0.6470588235294118,0.1176470588235294,4,Stagnant Mid-Seniors
47,No,Travel_Rarely,Sales,2,4,4,2,1,Sales Representative,4,Single,3294,1,18,1,0,3,2,3,1,0.1198816029143897,0.2916666666666667,0.75,2.179657766524352,1.5,1.5,0.5,0.5,0.75,1,Overworked Juniors
22,Yes,Travel_Rarely,Research & Development,3,1,2,3,2,Manufacturing Director,3,Married,4171,0,19,1,1,3,4,3,0,0.1492160153440422,0.1666666666666666,0.7916666666666666,1.549253087238775,3.0,3.0,0.5,0.5,0.75,1,Overworked Juniors
41,Yes,Travel_Rarely,Research & Development,2,4,2,1,1,Laboratory Technician,4,Divorced,2778,4,13,3,1,1,2,7,1,0.0660043196544277,0.25,0.625,2.1307455156950668,1.4,3.5,0.875,0.0,0.125,1,Overworked Juniors
28,No,Travel_Rarely,Research & Development,9,3,3,3,1,Research Scientist,3,Divorced,2377,5,18,2,1,2,3,2,2,0.0656373580143037,0.3333333333333333,0.0833333333333333,1.9311290911510677,0.3333333333333333,0.6666666666666666,0.6666666666666666,0.6666666666666666,0.6666666666666666,0,Disengaged Juniors
39,Yes,Travel_Rarely,Research & Development,6,3,4,3,1,Laboratory Technician,1,Married,2404,7,21,4,0,2,1,2,2,0.0781239600665557,0.3333333333333333,0.6666666666666666,6.808859625594867,0.25,0.6666666666666666,0.6666666666666666,0.6666666666666666,0.6666666666666666,1,Overworked Juniors
27,No,Travel_Rarely,Research & Development,4,3,2,3,1,Research Scientist,3,Single,2318,1,19,3,0,2,3,1,0,0.0858800690250216,0.2916666666666667,0.125,2.469139218671445,0.5,1.0,0.5,0.0,1.0,0,Disengaged Juniors
34,No,Travel_Rarely,Research & Development,10,3,2,3,1,Laboratory Technician,2,Divorced,2008,1,14,2,2,3,3,1,1,0.0619721115537848,0.3333333333333333,0.1666666666666666,1.4668032260954411,0.5,0.5,0.0,0.0,1.5,0,Disengaged Juniors
42,No,Travel_Rarely,Sales,14,2,3,2,2,Sales Executive,3,Single,6244,7,17,1,0,6,3,5,0,0.0740518898142216,0.2916666666666667,0.0833333333333333,2.0498573975982337,0.625,5.0,0.6666666666666666,0.5,1.0,0,Disengaged Juniors
33,No,Travel_Rarely,Research & Development,1,4,3,2,1,Research Scientist,1,Single,2799,3,11,2,0,1,3,3,0,0.1364308681672025,0.3333333333333333,0.7916666666666666,1.4277344936707097,0.75,3.0,0.5,0.5,0.25,1,Overworked Juniors
58,No,Travel_Rarely,Research & Development,5,3,3,2,3,Healthcare Representative,2,Divorced,10552,2,13,4,1,3,3,6,0,0.1258747156937073,0.2916666666666667,0.4583333333333333,1.9450752604369177,2.0,6.0,0.0,0.5714285714285714,0.4285714285714285,2,Senior Stable
31,No,Travel_Rarely,Sales,7,4,2,2,1,Sales Representative,3,Married,2329,3,15,2,0,2,4,7,5,0.1164147702876771,0.25,0.0,1.9293881481869295,1.75,1.1666666666666667,0.875,0.25,0.25,0,Disengaged Juniors
35,No,Travel_Rarely,Research & Development,21,1,4,3,2,Healthcare Representative,4,Married,4014,1,25,4,1,2,1,10,0,0.0887144992526159,0.3333333333333333,0.7916666666666666,4.688358519896788,5.0,10.0,0.5454545454545454,0.6363636363636364,0.1818181818181818,3,High Potential Fast Trackers
49,No,Travel_Rarely,Research & Development,8,2,1,3,3,Laboratory Technician,2,Married,7403,4,11,3,1,3,2,26,1,0.1210293124409022,0.25,0.125,1.9955871318564264,5.2,13.0,0.3333333333333333,0.2592592592592592,0.1111111111111111,3,High Potential Fast Trackers
48,No,Travel_Rarely,Research & Development,20,4,4,3,1,Research Scientist,3,Married,2259,4,17,1,2,2,2,0,0,0.0755378486055776,0.2916666666666667,0.0416666666666666,2.536397446836772,0.0,0.0,0.0,0.0,2.0,0,Disengaged Juniors
31,No,Non-Travel,Sales,20,2,4,3,2,Sales Executive,3,Married,6932,1,13,4,1,2,2,9,0,0.1032991921523369,0.3333333333333333,0.0833333333333333,3.3124662242568728,4.5,9.0,0.8,0.0,0.2,3,High Potential Fast Trackers
36,No,Travel_Rarely,Research & Development,7,4,2,3,1,Research Scientist,4,Single,4678,2,18,3,0,6,3,6,0,0.0844890979050876,0.25,0.125,2.063899415353823,2.0,6.0,0.2857142857142857,0.1428571428571428,0.8571428571428571,0,Disengaged Juniors
38,No,Travel_Rarely,Research & Development,1,3,4,3,3,Research Director,1,Married,13582,1,13,2,1,3,3,15,5,0.1500618465616256,0.25,0.25,1.395029987804311,7.5,2.5,0.75,0.6875,0.1875,4,Stagnant Mid-Seniors
32,No,Non-Travel,Research & Development,1,3,3,2,1,Laboratory Technician,2,Married,2332,6,20,3,0,3,3,3,0,0.1627658662092625,0.3333333333333333,0.125,4.005181972376373,0.4285714285714285,3.0,0.0,0.5,0.75,0,Disengaged Juniors
25,Yes,Travel_Rarely,Sales,19,2,3,2,1,Sales Representative,2,Married,2413,1,18,3,3,2,3,1,0,0.1149108992954828,0.25,0.7916666666666666,1.9219946569313544,0.5,1.0,0.0,0.0,1.0,1,Overworked Juniors
40,No,Travel_Rarely,Sales,10,4,1,2,3,Sales Executive,2,Divorced,9705,2,12,2,1,2,2,1,0,0.1258876867594023,0.2916666666666667,0.0833333333333333,2.2527284698295738,0.3333333333333333,1.0,0.0,0.0,1.0,2,Senior Stable
26,No,Travel_Frequently,Sales,1,3,3,2,2,Sales Executive,1,Single,4294,1,12,2,0,2,3,7,0,0.111932929669306,0.25,0.125,1.986234395859194,3.5,7.0,0.875,0.875,0.25,0,Disengaged Juniors
41,No,Travel_Rarely,Research & Development,6,3,4,3,1,Laboratory Technician,1,Single,4721,2,13,3,0,3,3,18,2,0.1357487820377038,0.2916666666666667,0.75,1.4369290319754404,6.0,6.0,0.6842105263157895,0.8947368421052632,0.1578947368421052,1,Overworked Juniors
36,No,Travel_Rarely,Research & Development,2,4,3,3,1,Laboratory Technician,3,Single,2519,4,21,3,0,6,3,11,3,0.126967050416832,0.3333333333333333,0.0833333333333333,7.027484401464163,2.2,2.75,0.6666666666666666,0.75,0.5,0,Disengaged Juniors
19,Yes,Travel_Rarely,Sales,21,3,4,2,1,Sales Representative,2,Single,2121,1,13,2,0,3,4,1,0,0.1163696369636964,0.2083333333333333,0.625,1.9460500450868623,0.5,1.0,0.0,0.0,1.5,1,Overworked Juniors
20,Yes,Travel_Rarely,Research & Development,4,3,1,3,1,Laboratory Technician,1,Single,2973,1,19,2,0,2,3,1,0,0.1275142953245879,0.2916666666666667,0.0833333333333333,1.2130338155250655,0.5,1.0,0.0,0.0,1.0,0,Disengaged Juniors
31,No,Travel_Rarely,Research & Development,12,3,4,3,2,Healthcare Representative,4,Married,5855,0,11,3,2,2,1,9,8,0.1038684884713919,0.25,0.7916666666666666,2.409491035221331,9.0,1.0,0.7,0.5,0.2,1,Overworked Juniors
40,No,Travel_Frequently,Research & Development,9,4,4,3,1,Research Scientist,2,Divorced,3617,8,14,4,1,2,3,1,0,0.1436190212883606,0.25,0.7916666666666666,1.5382032128520065,0.1111111111111111,1.0,0.5,0.0,1.0,1,Overworked Juniors
32,No,Travel_Rarely,Research & Development,3,4,3,3,2,Manufacturing Director,1,Married,6725,1,12,3,1,2,4,8,6,0.106560594795539,0.125,0.125,0.6351401058018732,4.0,1.1428571428571428,0.7777777777777778,0.3333333333333333,0.2222222222222222,0,Disengaged Juniors
36,Yes,Travel_Rarely,Sales,3,1,3,2,3,Sales Executive,4,Married,10325,1,11,1,1,6,3,16,3,0.0509869249394673,0.3333333333333333,0.8333333333333334,1.6391759260705154,8.0,4.0,0.4117647058823529,0.4117647058823529,0.3529411764705882,1,Overworked Juniors
33,No,Travel_Rarely,Research & Development,1,3,2,2,2,Healthcare Representative,4,Single,6949,0,14,1,0,3,3,5,1,0.0947373722837818,0.3333333333333333,0.125,2.9635384942764014,5.0,2.5,0.0,0.6666666666666666,0.5,0,Disengaged Juniors
37,Yes,Travel_Rarely,Sales,1,4,1,2,3,Sales Executive,3,Married,10609,5,11,3,0,2,1,14,11,0.1518880196059948,0.2916666666666667,0.1666666666666666,1.452918694659396,2.333333333333333,1.1666666666666667,0.0666666666666666,0.4666666666666667,0.1333333333333333,4,Stagnant Mid-Seniors
45,No,Non-Travel,Research & Development,4,2,3,3,2,Laboratory Technician,2,Married,4447,1,12,2,0,5,2,9,0,0.0608072858106588,0.1666666666666666,0.0833333333333333,1.531031401174112,4.5,9.0,0.7,0.8,0.5,3,High Potential Fast Trackers
29,No,Travel_Frequently,Sales,20,3,3,3,1,Sales Representative,4,Married,2157,1,15,2,1,5,3,3,0,0.1695132127955493,0.2916666666666667,0.0833333333333333,1.394961293318859,1.5,3.0,0.25,0.5,1.25,0,Disengaged Juniors
35,No,Travel_Rarely,Sales,18,3,3,3,2,Sales Executive,3,Married,4601,1,16,2,0,3,3,5,1,0.1558400347750489,0.2916666666666667,0.1666666666666666,2.1683235114978947,2.5,2.5,0.3333333333333333,0.0,0.5,0,Disengaged Juniors
52,No,Travel_Rarely,Research & Development,1,2,4,3,4,Manager,4,Married,17099,2,15,2,1,2,2,9,7,0.1517351891923504,0.2083333333333333,0.0416666666666666,1.3178165633245191,3.0,1.125,0.8,0.8,0.2,2,Senior Stable
58,Yes,Travel_Rarely,Research & Development,2,3,4,3,1,Research Scientist,3,Single,2479,4,24,1,0,4,3,1,0,0.1401452198467124,0.3333333333333333,0.125,7.039153670523099,0.2,1.0,0.0,0.0,2.0,0,Disengaged Juniors
53,No,Travel_Rarely,Sales,2,2,3,3,4,Manager,3,Divorced,14852,6,13,3,1,3,4,17,15,0.1154396714247238,0.2083333333333333,0.0416666666666666,1.1357590111215703,2.4285714285714284,1.0625,0.7222222222222222,0.1111111111111111,0.1666666666666666,4,Stagnant Mid-Seniors
30,No,Travel_Rarely,Sales,8,2,3,3,3,Sales Executive,3,Divorced,7264,5,11,1,1,2,4,8,7,0.0744135462555066,0.1666666666666666,0.125,0.9592028465339448,1.3333333333333333,1.0,0.4444444444444444,0.7777777777777778,0.2222222222222222,0,Disengaged Juniors
38,No,Non-Travel,Sales,10,3,3,3,2,Sales Executive,4,Single,5666,1,13,2,0,1,3,5,1,0.1393240381221319,0.2916666666666667,0.875,2.684224622935837,2.5,2.5,0.5,0.5,0.1666666666666666,1,Overworked Juniors
35,No,Travel_Rarely,Sales,3,4,4,3,3,Sales Executive,4,Divorced,7823,6,13,2,1,2,3,10,0,0.097555924837019,0.3333333333333333,0.125,3.213630123313544,1.4285714285714286,10.0,0.8181818181818182,0.7272727272727273,0.1818181818181818,3,High Potential Fast Trackers
39,No,Travel_Rarely,Sales,2,5,1,4,3,Sales Executive,3,Single,7880,0,18,4,0,3,3,8,0,0.1161928934010152,0.2916666666666667,0.1666666666666666,1.6862340765471346,8.0,8.0,0.7777777777777778,0.7777777777777778,0.3333333333333333,3,High Potential Fast Trackers
40,Yes,Non-Travel,Sales,24,3,2,4,4,Sales Executive,2,Single,13194,4,16,4,0,2,2,1,0,0.1173215097771714,0.2916666666666667,0.7083333333333334,2.8613499009653927,0.2,1.0,0.0,0.0,1.0,2,Senior Stable
47,No,Travel_Frequently,Research & Development,16,4,3,4,2,Manufacturing Director,3,Divorced,5067,1,19,3,0,3,4,19,2,0.1075370041444642,0.2083333333333333,0.7083333333333334,0.961601447554024,9.5,6.333333333333333,0.5,0.35,0.15,3,High Potential Fast Trackers
36,No,Non-Travel,Sales,8,4,1,3,2,Sales Executive,4,Divorced,5079,4,13,4,2,3,3,7,0,0.1181216774955699,0.2083333333333333,0.1666666666666666,1.1243797665905106,1.4,7.0,0.875,0.875,0.375,0,Disengaged Juniors
31,Yes,Non-Travel,Research & Development,9,2,3,2,1,Research Scientist,1,Single,2321,0,22,1,0,0,3,3,1,0.1468806548901335,0.3333333333333333,0.7083333333333334,3.7601875620574288,3.0,1.5,0.5,0.5,0.0,1,Overworked Juniors
33,No,Non-Travel,Sales,17,3,4,3,4,Manager,3,Single,17444,1,11,4,0,2,3,10,6,0.1241177482228847,0.2083333333333333,0.0833333333333333,1.9400550206889688,5.0,1.4285714285714286,0.7272727272727273,0.0,0.1818181818181818,4,Stagnant Mid-Seniors
29,Yes,Travel_Rarely,Research & Development,10,3,4,2,1,Research Scientist,1,Single,2404,6,20,3,0,5,3,0,0,0.1008444259567387,0.3333333333333333,0.7083333333333334,3.531855759064242,0.0,0.0,0.0,0.0,5.0,1,Overworked Juniors
33,No,Travel_Rarely,Research & Development,13,1,2,3,1,Research Scientist,4,Single,3452,3,18,1,0,4,3,3,0,0.0616222479721899,0.25,0.125,1.0954365066386835,0.75,3.0,0.5,0.5,1.0,0,Disengaged Juniors
45,No,Travel_Rarely,Research & Development,1,4,4,3,1,Laboratory Technician,4,Divorced,2270,3,14,4,2,2,3,5,0,0.053215859030837,0.2916666666666667,0.1666666666666666,2.5598235412939343,1.25,5.0,0.5,0.3333333333333333,0.3333333333333333,0,Disengaged Juniors
50,No,Travel_Rarely,Research & Development,1,2,4,3,4,Research Director,4,Divorced,17399,9,22,3,1,1,2,5,1,0.1783665727915398,0.3333333333333333,0.0416666666666666,6.321322736857322,0.5,2.5,0.6666666666666666,0.5,0.1666666666666666,2,Senior Stable
33,No,Travel_Frequently,Research & Development,1,4,3,4,2,Healthcare Representative,2,Married,5488,1,13,1,1,2,3,6,1,0.1447321428571428,0.2916666666666667,0.75,1.8679820163326977,3.0,3.0,0.7142857142857143,0.2857142857142857,0.2857142857142857,1,Overworked Juniors
41,No,Travel_Frequently,Research & Development,9,3,1,3,5,Research Director,3,Divorced,19419,2,17,2,1,2,4,18,0,0.0919532416705288,0.25,0.0416666666666666,1.8908298278779376,6.0,18.0,0.8421052631578947,0.5789473684210527,0.1052631578947368,3,High Potential Fast Trackers
27,No,Travel_Rarely,Research & Development,16,4,3,3,1,Laboratory Technician,2,Married,2811,9,14,2,1,2,3,2,2,0.1346922803272856,0.2916666666666667,0.0833333333333333,2.565680572618953,0.2,0.6666666666666666,0.6666666666666666,0.6666666666666666,0.6666666666666666,0,Disengaged Juniors
45,No,Non-Travel,Research & Development,23,2,4,3,2,Laboratory Technician,1,Married,3633,1,15,3,1,2,3,9,0,0.1030498210845032,0.25,0.6666666666666666,1.3162303445640138,4.5,9.0,0.8,0.8,0.2,3,High Potential Fast Trackers
47,No,Travel_Rarely,Sales,4,2,4,3,2,Sales Executive,4,Single,4163,1,17,3,0,0,3,9,0,0.1680807110257026,0.2083333333333333,0.6666666666666666,1.1729887709230908,4.5,9.0,0.0,0.7,0.0,3,High Potential Fast Trackers
30,Yes,Travel_Rarely,Research & Development,22,3,1,3,1,Research Scientist,3,Married,2132,4,11,2,0,2,3,5,0,0.0889634146341463,0.2916666666666667,0.6666666666666666,1.7138168866815542,1.0,5.0,0.3333333333333333,0.1666666666666666,0.3333333333333333,1,Overworked Juniors
50,No,Travel_Rarely,Research & Development,24,3,4,3,4,Manufacturing Director,3,Married,13973,3,18,4,1,2,3,12,1,0.156954841479997,0.3333333333333333,0.75,1.444528976496941,3.0,6.0,0.8461538461538461,0.3846153846153846,0.1538461538461538,2,Senior Stable
38,No,Travel_Frequently,Research & Development,10,1,3,3,1,Research Scientist,3,Married,2684,0,17,2,1,0,2,2,0,0.0946460506706409,0.3333333333333333,0.0416666666666666,3.102793830698164,2.0,2.0,0.3333333333333333,0.6666666666666666,0.0,0,Disengaged Juniors
46,No,Travel_Rarely,Research & Development,7,2,4,3,3,Manufacturing Director,3,Divorced,10845,6,13,2,1,3,3,8,0,0.1220212079299215,0.2083333333333333,0.1666666666666666,1.660140011668605,1.1428571428571428,8.0,0.7777777777777778,0.7777777777777778,0.3333333333333333,3,High Potential Fast Trackers
24,No,Travel_Rarely,Research & Development,17,1,4,2,2,Manufacturing Director,3,Divorced,4377,1,15,2,2,6,3,4,3,0.1752318939913182,0.3333333333333333,0.1666666666666666,2.790362664139693,2.0,1.0,0.4,0.4,1.2,0,Disengaged Juniors
35,Yes,Travel_Rarely,Research & Development,14,4,3,2,1,Laboratory Technician,2,Divorced,3743,1,24,4,1,2,1,4,0,0.0662543414373496,0.3333333333333333,0.8333333333333334,6.074757832791459,2.0,4.0,0.4,0.4,0.4,1,Overworked Juniors
31,No,Travel_Frequently,Research & Development,1,1,3,3,2,Manufacturing Director,1,Married,4148,1,12,3,1,1,3,4,0,0.1439054966248794,0.2916666666666667,0.125,1.3796528772075003,2.0,4.0,0.6,0.6,0.2,0,Disengaged Juniors
18,No,Non-Travel,Research & Development,5,2,2,3,1,Research Scientist,4,Single,1051,1,15,4,0,2,3,0,0,0.1716936251189343,0.25,0.0,1.9074832380866669,0.0,0.0,0.0,0.0,2.0,0,Disengaged Juniors
54,No,Travel_Rarely,Research & Development,17,3,3,3,3,Manufacturing Director,3,Married,10739,8,11,3,1,2,3,10,0,0.1304376571375361,0.3333333333333333,0.125,2.805859817590518,1.1111111111111112,10.0,0.6363636363636364,0.7272727272727273,0.1818181818181818,3,High Potential Fast Trackers
35,No,Travel_Rarely,Research & Development,25,4,3,3,3,Healthcare Representative,3,Divorced,10388,1,11,3,1,3,2,16,10,0.1197410473623412,0.3333333333333333,0.6666666666666666,2.8066050803912312,8.0,1.4545454545454546,0.5882352941176471,0.0588235294117647,0.1764705882352941,4,Stagnant Mid-Seniors
30,No,Travel_Rarely,Research & Development,8,2,2,4,3,Research Director,1,Married,11416,0,12,3,3,4,2,8,1,0.0808829712683952,0.25,0.7916666666666666,1.842047881223415,8.0,4.0,0.7777777777777778,0.7777777777777778,0.4444444444444444,1,Overworked Juniors
20,Yes,Travel_Rarely,Research & Development,11,3,4,2,1,Research Scientist,1,Single,2600,1,15,1,0,2,3,1,0,0.1494153846153846,0.2916666666666667,0.7916666666666666,2.7216211536089427,0.5,1.0,0.0,0.0,1.0,1,Overworked Juniors
30,Yes,Travel_Frequently,Research & Development,5,3,2,3,1,Laboratory Technician,2,Single,2422,0,17,1,0,3,3,3,1,0.0972502064409578,0.3333333333333333,0.125,1.755037225616916,3.0,1.5,0.5,0.5,0.75,0,Disengaged Juniors
26,No,Travel_Rarely,Research & Development,2,2,4,4,2,Manufacturing Director,4,Married,5472,1,12,2,0,2,3,8,1,0.1458260233918128,0.3333333333333333,0.0833333333333333,1.747748387765646,4.0,4.0,0.7777777777777778,0.3333333333333333,0.2222222222222222,0,Disengaged Juniors
22,No,Travel_Rarely,Research & Development,8,1,2,1,1,Laboratory Technician,1,Married,2451,1,15,1,1,3,2,4,1,0.0998286413708689,0.2916666666666667,0.0833333333333333,2.2199718602612317,2.0,2.0,0.6,0.2,0.6,0,Disengaged Juniors
48,No,Travel_Rarely,Research & Development,6,3,1,2,2,Healthcare Representative,3,Single,4240,2,13,4,0,0,3,2,2,0.0709599056603773,0.25,0.0,2.3353288682917426,0.6666666666666666,0.6666666666666666,0.6666666666666666,0.6666666666666666,0.0,0,Disengaged Juniors
48,No,Travel_Rarely,Research & Development,4,4,3,2,3,Healthcare Representative,3,Single,10999,7,14,2,0,3,3,15,4,0.0896617874352214,0.25,0.125,1.6099440974733124,1.875,3.0,0.6875,0.5,0.1875,2,Senior Stable
41,No,Travel_Rarely,Research & Development,7,2,4,3,2,Manufacturing Director,3,Single,5003,6,14,2,0,6,3,2,2,0.0547611433140116,0.2083333333333333,0.0833333333333333,1.8754142091582733,0.2857142857142857,0.6666666666666666,0.6666666666666666,0.3333333333333333,2.0,0,Disengaged Juniors
39,No,Travel_Rarely,Research & Development,1,1,4,2,4,Manufacturing Director,4,Married,12742,1,16,3,1,3,3,21,11,0.131815256631612,0.2916666666666667,0.0416666666666666,2.69809179616318,10.5,1.75,0.2727272727272727,0.3636363636363636,0.1363636363636363,4,Stagnant Mid-Seniors
27,No,Travel_Rarely,Research & Development,2,4,1,3,2,Manufacturing Director,4,Married,4227,0,18,2,1,2,3,3,2,0.1263283652708776,0.1666666666666666,0.0833333333333333,1.3486673088666734,3.0,1.0,0.5,0.5,0.5,0,Disengaged Juniors
35,No,Travel_Rarely,Research & Development,10,3,2,3,1,Laboratory Technician,4,Divorced,3917,1,20,1,1,4,2,3,1,0.0672376818994127,0.3333333333333333,0.125,4.03087268808536,1.5,1.5,0.5,0.5,1.0,0,Disengaged Juniors
42,No,Travel_Rarely,Sales,5,2,4,3,5,Manager,3,Married,18303,6,13,2,0,3,4,1,0,0.0540064470305414,0.2083333333333333,0.1666666666666666,1.7057566816965637,0.1428571428571428,1.0,0.0,0.0,1.5,2,Senior Stable
50,No,Travel_Rarely,Research & Development,9,3,1,3,1,Laboratory Technician,4,Married,2380,4,18,2,0,5,3,1,0,0.1001218487394957,0.2916666666666667,0.125,1.3087309193077368,0.2,1.0,0.0,0.0,2.5,0,Disengaged Juniors
59,No,Travel_Rarely,Research & Development,2,3,3,2,4,Manufacturing Director,4,Single,13726,3,13,1,0,4,3,5,4,0.0664862305114381,0.2,0.8,1.5966966268501637,1.25,1.0,0.5,0.5,0.6666666666666666,2,Senior Stable
37,Yes,Travel_Rarely,Research & Development,11,2,1,1,2,Healthcare Representative,2,Married,4777,5,15,1,0,2,1,1,0,0.0942034749842998,0.1666666666666666,0.0416666666666666,1.5669716443706072,0.1666666666666666,1.0,0.0,0.0,1.0,0,Disengaged Juniors
55,No,Travel_Frequently,Research & Development,18,4,3,3,2,Healthcare Representative,2,Married,6385,3,14,4,2,3,3,8,6,0.173440877055599,0.2916666666666667,0.75,1.5157703619910892,2.0,1.1428571428571428,0.7777777777777778,0.7777777777777778,0.3333333333333333,1,Overworked Juniors
41,No,Non-Travel,Research & Development,7,1,2,1,5,Research Director,3,Divorced,19973,1,22,2,2,3,3,21,5,0.096604415961548,0.3333333333333333,0.125,5.101504213096843,10.5,3.5,0.7272727272727273,0.4545454545454545,0.1363636363636363,4,Stagnant Mid-Seniors
38,No,Travel_Rarely,Sales,3,4,2,3,2,Sales Executive,4,Single,6861,8,12,3,0,1,3,1,0,0.0935665354904533,0.25,0.5416666666666666,1.637829941728983,0.1111111111111111,1.0,0.0,0.0,0.5,1,Overworked Juniors
26,Yes,Non-Travel,Sales,29,2,2,1,2,Sales Executive,1,Single,4969,8,18,4,0,6,3,2,2,0.1488770376333267,0.2916666666666667,0.2083333333333333,1.605756484019022,0.2222222222222222,0.6666666666666666,0.6666666666666666,0.6666666666666666,2.0,0,Disengaged Juniors
52,Yes,Travel_Rarely,Sales,2,1,1,1,5,Manager,4,Married,19845,1,15,4,1,3,3,32,6,0.1039440665154951,0.25,0.125,1.064046936485039,16.0,4.571428571428571,0.4242424242424242,0.2727272727272727,0.0909090909090909,4,Stagnant Mid-Seniors
44,No,Travel_Rarely,Sales,28,3,4,4,4,Sales Executive,4,Married,13320,3,18,3,1,2,3,12,11,0.1077845345345345,0.25,0.6666666666666666,1.4823751507692713,3.0,1.0,0.8461538461538461,0.8461538461538461,0.1538461538461538,4,Stagnant Mid-Seniors
50,No,Non-Travel,Sales,1,3,4,3,2,Sales Executive,3,Married,6347,0,12,1,1,3,3,18,0,0.1107420828737986,0.25,0.125,1.110878230486556,18.0,18.0,0.3684210526315789,0.6842105263157895,0.1578947368421052,3,High Potential Fast Trackers
36,Yes,Travel_Rarely,Research & Development,16,4,3,4,1,Laboratory Technician,1,Single,2743,1,16,3,0,1,3,17,15,0.1779001093693037,0.2916666666666667,0.2083333333333333,2.329653608025818,8.5,1.0625,0.7222222222222222,0.7777777777777778,0.0555555555555555,4,Stagnant Mid-Seniors
39,No,Travel_Frequently,Research & Development,22,3,4,3,3,Manufacturing Director,1,Single,10880,1,13,3,0,2,3,21,2,0.108328125,0.3333333333333333,0.7916666666666666,3.2074328862564823,10.5,7.0,0.2727272727272727,0.3636363636363636,0.0909090909090909,3,High Potential Fast Trackers
33,No,Non-Travel,Sales,8,1,2,2,1,Sales Representative,4,Single,2342,0,19,4,0,2,2,2,2,0.1589624252775405,0.25,0.1666666666666666,2.033076525470709,2.0,0.6666666666666666,0.6666666666666666,0.6666666666666666,0.6666666666666666,0,Disengaged Juniors
45,No,Travel_Rarely,Sales,11,2,4,3,4,Manager,4,Married,17650,3,13,2,1,4,4,9,1,0.1589796033994335,0.2916666666666667,0.125,2.933403645988465,2.25,4.5,0.3,0.1,0.4,2,Senior Stable
32,No,Non-Travel,Research & Development,29,4,4,3,1,Laboratory Technician,3,Single,4025,9,12,2,0,2,3,8,7,0.0575254658385093,0.3333333333333333,0.0833333333333333,2.4880259041346777,0.8,1.0,0.7777777777777778,0.7777777777777778,0.2222222222222222,0,Disengaged Juniors
34,No,Travel_Rarely,Sales,1,4,2,4,2,Sales Executive,4,Divorced,9725,0,11,4,1,2,2,15,0,0.0724966580976864,0.25,0.2916666666666667,2.379102944965622,15.0,15.0,0.0625,0.5625,0.125,3,High Potential Fast Trackers
59,No,Travel_Rarely,Sales,1,2,2,3,3,Manager,4,Married,11904,3,14,3,1,1,1,6,0,0.1301629704301074,0.3333333333333333,0.7916666666666666,3.140835743043612,1.5,6.0,0.5714285714285714,0.5714285714285714,0.1428571428571428,2,Senior Stable
45,No,Travel_Rarely,Human Resources,24,4,2,3,1,Human Resources,2,Single,2177,1,16,1,0,3,3,6,0,0.1300597152044096,0.25,0.0833333333333333,1.02591816428779,3.0,6.0,0.4285714285714285,0.5714285714285714,0.4285714285714285,0,Disengaged Juniors
53,No,Travel_Frequently,Sales,2,3,3,2,3,Sales Executive,2,Married,7525,2,12,1,1,2,3,15,6,0.1539548172757475,0.25,0.0833333333333333,1.9500276191764303,5.0,2.142857142857143,0.4375,0.75,0.125,4,Stagnant Mid-Seniors
36,Yes,Travel_Rarely,Research & Development,15,3,1,3,2,Laboratory Technician,3,Divorced,4834,7,14,2,1,3,2,1,0,0.1019259412494828,0.2083333333333333,0.2083333333333333,1.8453738505952533,0.125,1.0,0.0,0.0,1.5,0,Disengaged Juniors
26,Yes,Travel_Frequently,Research & Development,2,3,1,3,1,Research Scientist,1,Married,2042,6,14,2,1,2,3,3,1,0.1704750244857983,0.2083333333333333,0.7083333333333334,1.4367966546089743,0.4285714285714285,1.5,0.5,0.5,0.5,1,Overworked Juniors
34,No,Travel_Rarely,Sales,10,4,3,3,1,Sales Representative,3,Married,2220,1,19,4,1,2,3,1,0,0.1793198198198199,0.3333333333333333,0.7916666666666666,2.5426532680847767,0.5,1.0,0.5,0.0,1.0,1,Overworked Juniors
28,No,Travel_Rarely,Sales,10,1,4,3,1,Sales Representative,2,Married,1052,1,22,2,0,5,3,1,0,0.1501330798479088,0.3333333333333333,0.0,6.711874686928551,0.5,1.0,0.0,0.0,2.5,0,Disengaged Juniors
38,No,Travel_Frequently,Research & Development,3,4,3,3,1,Research Scientist,3,Married,2821,3,16,1,1,2,3,2,2,0.1130450194966324,0.3333333333333333,0.125,2.1716671603684423,0.5,0.6666666666666666,0.6666666666666666,0.6666666666666666,0.6666666666666666,0,Disengaged Juniors
50,No,Travel_Rarely,Research & Development,2,4,2,3,5,Research Director,3,Married,19237,2,11,4,1,2,2,8,7,0.1057103498466496,0.2916666666666667,0.7916666666666666,1.7198974841315586,2.6666666666666665,1.0,0.1111111111111111,0.7777777777777778,0.2222222222222222,2,Senior Stable
37,No,Travel_Rarely,Research & Development,3,3,4,3,2,Healthcare Representative,2,Single,4107,3,15,1,0,3,2,4,0,0.07018018018018,0.25,0.0833333333333333,2.382936943810209,1.0,4.0,0.6,0.2,0.6,0,Disengaged Juniors
40,No,Travel_Rarely,Sales,26,3,3,3,2,Sales Executive,1,Married,8396,1,14,2,1,3,2,7,7,0.0924190090519295,0.25,0.0416666666666666,1.4140629296067952,3.5,0.875,0.875,0.625,0.375,0,Disengaged Juniors
26,No,Travel_Frequently,Research & Development,1,1,1,2,1,Research Scientist,3,Divorced,2007,1,13,3,2,5,3,5,1,0.1760787244643746,0.25,0.0833333333333333,2.098115292413125,2.5,2.5,0.5,0.5,0.8333333333333334,0,Disengaged Juniors
46,No,Travel_Rarely,Research & Development,1,4,4,3,5,Research Director,4,Divorced,19627,9,17,4,2,0,3,2,2,0.0699128751210067,0.2916666666666667,0.0833333333333333,2.3571572893609583,0.2,0.6666666666666666,0.6666666666666666,0.6666666666666666,0.0,2,Senior Stable
54,No,Travel_Rarely,Sales,2,4,3,2,3,Sales Executive,3,Married,10686,6,11,2,1,4,3,9,7,0.0937170129140931,0.2083333333333333,0.0,1.353495497192439,1.2857142857142858,1.125,0.4,0.0,0.4,2,Senior Stable
56,No,Travel_Frequently,Research & Development,9,3,1,3,1,Research Scientist,3,Married,2942,2,19,2,1,4,3,5,0,0.1750509857239972,0.2916666666666667,0.0833333333333333,1.8003511180337388,1.6666666666666667,5.0,0.6666666666666666,0.5,0.6666666666666666,0,Disengaged Juniors
36,No,Travel_Rarely,Research & Development,12,5,4,2,3,Manufacturing Director,4,Single,8858,0,11,2,0,2,2,14,7,0.1316493565138857,0.2083333333333333,0.0,0.9975217333537691,14.0,1.75,0.5333333333333333,0.5333333333333333,0.1333333333333333,4,Stagnant Mid-Seniors
55,No,Non-Travel,Research & Development,2,1,3,2,4,Manager,1,Single,16756,7,15,2,0,3,4,9,6,0.0533015039388875,0.25,0.125,1.9044106771705036,1.125,1.2857142857142858,0.7,0.2,0.3,2,Senior Stable
43,No,Travel_Rarely,Sales,25,3,3,2,3,Sales Executive,4,Divorced,10798,5,13,3,1,5,3,1,0,0.1056964252639377,0.2916666666666667,0.0833333333333333,2.9573614579886733,0.1666666666666666,1.0,0.0,0.0,2.5,2,Senior Stable
20,Yes,Travel_Frequently,Sales,9,3,4,3,1,Sales Representative,4,Single,2323,1,14,2,0,3,3,2,0,0.173590185105467,0.2083333333333333,0.5833333333333334,1.2162457936608777,1.0,2.0,0.6666666666666666,0.6666666666666666,1.0,1,Overworked Juniors
21,Yes,Travel_Rarely,Research & Development,10,3,3,2,1,Laboratory Technician,1,Single,1416,1,13,1,0,6,2,1,1,0.066412429378531,0.25,0.0833333333333333,1.208840757594477,0.5,0.5,0.0,0.0,3.0,0,Disengaged Juniors
46,No,Travel_Rarely,Research & Development,8,4,4,2,2,Research Scientist,1,Divorced,4615,8,23,1,3,2,3,16,1,0.1605005417118093,0.3333333333333333,0.7916666666666666,6.997842408768583,1.7777777777777777,8.0,0.7647058823529411,0.4117647058823529,0.1176470588235294,1,Overworked Juniors
51,Yes,Travel_Rarely,Research & Development,4,4,1,3,1,Research Scientist,3,Married,2461,9,12,3,3,2,4,10,2,0.0839333604225924,0.25,0.75,1.825122495355412,1.0,3.333333333333333,0.0,0.6363636363636364,0.1818181818181818,1,Overworked Juniors
28,Yes,Non-Travel,Research & Development,24,2,2,2,3,Healthcare Representative,1,Single,8722,1,12,1,0,2,2,10,1,0.0554333868378811,0.2916666666666667,0.125,2.1132861692666776,5.0,5.0,0.6363636363636364,0.8181818181818182,0.1818181818181818,0,Disengaged Juniors
26,No,Travel_Rarely,Research & Development,1,2,1,2,1,Laboratory Technician,1,Married,3955,1,16,1,2,2,3,5,1,0.0937193426042983,0.25,0.0833333333333333,1.9929872739612544,2.5,2.5,0.5,0.5,0.3333333333333333,0,Disengaged Juniors
30,No,Travel_Rarely,Research & Development,20,3,3,3,2,Manufacturing Director,1,Married,9957,0,15,3,1,1,2,6,0,0.0859244752435471,0.3333333333333333,0.2083333333333333,1.3637177323271423,6.0,6.0,0.2857142857142857,0.2857142857142857,0.1428571428571428,3,High Potential Fast Trackers
41,No,Travel_Rarely,Research & Development,7,2,2,4,1,Research Scientist,3,Married,3376,1,13,3,0,3,3,10,0,0.173696682464455,0.25,0.1666666666666666,1.8616109087201165,5.0,10.0,0.5454545454545454,0.7272727272727273,0.2727272727272727,3,High Potential Fast Trackers
38,No,Travel_Rarely,Research & Development,17,1,3,2,3,Healthcare Representative,3,Married,8823,0,18,1,1,4,2,19,1,0.1582545619403831,0.25,0.0416666666666666,1.6968756167448726,19.0,9.5,0.45,0.45,0.2,3,High Potential Fast Trackers
40,No,Travel_Rarely,Research & Development,20,4,1,3,3,Healthcare Representative,4,Married,10322,4,20,4,1,6,3,11,11,0.1616421236194535,0.3333333333333333,0.0833333333333333,5.6799344366192175,2.2,0.9166666666666666,0.8333333333333334,0.0833333333333333,0.5,4,Stagnant Mid-Seniors
27,No,Non-Travel,Research & Development,8,5,1,1,1,Laboratory Technician,3,Married,4621,1,19,4,3,4,3,3,1,0.0898679939407054,0.2916666666666667,0.0,1.979604856036323,1.5,1.5,0.5,0.5,1.0,0,Disengaged Juniors
55,No,Travel_Frequently,Research & Development,2,1,4,3,3,Manufacturing Director,2,Married,10976,3,18,2,1,4,3,3,1,0.1119269314868804,0.2916666666666667,0.1666666666666666,2.2730714765659754,0.75,1.5,0.5,0.5,1.0,2,Senior Stable
28,No,Travel_Rarely,Research & Development,10,3,3,3,2,Research Scientist,3,Single,3660,3,13,4,0,4,4,8,1,0.1389726775956285,0.2083333333333333,0.0833333333333333,1.8740590106753323,2.0,4.0,0.7777777777777778,0.7777777777777778,0.4444444444444444,0,Disengaged Juniors
44,Yes,Travel_Rarely,Human Resources,1,2,2,2,3,Human Resources,1,Married,10482,9,14,4,1,1,3,20,3,0.1651516886090441,0.25,0.125,1.821641390797193,2.0,5.0,0.2857142857142857,0.2857142857142857,0.0476190476190476,2,Senior Stable
33,No,Travel_Rarely,Research & Development,5,3,4,2,3,Healthcare Representative,4,Divorced,7119,4,15,3,1,2,3,3,1,0.0719412838881864,0.2916666666666667,0.0833333333333333,1.610537293971022,0.6,1.5,0.5,0.5,0.5,0,Disengaged Juniors
35,Yes,Travel_Rarely,Sales,4,3,4,3,3,Sales Executive,1,Single,9582,0,22,1,0,2,3,8,4,0.0753109997912752,0.3333333333333333,0.875,4.064325176857191,8.0,1.6,0.7777777777777778,0.7777777777777778,0.2222222222222222,1,Overworked Juniors
33,Yes,Travel_Frequently,Research & Development,29,4,1,2,2,Research Scientist,3,Single,4508,1,22,2,0,4,3,13,3,0.1628970718722271,0.3333333333333333,0.0833333333333333,4.46455795822638,6.5,3.25,0.5,0.5714285714285714,0.2857142857142857,0,Disengaged Juniors
28,No,Travel_Rarely,Research & Development,15,2,1,3,1,Laboratory Technician,3,Divorced,2207,1,16,4,1,5,2,4,2,0.139542365201631,0.3333333333333333,0.0833333333333333,1.7656472475118086,2.0,1.3333333333333333,0.4,0.4,1.0,0,Disengaged Juniors
34,No,Travel_Frequently,Research & Development,3,1,1,3,2,Healthcare Representative,4,Single,7756,0,17,3,0,1,2,6,0,0.0794894275399691,0.2916666666666667,0.0,1.4359036042984723,6.0,6.0,0.2857142857142857,0.5714285714285714,0.1428571428571428,0,Disengaged Juniors
37,No,Travel_Rarely,Sales,10,4,4,2,2,Sales Executive,4,Divorced,6694,2,14,3,3,5,3,1,0,0.1574738571855393,0.2916666666666667,0.6666666666666666,2.19046094769018,0.3333333333333333,1.0,0.0,0.0,2.5,1,Overworked Juniors
25,Yes,Travel_Rarely,Research & Development,4,1,4,3,1,Laboratory Technician,4,Married,3691,1,15,2,1,3,4,7,5,0.160682741804389,0.2916666666666667,0.8333333333333334,1.5452491325278068,3.5,1.1666666666666667,0.875,0.75,0.375,1,Overworked Juniors
26,Yes,Travel_Rarely,Research & Development,21,3,1,3,1,Laboratory Technician,3,Divorced,2377,1,20,3,1,0,2,1,0,0.1036348338241481,0.3333333333333333,0.0416666666666666,5.731743574770248,0.5,1.0,0.5,0.0,0.0,0,Disengaged Juniors
33,Yes,Travel_Rarely,Research & Development,25,3,1,2,1,Research Scientist,2,Single,2313,4,20,2,0,0,3,2,2,0.1693947254647643,0.3333333333333333,0.6666666666666666,6.522101607407747,0.4,0.6666666666666666,0.6666666666666666,0.6666666666666666,0.0,1,Overworked Juniors
42,No,Travel_Rarely,Research & Development,2,2,4,3,4,Manager,1,Married,17665,0,17,4,1,3,3,22,13,0.1464279649023493,0.2916666666666667,0.125,1.9610711916796444,22.0,1.5714285714285714,0.2608695652173913,0.3043478260869565,0.1304347826086956,4,Stagnant Mid-Seniors
28,Yes,Travel_Frequently,Research & Development,1,3,1,2,1,Laboratory Technician,2,Divorced,2596,1,15,1,2,2,3,1,0,0.1621995377503852,0.25,0.0416666666666666,2.434733674280848,0.5,1.0,0.0,0.0,1.0,0,Disengaged Juniors
50,Yes,Travel_Frequently,Sales,1,4,4,3,2,Sales Executive,3,Single,4728,3,14,4,0,4,3,0,0,0.0881049069373943,0.25,0.7083333333333334,1.6893625699244506,0.0,0.0,0.0,0.0,4.0,1,Overworked Juniors
33,No,Travel_Frequently,Sales,7,3,4,3,2,Sales Executive,2,Married,4302,0,17,3,1,3,3,3,0,0.1306834030683402,0.25,0.125,1.5489189144272155,3.0,3.0,0.5,0.5,0.75,0,Disengaged Juniors
34,No,Non-Travel,Research & Development,3,4,3,2,1,Research Scientist,4,Married,2979,3,17,4,3,2,3,0,0,0.132134944612286,0.25,0.0833333333333333,1.1658122405421096,0.0,0.0,0.0,0.0,2.0,0,Disengaged Juniors
48,No,Non-Travel,Research & Development,1,4,1,4,4,Manager,4,Single,16885,2,22,3,0,3,2,5,2,0.0554640213206987,0.3333333333333333,0.1666666666666666,6.39517977422458,1.6666666666666667,1.6666666666666667,0.6666666666666666,0.1666666666666666,0.5,2,Senior Stable
45,No,Non-Travel,Sales,9,4,2,2,2,Sales Executive,3,Married,5593,1,13,4,1,2,3,15,4,0.0615179688896834,0.25,0.0833333333333333,2.2536826503040173,7.5,3.0,0.625,0.75,0.125,0,Disengaged Juniors
52,No,Travel_Rarely,Research & Development,7,4,2,3,3,Healthcare Representative,2,Single,10445,7,19,4,0,4,3,8,4,0.0788530397319292,0.25,0.125,2.1186157308358107,1.0,1.6,0.6666666666666666,0.0,0.4444444444444444,2,Senior Stable
38,No,Travel_Rarely,Sales,10,4,3,2,3,Sales Executive,3,Divorced,8740,0,14,2,2,2,3,8,2,0.1703970251716247,0.2916666666666667,0.7083333333333334,1.308273855556909,8.0,2.6666666666666665,0.7777777777777778,0.7777777777777778,0.2222222222222222,1,Overworked Juniors
29,No,Travel_Rarely,Research & Development,28,4,3,3,1,Research Scientist,4,Divorced,2514,4,22,1,1,1,3,7,1,0.087708830548926,0.3333333333333333,0.0833333333333333,4.651233445648398,1.4,3.5,0.625,0.875,0.125,0,Disengaged Juniors
28,No,Travel_Rarely,Research & Development,3,3,4,3,3,Manufacturing Director,2,Divorced,7655,0,17,2,3,3,2,9,1,0.0538876551273677,0.2916666666666667,0.0833333333333333,1.3175456677326731,9.0,4.5,0.7,0.7,0.3,3,High Potential Fast Trackers
46,No,Travel_Rarely,Sales,3,1,1,3,4,Manager,3,Married,17465,3,12,4,1,3,3,12,4,0.1108525622673919,0.3333333333333333,0.0416666666666666,3.053102793541224,3.0,2.4,0.6923076923076923,0.6923076923076923,0.2307692307692307,2,Senior Stable
38,No,Travel_Rarely,Sales,2,2,4,3,3,Sales Executive,2,Single,7351,7,16,3,0,2,3,1,0,0.1217154128689973,0.2916666666666667,0.0833333333333333,2.629342595654396,0.125,1.0,0.0,0.0,1.0,0,Disengaged Juniors
43,No,Travel_Frequently,Research & Development,27,3,3,3,3,Manufacturing Director,1,Married,10820,8,11,3,1,1,3,8,0,0.1090462107208871,0.2916666666666667,0.125,2.528230533500713,0.8888888888888888,8.0,0.7777777777777778,0.1111111111111111,0.1111111111111111,3,High Potential Fast Trackers
39,Yes,Travel_Frequently,Research & Development,2,3,1,3,4,Healthcare Representative,4,Divorced,12169,7,11,4,3,4,3,18,11,0.1415029994247679,0.2083333333333333,0.0833333333333333,1.0383165114396289,2.25,1.5,0.3684210526315789,0.2631578947368421,0.2105263157894736,4,Stagnant Mid-Seniors
40,No,Travel_Rarely,Research & Development,14,3,3,2,5,Research Director,3,Single,19626,1,14,1,0,2,4,20,4,0.0779231631509222,0.2083333333333333,0.125,2.059184204925196,10.0,4.0,0.3333333333333333,0.4285714285714285,0.0952380952380952,2,Senior Stable
21,No,Travel_Rarely,Research & Development,1,1,4,2,1,Research Scientist,2,Single,2070,1,11,3,0,6,4,2,2,0.1283333333333333,0.25,0.5833333333333334,1.9560272206042344,1.0,0.6666666666666666,0.6666666666666666,0.6666666666666666,2.0,1,Overworked Juniors
39,No,Non-Travel,Research & Development,9,3,3,3,2,Laboratory Technician,2,Single,6782,9,15,3,0,2,2,5,0,0.1124609259805367,0.0833333333333333,0.0833333333333333,0.6652230287876426,0.5,5.0,0.6666666666666666,0.5,0.3333333333333333,0,Disengaged Juniors
36,No,Non-Travel,Research & Development,18,4,1,3,2,Manufacturing Director,4,Single,7779,2,20,1,0,0,3,11,0,0.1237806916056047,0.3333333333333333,0.125,3.768925281870408,3.6666666666666665,11.0,0.75,0.75,0.0,3,High Potential Fast Trackers
31,No,Travel_Frequently,Sales,20,3,3,4,1,Sales Representative,4,Married,2791,0,12,1,1,4,3,2,2,0.1055858115370835,0.2083333333333333,0.0416666666666666,1.9965579882523208,2.0,0.6666666666666666,0.6666666666666666,0.6666666666666666,1.3333333333333333,0,Disengaged Juniors
28,No,Travel_Rarely,Research & Development,2,1,1,2,1,Research Scientist,2,Married,3201,0,17,1,0,2,1,5,0,0.0797688222430491,0.3333333333333333,0.0416666666666666,1.985017945238972,5.0,5.0,0.5,0.6666666666666666,0.3333333333333333,0,Disengaged Juniors
35,No,Travel_Frequently,Sales,11,2,4,3,2,Sales Executive,4,Divorced,4968,1,11,4,1,3,3,5,0,0.1258152173913043,0.2916666666666667,0.2916666666666667,1.4472150582295762,2.5,5.0,0.3333333333333333,0.3333333333333333,0.5,0,Disengaged Juniors
49,No,Travel_Rarely,Sales,8,4,4,2,4,Sales Executive,2,Married,13120,6,17,2,1,3,3,9,2,0.1190114329268293,0.25,0.0833333333333333,1.4272107585832814,1.2857142857142858,3.0,0.8,0.3,0.3,2,Senior Stable
34,No,Travel_Frequently,Research & Development,2,2,4,3,2,Manufacturing Director,3,Single,4033,2,11,4,0,3,2,3,0,0.077731217455988,0.2916666666666667,0.2083333333333333,1.3106580910645682,1.0,3.0,0.5,0.5,0.75,0,Disengaged Juniors
29,No,Travel_Frequently,Research & Development,10,3,4,3,1,Research Scientist,2,Divorced,3291,0,14,4,2,2,2,7,1,0.1546551200243086,0.25,0.0416666666666666,2.2075530944512463,7.0,3.5,0.625,0.125,0.25,0,Disengaged Juniors
42,No,Travel_Rarely,Research & Development,29,3,2,1,2,Laboratory Technician,4,Single,4272,4,19,1,0,3,3,1,0,0.0916619850187265,0.25,0.0833333333333333,1.768617191796135,0.2,1.0,0.0,0.0,1.5,0,Disengaged Juniors
29,No,Travel_Rarely,Research & Development,8,1,2,2,2,Manufacturing Director,4,Married,5056,1,15,3,1,2,2,10,1,0.0915308544303797,0.3333333333333333,0.7083333333333334,2.649132309375056,5.0,5.0,0.6363636363636364,0.1818181818181818,0.1818181818181818,1,Overworked Juniors
38,No,Travel_Rarely,Human Resources,1,3,3,4,1,Human Resources,3,Married,2844,1,13,4,1,2,4,7,5,0.0879149085794656,0.2083333333333333,0.2083333333333333,1.9000721496116584,3.5,1.1666666666666667,0.75,0.0,0.25,0,Disengaged Juniors
28,No,Travel_Frequently,Research & Development,6,3,3,2,1,Research Scientist,3,Divorced,2703,1,14,4,1,2,3,3,0,0.1302330743618202,0.2083333333333333,0.9166666666666666,1.9029130463455812,1.5,3.0,0.25,0.5,0.5,1,Overworked Juniors
18,Yes,Non-Travel,Research & Development,8,1,3,3,1,Laboratory Technician,3,Single,1904,1,12,4,0,0,3,0,0,0.0667699579831933,0.25,0.0833333333333333,1.4993574968721914,0.0,0.0,0.0,0.0,0.0,0,Disengaged Juniors
33,Yes,Travel_Rarely,Sales,9,4,1,3,2,Sales Executive,1,Single,8224,0,17,1,0,3,3,5,0,0.0583560311284046,0.2916666666666667,0.9166666666666666,1.1976554058935198,5.0,5.0,0.3333333333333333,0.5,0.5,1,Overworked Juniors
41,No,Travel_Rarely,Research & Development,12,4,2,3,1,Laboratory Technician,4,Married,4766,3,11,1,1,4,3,1,0,0.0984221569450272,0.2083333333333333,0.625,1.7287626936652885,0.25,1.0,0.0,0.0,2.0,1,Overworked Juniors
31,Yes,Travel_Frequently,Research & Development,15,3,3,3,1,Laboratory Technician,3,Married,2610,1,12,3,1,5,2,2,2,0.1199808429118774,0.3333333333333333,0.0833333333333333,2.137053561539513,1.0,0.6666666666666666,0.6666666666666666,0.6666666666666666,1.6666666666666667,0,Disengaged Juniors
37,No,Travel_Rarely,Research & Development,25,2,3,2,2,Healthcare Representative,4,Divorced,5731,7,13,3,2,2,3,6,1,0.1075833187925319,0.2083333333333333,0.125,1.3870959212189025,0.75,3.0,0.2857142857142857,0.4285714285714285,0.2857142857142857,0,Disengaged Juniors
27,No,Travel_Rarely,Research & Development,6,3,4,2,1,Research Scientist,3,Married,2539,1,13,3,1,0,3,4,2,0.1178180385978731,0.3333333333333333,0.0833333333333333,2.900687708908635,2.0,1.3333333333333333,0.4,0.4,0.0,0,Disengaged Juniors
34,No,Travel_Rarely,Sales,9,1,2,3,2,Sales Executive,3,Married,5714,1,20,1,0,3,2,6,1,0.1379786489324466,0.3333333333333333,0.0833333333333333,6.325995348179031,3.0,3.0,0.7142857142857143,0.4285714285714285,0.4285714285714285,0,Disengaged Juniors
35,No,Travel_Rarely,Human Resources,8,4,3,3,1,Human Resources,3,Single,4323,1,17,2,0,2,1,5,1,0.1604557020587554,0.3333333333333333,0.0,3.2186052346996243,2.5,2.5,0.6666666666666666,0.6666666666666666,0.3333333333333333,0,Disengaged Juniors
29,Yes,Travel_Rarely,Sales,23,1,4,2,3,Sales Executive,1,Married,7336,1,13,1,1,3,1,11,3,0.1327876226826607,0.2916666666666667,0.0416666666666666,2.659332490069459,5.5,2.75,0.6666666666666666,0.8333333333333334,0.25,0,Disengaged Juniors
40,No,Travel_Frequently,Research & Development,9,4,2,3,3,Research Director,3,Single,13499,9,17,3,0,3,2,18,2,0.1354863323209126,0.2916666666666667,0.0833333333333333,2.2813314829487266,1.8,6.0,0.3684210526315789,0.6842105263157895,0.1578947368421052,2,Senior Stable
42,Yes,Travel_Frequently,Sales,12,3,3,3,4,Sales Executive,1,Single,13758,0,12,2,0,2,2,21,13,0.0744890245675243,0.2916666666666667,0.7083333333333334,2.8970437535329645,21.0,1.5,0.4090909090909091,0.6363636363636364,0.0909090909090909,4,Stagnant Mid-Seniors
42,No,Travel_Rarely,Sales,4,4,2,3,2,Sales Executive,1,Single,5155,7,13,4,0,3,4,6,1,0.1452143549951503,0.25,0.0416666666666666,2.2288492115868306,0.75,3.0,0.5714285714285714,0.7142857142857143,0.4285714285714285,0,Disengaged Juniors
35,No,Travel_Rarely,Research & Development,1,4,4,2,1,Laboratory Technician,3,Married,2258,6,12,2,1,2,3,8,1,0.1340035429583702,0.3333333333333333,0.0833333333333333,2.309670760542179,1.1428571428571428,4.0,0.0,0.7777777777777778,0.2222222222222222,0,Disengaged Juniors
24,No,Travel_Rarely,Research & Development,24,3,4,3,1,Laboratory Technician,2,Single,3597,8,22,4,0,2,3,4,1,0.138167917709202,0.3333333333333333,0.0833333333333333,4.045715398754767,0.4444444444444444,2.0,0.6,0.4,0.4,0,Disengaged Juniors
28,Yes,Travel_Rarely,Research & Development,12,1,3,3,1,Laboratory Technician,4,Married,2515,1,11,4,0,4,2,1,0,0.0938330019880714,0.25,0.875,1.0413157597255882,0.5,1.0,0.5,0.0,2.0,1,Overworked Juniors
26,No,Travel_Rarely,Research & Development,3,4,1,4,1,Laboratory Technician,4,Married,4420,1,22,2,1,2,3,8,0,0.0836289592760181,0.32,0.04,5.930727814280743,4.0,8.0,0.7777777777777778,0.7777777777777778,0.2222222222222222,0,Disengaged Juniors
30,No,Travel_Rarely,Sales,10,3,3,2,2,Sales Executive,3,Married,6578,1,18,1,1,3,3,10,1,0.1073973852234721,0.2916666666666667,0.0833333333333333,2.6302739955792065,5.0,5.0,0.2727272727272727,0.3636363636363636,0.2727272727272727,0,Disengaged Juniors
40,No,Travel_Frequently,Research & Development,26,2,3,2,2,Research Scientist,4,Married,4422,3,13,4,1,3,1,1,0,0.1017164179104477,0.2916666666666667,0.625,2.0878308868829283,0.25,1.0,0.5,0.0,1.5,1,Overworked Juniors
35,No,Travel_Rarely,Research & Development,2,3,3,2,3,Manufacturing Director,2,Divorced,10274,2,18,2,1,2,4,7,6,0.0501528129258322,0.3333333333333333,0.25,2.3718709865025325,2.333333333333333,1.0,0.875,0.5,0.25,4,Stagnant Mid-Seniors
34,No,Travel_Frequently,Research & Development,1,3,4,2,2,Healthcare Representative,1,Single,5343,0,20,3,0,3,3,13,4,0.0729590117911285,0.3333333333333333,0.0833333333333333,4.836561031791566,13.0,2.6,0.6428571428571429,0.6428571428571429,0.2142857142857142,0,Disengaged Juniors
35,No,Travel_Frequently,Research & Development,4,4,4,2,1,Laboratory Technician,4,Married,2376,1,13,2,1,2,4,2,2,0.1627188552188551,0.3333333333333333,0.0,3.308878582060764,1.0,0.6666666666666666,0.6666666666666666,0.6666666666666666,0.6666666666666666,0,Disengaged Juniors
43,Yes,Travel_Rarely,Sales,9,3,1,1,2,Sales Executive,3,Single,5346,8,13,2,0,2,2,4,1,0.0993116348671904,0.25,0.125,1.1821436804148096,0.4444444444444444,2.0,0.6,0.6,0.4,0,Disengaged Juniors
32,No,Non-Travel,Sales,2,1,3,3,1,Sales Representative,1,Divorced,2827,1,12,3,3,3,3,1,0,0.0816519278386982,0.2916666666666667,0.125,1.436575390840209,0.5,1.0,0.0,0.0,1.5,0,Disengaged Juniors
56,No,Travel_Rarely,Research & Development,4,4,4,3,5,Manager,1,Divorced,19943,4,13,4,1,2,3,5,4,0.0692137592137593,0.25,0.125,2.2876398264638507,1.0,1.0,0.3333333333333333,0.3333333333333333,0.3333333333333333,2,Senior Stable
29,No,Travel_Rarely,Research & Development,6,1,2,3,1,Laboratory Technician,4,Married,3131,1,13,1,1,5,3,10,0,0.1116767805812838,0.125,0.0833333333333333,1.0958121293363414,5.0,10.0,0.7272727272727273,0.7272727272727273,0.4545454545454545,3,High Potential Fast Trackers
19,No,Travel_Rarely,Research & Development,9,2,3,3,1,Research Scientist,1,Single,2552,1,25,3,0,4,3,1,0,0.1778840125391849,0.3333333333333333,0.0416666666666666,5.032068592200209,0.5,1.0,0.5,0.0,2.0,0,Disengaged Juniors
45,No,Travel_Rarely,Research & Development,7,3,1,3,1,Research Scientist,3,Married,4477,4,19,3,1,2,2,3,0,0.1775541657359839,0.25,0.6666666666666666,1.6470791802097149,0.6,3.0,0.5,0.5,0.5,1,Overworked Juniors
37,No,Travel_Rarely,Research & Development,1,3,4,2,2,Manufacturing Director,4,Married,6474,1,13,2,1,2,2,14,3,0.0957784986098238,0.2916666666666667,0.1666666666666666,1.5148529747930222,7.0,3.5,0.5333333333333333,0.7333333333333333,0.1333333333333333,0,Disengaged Juniors
20,No,Travel_Rarely,Research & Development,3,3,1,2,1,Laboratory Technician,3,Single,3033,1,12,1,0,2,2,2,1,0.1202373887240355,0.3333333333333333,0.125,2.20952631534456,1.0,1.0,0.6666666666666666,0.6666666666666666,0.6666666666666666,0,Disengaged Juniors
44,Yes,Travel_Rarely,Research & Development,10,4,3,3,1,Research Scientist,3,Single,2936,1,11,3,0,4,3,6,0,0.1774216621253405,0.1666666666666666,0.75,0.8043545196377576,3.0,6.0,0.5714285714285714,0.2857142857142857,0.5714285714285714,1,Overworked Juniors
53,No,Travel_Rarely,Research & Development,7,2,4,3,5,Manager,3,Divorced,18606,3,18,2,1,6,3,7,4,0.0944759754917768,0.25,0.0,2.2525722041655145,1.75,1.4,0.875,0.875,0.75,2,Senior Stable
29,No,Travel_Rarely,Research & Development,15,1,2,1,1,Research Scientist,4,Married,2168,0,18,1,1,2,2,5,1,0.1526660516605166,0.1666666666666666,0.6666666666666666,1.3833251889544669,5.0,2.5,0.6666666666666666,0.5,0.3333333333333333,1,Overworked Juniors
22,Yes,Travel_Frequently,Research & Development,3,4,3,2,1,Research Scientist,4,Married,2853,0,11,2,1,5,3,0,0,0.0591728005608132,0.3333333333333333,0.9166666666666666,2.7260847730502342,0.0,0.0,0.0,0.0,5.0,1,Overworked Juniors
46,No,Travel_Rarely,Sales,2,3,3,3,4,Manager,1,Married,17048,8,23,1,0,2,3,26,15,0.0988696621304551,0.3333333333333333,0.0833333333333333,5.554671709664061,2.888888888888889,1.625,0.5555555555555556,0.3333333333333333,0.074074074074074,4,Stagnant Mid-Seniors
44,No,Non-Travel,Research & Development,17,3,4,1,1,Research Scientist,3,Single,2290,2,13,4,0,3,3,0,0,0.1358078602620087,0.2083333333333333,0.0,1.2574479076976064,0.0,0.0,0.0,0.0,3.0,0,Disengaged Juniors
33,No,Travel_Rarely,Human Resources,2,3,2,3,1,Human Resources,3,Married,3600,1,13,4,1,2,3,5,1,0.1505722222222223,0.3333333333333333,0.125,2.639478630865998,2.5,2.5,0.6666666666666666,0.6666666666666666,0.3333333333333333,0,Disengaged Juniors
41,Yes,Non-Travel,Research & Development,5,2,1,2,1,Research Scientist,1,Divorced,2107,6,17,1,1,2,1,1,0,0.1459183673469387,0.2916666666666667,0.2916666666666667,1.6807108339138996,0.1428571428571428,1.0,0.0,0.0,1.0,0,Disengaged Juniors
30,No,Travel_Rarely,Sales,29,4,3,3,2,Sales Executive,1,Divorced,4115,8,19,3,3,3,3,4,0,0.0613049817739976,0.2916666666666667,0.0,2.84282666123464,0.4444444444444444,4.0,0.6,0.6,0.6,0,Disengaged Juniors
40,No,Travel_Frequently,Sales,2,4,2,3,2,Sales Executive,2,Married,4327,5,12,4,3,2,3,0,0,0.1736029581696326,0.3333333333333333,0.0833333333333333,1.4348067989637698,0.0,0.0,0.0,0.0,2.0,0,Disengaged Juniors
50,No,Travel_Frequently,Research & Development,2,3,4,3,4,Manager,1,Married,17856,2,22,3,1,3,3,2,2,0.0782952508960573,0.3333333333333333,0.1666666666666666,5.542322131992771,0.6666666666666666,0.6666666666666666,0.6666666666666666,0.6666666666666666,1.0,2,Senior Stable
28,No,Travel_Rarely,Research & Development,19,4,4,2,1,Laboratory Technician,1,Married,3196,1,12,3,3,2,3,6,3,0.095078222778473,0.3333333333333333,0.0833333333333333,2.7609298405998297,3.0,1.5,0.7142857142857143,0.4285714285714285,0.2857142857142857,0,Disengaged Juniors
46,No,Travel_Rarely,Research & Development,15,2,4,3,5,Research Director,2,Married,19081,5,11,1,1,2,3,4,0,0.1023374037000157,0.2916666666666667,0.0833333333333333,2.236211935288139,0.6666666666666666,4.0,0.4,0.6,0.4,2,Senior Stable
35,No,Travel_Rarely,Sales,17,4,3,3,2,Sales Executive,1,Married,8966,3,15,4,3,2,3,7,1,0.0722429176890474,0.25,0.7083333333333334,1.702178522769228,1.75,3.5,0.875,0.875,0.25,1,Overworked Juniors
24,Yes,Travel_Rarely,Research & Development,17,2,4,3,1,Laboratory Technician,2,Married,2210,1,13,1,1,3,1,1,0,0.06889592760181,0.3333333333333333,0.125,1.814347098954711,0.5,1.0,0.0,0.0,1.5,0,Disengaged Juniors
33,No,Travel_Frequently,Sales,25,3,2,3,2,Sales Executive,3,Married,4539,1,12,1,1,3,2,10,0,0.0905089226701916,0.2916666666666667,0.1666666666666666,1.53503003317693,5.0,10.0,0.6363636363636364,0.0909090909090909,0.2727272727272727,3,High Potential Fast Trackers
36,No,Travel_Rarely,Research & Development,6,4,3,1,1,Laboratory Technician,3,Divorced,2741,1,14,3,1,4,3,7,1,0.1640459686245896,0.2083333333333333,0.0833333333333333,1.7154636318458256,3.5,3.5,0.875,0.875,0.5,0,Disengaged Juniors
30,No,Travel_Rarely,Research & Development,7,4,3,3,2,Laboratory Technician,3,Divorced,3491,1,13,1,3,4,2,10,8,0.1724978516184474,0.25,0.0833333333333333,1.4774953671699935,5.0,1.1111111111111112,0.6363636363636364,0.8181818181818182,0.3636363636363636,0,Disengaged Juniors
44,No,Travel_Rarely,Research & Development,29,4,4,3,2,Research Scientist,4,Single,4541,1,25,2,0,3,3,20,13,0.1639154371283858,0.3333333333333333,0.125,3.854103387045375,10.0,1.4285714285714286,0.5238095238095238,0.8095238095238095,0.1428571428571428,4,Stagnant Mid-Seniors
20,No,Travel_Rarely,Sales,21,3,3,4,1,Sales Representative,4,Single,2678,1,17,4,0,2,3,2,2,0.134286781179985,0.2916666666666667,0.0833333333333333,1.9907157752629336,1.0,0.6666666666666666,0.3333333333333333,0.6666666666666666,0.6666666666666666,0,Disengaged Juniors
46,No,Travel_Rarely,Research & Development,2,4,4,3,2,Manufacturing Director,4,Divorced,7379,2,11,3,1,3,2,6,1,0.1636143108822333,0.2916666666666667,0.0,2.517034542252373,2.0,3.0,0.4285714285714285,0.5714285714285714,0.4285714285714285,0,Disengaged Juniors
42,No,Non-Travel,Human Resources,2,5,4,4,2,Human Resources,1,Married,6272,7,16,1,1,3,4,4,0,0.1576323341836734,0.2083333333333333,0.0416666666666666,1.2710680471397144,0.5,4.0,0.6,0.6,0.6,0,Disengaged Juniors
60,No,Travel_Rarely,Sales,7,4,2,4,2,Sales Executive,4,Divorced,5220,0,18,2,1,3,3,11,1,0.0776743295019157,0.25,0.7083333333333334,2.136968761646149,11.0,5.5,0.5833333333333334,0.75,0.25,3,High Potential Fast Trackers
32,No,Travel_Frequently,Research & Development,13,3,3,2,1,Laboratory Technician,2,Married,2743,1,20,3,1,2,3,2,2,0.1027633977397011,0.3333333333333333,0.125,6.271237521854378,1.0,0.6666666666666666,0.6666666666666666,0.6666666666666666,0.6666666666666666,0,Disengaged Juniors
32,No,Travel_Frequently,Research & Development,2,2,4,3,2,Research Scientist,3,Single,4998,4,14,4,0,2,3,8,0,0.0819747899159663,0.2083333333333333,0.6666666666666666,1.4726676777400287,1.6,8.0,0.7777777777777778,0.7777777777777778,0.2222222222222222,1,Overworked Juniors
36,No,Travel_Rarely,Research & Development,1,3,3,1,3,Manufacturing Director,1,Divorced,10252,2,21,3,1,2,3,7,7,0.0911656262192742,0.3333333333333333,0.7916666666666666,3.8945583358751543,2.333333333333333,0.875,0.875,0.875,0.25,1,Overworked Juniors
33,No,Travel_Rarely,Research & Development,9,3,1,3,1,Research Scientist,4,Married,2781,0,13,2,1,5,3,14,4,0.1737648327939589,0.2916666666666667,0.0833333333333333,1.639358888949315,14.0,2.8,0.6666666666666666,0.6666666666666666,0.3333333333333333,0,Disengaged Juniors
40,No,Travel_Rarely,Sales,10,3,2,2,2,Sales Executive,2,Divorced,6852,7,12,2,1,2,4,5,1,0.1030647985989491,0.2916666666666667,0.0416666666666666,2.833679868045249,0.625,2.5,0.1666666666666666,0.5,0.3333333333333333,0,Disengaged Juniors
25,No,Travel_Rarely,Sales,10,4,3,3,2,Sales Executive,4,Single,4950,0,14,2,0,4,3,4,1,0.107949494949495,0.2916666666666667,0.0,1.6503215930474795,4.0,2.0,0.6,0.2,0.8,0,Disengaged Juniors
30,No,Travel_Rarely,Research & Development,1,3,4,3,1,Research Scientist,2,Married,3579,0,21,1,1,2,3,11,5,0.0963509360156468,0.3333333333333333,0.75,4.56084007709911,11.0,1.8333333333333333,0.75,0.5833333333333334,0.1666666666666666,1,Overworked Juniors
42,No,Travel_Frequently,Research & Development,26,5,1,3,3,Research Director,1,Married,13191,3,17,3,0,6,3,1,0,0.0787233719960579,0.3333333333333333,0.75,2.2610990932845763,0.25,1.0,0.0,0.0,3.0,2,Senior Stable
35,No,Non-Travel,Sales,8,2,3,2,3,Sales Executive,4,Married,10377,4,11,2,1,6,2,13,4,0.1577488676881564,0.25,0.875,1.8312138163826897,2.6,2.6,0.1428571428571428,0.8571428571428571,0.4285714285714285,1,Overworked Juniors
27,No,Travel_Rarely,Research & Development,14,3,1,3,1,Research Scientist,1,Married,2235,1,14,4,2,3,2,9,6,0.0757897091722594,0.25,0.7916666666666666,1.7101148418409076,4.5,1.2857142857142858,0.7,0.8,0.3,1,Overworked Juniors
54,No,Travel_Frequently,Research & Development,1,4,4,3,3,Manufacturing Director,3,Divorced,10502,7,17,1,1,2,1,5,1,0.1060026661588268,0.25,0.0833333333333333,2.106502012690182,0.625,2.5,0.6666666666666666,0.6666666666666666,0.3333333333333333,2,Senior Stable
44,No,Travel_Rarely,Research & Development,2,1,1,4,1,Research Scientist,4,Married,2011,1,13,4,1,5,3,10,7,0.1138090502237692,0.2916666666666667,0.0416666666666666,1.6228663606871925,5.0,1.25,0.4545454545454545,0.6363636363636364,0.4545454545454545,0,Disengaged Juniors
19,Yes,Non-Travel,Research & Development,10,3,1,2,1,Research Scientist,2,Single,1859,1,25,2,0,2,4,1,0,0.0843249058633674,0.3333333333333333,0.7083333333333334,3.5309402161120653,0.5,1.0,0.5,0.0,1.0,1,Overworked Juniors
29,No,Travel_Rarely,Research & Development,1,3,1,3,1,Research Scientist,4,Divorced,3760,1,15,1,3,5,3,3,1,0.0632765957446808,0.25,0.1666666666666666,1.5215965453187534,1.5,1.5,0.5,0.5,1.25,0,Disengaged Juniors
54,No,Travel_Rarely,Research & Development,3,3,4,3,4,Research Director,4,Married,17779,3,14,1,0,2,3,10,0,0.115351819562405,0.2916666666666667,0.1666666666666666,2.77276338994263,2.5,10.0,0.8181818181818182,0.8181818181818182,0.1818181818181818,2,Senior Stable
31,No,Travel_Rarely,Research & Development,11,2,3,3,2,Healthcare Representative,1,Married,6833,1,12,4,0,2,2,6,0,0.1684589492170349,0.2083333333333333,0.625,1.5457986218291375,3.0,6.0,0.7142857142857143,0.1428571428571428,0.2857142857142857,1,Overworked Juniors
31,No,Travel_Rarely,Research & Development,24,3,3,2,2,Healthcare Representative,1,Single,6812,1,19,2,0,2,3,10,1,0.1226042278332355,0.2916666666666667,0.0833333333333333,2.4168824430448983,5.0,5.0,0.8181818181818182,0.7272727272727273,0.1818181818181818,0,Disengaged Juniors
59,No,Travel_Rarely,Sales,3,3,3,2,2,Sales Executive,4,Single,5171,5,17,4,0,2,3,6,0,0.1019261264745697,0.2916666666666667,0.2083333333333333,1.2876793435496612,1.0,6.0,0.1428571428571428,0.7142857142857143,0.2857142857142857,0,Disengaged Juniors
43,No,Travel_Rarely,Research & Development,3,3,3,1,5,Research Director,4,Married,19740,3,14,2,1,2,3,8,0,0.163725937183384,0.2916666666666667,0.0833333333333333,2.072600333838755,2.0,8.0,0.7777777777777778,0.7777777777777778,0.2222222222222222,2,Senior Stable
49,No,Travel_Rarely,Research & Development,4,2,1,2,5,Manager,3,Married,18711,2,13,3,1,2,4,1,0,0.1723852279407835,0.2083333333333333,0.0416666666666666,1.963673801491052,0.3333333333333333,1.0,0.0,0.0,1.0,2,Senior Stable
36,No,Travel_Frequently,Research & Development,3,3,3,3,1,Research Scientist,2,Married,3692,1,12,3,0,2,2,11,0,0.1328981581798483,0.25,0.1666666666666666,2.409347529248921,5.5,11.0,0.8333333333333334,0.5833333333333334,0.1666666666666666,3,High Potential Fast Trackers
48,No,Travel_Rarely,Research & Development,2,2,4,4,1,Laboratory Technician,2,Single,2559,5,11,3,0,4,2,1,0,0.1373974208675263,0.2916666666666667,0.125,1.850158385873328,0.1666666666666666,1.0,0.0,0.0,2.0,0,Disengaged Juniors
27,No,Travel_Rarely,Research & Development,4,2,1,3,1,Research Scientist,3,Divorced,2517,1,11,2,3,2,3,5,0,0.0581764004767579,0.3333333333333333,0.0833333333333333,2.061154511626769,2.5,5.0,0.5,0.5,0.3333333333333333,0,Disengaged Juniors
29,No,Travel_Rarely,Research & Development,7,3,3,3,2,Healthcare Representative,4,Divorced,6623,1,11,2,2,2,3,6,1,0.0521651819417182,0.2083333333333333,0.5416666666666666,1.614069352964683,3.0,3.0,0.0,0.0,0.2857142857142857,1,Overworked Juniors
48,No,Travel_Rarely,Research & Development,1,3,4,2,5,Research Director,4,Single,18265,6,12,3,0,3,4,1,0,0.1395926635641938,0.25,0.0833333333333333,1.4872655835115591,0.1428571428571428,1.0,0.0,0.0,1.5,2,Senior Stable
29,No,Travel_Rarely,Research & Development,1,3,4,2,4,Research Director,4,Divorced,16124,3,14,2,2,2,2,7,1,0.1497419995038451,0.3333333333333333,0.0416666666666666,1.934341610111694,1.75,3.5,0.875,0.875,0.25,2,Senior Stable
34,No,Travel_Rarely,Research & Development,20,3,3,4,1,Research Scientist,3,Married,2585,0,17,4,0,5,2,1,0,0.1209787234042553,0.3333333333333333,0.0833333333333333,2.3236604606275244,1.0,1.0,0.0,0.0,2.5,0,Disengaged Juniors
44,No,Travel_Rarely,Sales,5,3,2,3,5,Manager,2,Married,18213,7,11,3,1,5,3,22,3,0.1524987646186789,0.25,0.1666666666666666,1.9304465607410408,2.75,5.5,0.391304347826087,0.4347826086956521,0.217391304347826,2,Senior Stable
33,No,Travel_Rarely,Sales,10,5,4,4,3,Sales Executive,3,Divorced,8380,0,14,4,2,3,3,9,0,0.0589463007159903,0.25,0.6666666666666666,1.7960249621888456,9.0,9.0,0.8,0.8,0.3,3,High Potential Fast Trackers
19,No,Travel_Rarely,Research & Development,25,3,2,4,1,Research Scientist,4,Single,2994,1,12,4,0,2,3,1,0,0.1641249164996659,0.25,0.5833333333333334,1.7880610847859106,0.5,1.0,0.0,0.5,1.0,1,Overworked Juniors
23,No,Travel_Rarely,Research & Development,1,2,4,3,1,Research Scientist,3,Married,1223,1,22,4,1,2,3,1,0,0.1491332788225675,0.3333333333333333,0.0833333333333333,3.890518264867121,0.5,1.0,0.0,0.5,1.0,0,Disengaged Juniors
25,Yes,Travel_Frequently,Sales,24,1,3,1,1,Sales Representative,4,Single,1118,1,14,4,0,4,3,1,1,0.1445080500894454,0.3333333333333333,0.5,2.5186568498568818,0.5,0.5,0.0,0.0,2.0,1,Overworked Juniors
26,No,Travel_Rarely,Research & Development,4,2,3,3,1,Research Scientist,4,Single,2875,1,20,2,0,2,2,8,2,0.0717008695652173,0.3333333333333333,0.75,5.840863877159224,4.0,2.6666666666666665,0.5555555555555556,0.2222222222222222,0.2222222222222222,1,Overworked Juniors
45,Yes,Travel_Rarely,Sales,2,3,1,1,5,Manager,2,Single,18824,2,16,1,0,2,3,24,1,0.1794639821504462,0.3333333333333333,0.9166666666666666,1.3999283712476964,8.0,12.0,0.4,0.44,0.08,3,High Potential Fast Trackers
55,No,Non-Travel,Research & Development,8,1,4,2,4,Healthcare Representative,2,Divorced,13577,1,15,4,1,3,3,33,15,0.1510539883626722,0.2916666666666667,0.7916666666666666,2.8152574543115394,16.5,2.0625,0.2647058823529412,0.0,0.088235294117647,4,Stagnant Mid-Seniors
21,Yes,Travel_Frequently,Research & Development,10,2,1,2,1,Laboratory Technician,3,Single,2625,1,20,3,0,2,1,2,2,0.1664533333333333,0.3333333333333333,0.125,6.978035053414783,1.0,0.6666666666666666,0.6666666666666666,0.6666666666666666,0.6666666666666666,0,Disengaged Juniors
46,No,Travel_Rarely,Sales,4,2,4,2,5,Manager,2,Married,18789,2,14,3,1,2,3,11,0,0.1028192027249986,0.2083333333333333,0.0416666666666666,1.5143865696984988,3.6666666666666665,11.0,0.3333333333333333,0.6666666666666666,0.1666666666666666,2,Senior Stable
34,No,Travel_Rarely,Sales,2,3,3,3,2,Sales Executive,1,Single,4538,0,12,4,0,3,3,3,0,0.0842992507712649,0.3333333333333333,0.9166666666666666,2.016608141331851,3.0,3.0,0.5,0.5,0.75,1,Overworked Juniors
51,No,Travel_Frequently,Sales,9,3,4,3,5,Manager,2,Divorced,19847,4,24,1,1,5,2,29,11,0.1546148032448228,0.3333333333333333,0.7083333333333334,4.7881874755431015,5.8,2.4166666666666665,0.3333333333333333,0.3333333333333333,0.1666666666666666,4,Stagnant Mid-Seniors
59,No,Travel_Rarely,Research & Development,18,4,4,3,3,Manufacturing Director,4,Single,10512,6,12,4,0,6,2,9,5,0.0613565449010654,0.3333333333333333,0.0416666666666666,1.3392562143099862,1.2857142857142858,1.5,0.7,0.4,0.6,2,Senior Stable
34,No,Travel_Frequently,Research & Development,19,3,3,3,2,Laboratory Technician,2,Divorced,4444,4,13,3,2,2,4,11,5,0.0936386138613861,0.2916666666666667,0.1666666666666666,1.445197009004272,2.2,1.8333333333333333,0.6666666666666666,0.8333333333333334,0.1666666666666666,0,Disengaged Juniors
28,No,Travel_Frequently,Research & Development,1,4,4,3,1,Laboratory Technician,3,Single,2154,0,11,3,0,2,2,4,0,0.1611513463324047,0.3333333333333333,0.7083333333333334,1.3791982447999909,4.0,4.0,0.4,0.4,0.4,1,Overworked Juniors
44,No,Travel_Rarely,Research & Development,4,2,3,4,5,Manager,1,Divorced,19190,1,14,4,2,4,2,25,14,0.145734757686295,0.2916666666666667,0.0,1.5493343592861288,12.5,1.6666666666666667,0.3461538461538461,0.5,0.1538461538461538,4,Stagnant Mid-Seniors
34,No,Travel_Frequently,Human Resources,11,3,3,2,2,Human Resources,2,Married,4490,4,11,4,2,5,4,10,1,0.0927126948775055,0.2083333333333333,0.0416666666666666,1.1579507952909611,2.0,5.0,0.8181818181818182,0.7272727272727273,0.4545454545454545,0,Disengaged Juniors
35,No,Travel_Rarely,Research & Development,6,1,3,3,1,Research Scientist,3,Married,3506,0,14,4,0,3,3,3,2,0.0543782087849401,0.25,0.7083333333333334,1.939530192881456,3.0,1.0,0.5,0.5,0.75,1,Overworked Juniors
42,No,Travel_Rarely,Research & Development,7,4,2,4,2,Research Scientist,2,Married,2372,6,16,4,0,2,3,1,0,0.073397976391231,0.25,0.75,1.719719261798176,0.1428571428571428,1.0,0.0,0.0,1.0,1,Overworked Juniors
43,No,Travel_Rarely,Sales,4,4,4,2,3,Sales Executive,4,Single,10231,3,14,4,0,3,4,21,15,0.1571918678526047,0.2916666666666667,0.0416666666666666,2.214690164909792,5.25,1.3125,0.3181818181818182,0.7727272727272727,0.1363636363636363,4,Stagnant Mid-Seniors
36,No,Travel_Rarely,Research & Development,2,4,3,3,2,Manufacturing Director,2,Single,5410,9,11,4,0,2,3,16,5,0.0816783733826247,0.2916666666666667,0.8333333333333334,2.844057916970413,1.6,2.6666666666666665,0.8235294117647058,0.7058823529411765,0.1176470588235294,1,Overworked Juniors
44,Yes,Travel_Rarely,Research & Development,15,3,1,3,3,Healthcare Representative,4,Married,7978,1,11,4,1,2,3,10,0,0.1714402105790925,0.2916666666666667,0.0416666666666666,1.8093647605961316,5.0,10.0,0.6363636363636364,0.4545454545454545,0.1818181818181818,3,High Potential Fast Trackers
28,No,Travel_Frequently,Research & Development,2,3,4,2,1,Laboratory Technician,4,Married,3867,1,12,2,1,2,3,2,2,0.1581768813033359,0.2916666666666667,0.75,2.133898222850013,1.0,0.6666666666666666,0.6666666666666666,0.6666666666666666,0.6666666666666666,1,Overworked Juniors
51,No,Travel_Frequently,Research & Development,6,2,2,2,1,Laboratory Technician,3,Single,2838,0,14,2,0,6,2,7,7,0.1401444679351656,0.1666666666666666,0.0416666666666666,0.8639171512867534,7.0,0.875,0.0,0.875,0.75,0,Disengaged Juniors
30,No,Non-Travel,Research & Development,9,2,3,3,2,Manufacturing Director,3,Single,4695,7,18,3,0,3,3,8,1,0.0619148029818955,0.2916666666666667,0.7083333333333334,2.035400816731096,1.0,4.0,0.4444444444444444,0.7777777777777778,0.3333333333333333,1,Overworked Juniors
29,Yes,Travel_Rarely,Research & Development,7,3,2,3,1,Laboratory Technician,3,Divorced,3339,3,13,1,2,2,3,7,7,0.0601766996106618,0.25,0.7083333333333334,1.1705746227593183,1.75,0.875,0.875,0.875,0.25,1,Overworked Juniors
28,No,Travel_Rarely,Research & Development,1,3,4,3,1,Research Scientist,1,Single,2080,2,11,2,0,2,2,3,1,0.1644903846153845,0.25,0.0416666666666666,2.1644250733092494,1.0,1.5,0.5,0.5,0.5,0,Disengaged Juniors
25,No,Travel_Rarely,Research & Development,1,3,4,3,1,Research Scientist,2,Single,2096,1,18,4,0,3,2,2,2,0.1362881679389312,0.1666666666666666,0.0416666666666666,0.983096503801688,1.0,0.6666666666666666,0.6666666666666666,0.3333333333333333,1.0,0,Disengaged Juniors
32,No,Travel_Rarely,Sales,8,3,3,4,2,Sales Executive,4,Married,6209,1,15,3,2,4,4,10,0,0.1527878885488806,0.2083333333333333,0.0416666666666666,1.1218154422214743,5.0,10.0,0.6363636363636364,0.7272727272727273,0.3636363636363636,3,High Potential Fast Trackers
45,No,Travel_Frequently,Research & Development,25,3,2,3,5,Manager,2,Single,18061,3,22,3,0,4,3,0,0,0.1365909971762361,0.3333333333333333,0.0416666666666666,6.56766950547352,0.0,0.0,0.0,0.0,4.0,2,Senior Stable
39,No,Travel_Rarely,Research & Development,13,4,3,2,4,Manager,2,Divorced,17123,6,13,4,2,4,3,19,15,0.0829153769783331,0.2916666666666667,0.6666666666666666,1.25445983172053,2.7142857142857144,1.1875,0.45,0.1,0.2,4,Stagnant Mid-Seniors
58,No,Travel_Rarely,Research & Development,23,4,1,3,1,Research Scientist,3,Divorced,2372,1,12,4,2,3,3,2,2,0.0742032040472176,0.2916666666666667,0.0833333333333333,2.034464022092096,1.0,0.6666666666666666,0.6666666666666666,0.6666666666666666,1.0,0,Disengaged Juniors
32,Yes,Travel_Rarely,Research & Development,7,2,4,3,2,Laboratory Technician,3,Married,4883,1,18,1,1,3,3,10,1,0.1542310055293876,0.25,0.0416666666666666,1.34689499956805,5.0,5.0,0.3636363636363636,0.0909090909090909,0.2727272727272727,0,Disengaged Juniors
39,Yes,Travel_Rarely,Research & Development,23,3,3,3,1,Research Scientist,1,Single,3904,0,13,1,0,2,3,5,0,0.1034605532786884,0.2083333333333333,0.125,1.328816361777908,5.0,5.0,0.3333333333333333,0.5,0.3333333333333333,0,Disengaged Juniors
30,No,Travel_Rarely,Research & Development,6,3,1,2,2,Laboratory Technician,4,Married,4627,0,12,1,1,6,3,9,6,0.0592306029824941,0.25,0.125,1.2821243693479882,9.0,1.2857142857142858,0.2,0.7,0.6,0,Disengaged Juniors
36,No,Travel_Rarely,Research & Development,10,4,4,3,3,Healthcare Representative,3,Married,7094,3,12,1,0,0,3,7,1,0.1186819847758669,0.3333333333333333,0.125,2.011504059179359,1.75,3.5,0.875,0.875,0.0,0,Disengaged Juniors
46,No,Travel_Rarely,Human Resources,1,2,4,3,1,Human Resources,1,Single,3423,6,12,3,0,3,4,7,5,0.0803271983640081,0.3333333333333333,0.125,3.201772882116864,1.0,1.1666666666666667,0.75,0.875,0.375,0,Disengaged Juniors
28,No,Non-Travel,Research & Development,1,3,3,1,2,Laboratory Technician,4,Married,6674,0,11,1,3,6,3,9,7,0.08106682649086,0.2916666666666667,0.1666666666666666,2.4851774081985702,9.0,1.125,0.8,0.5,0.6,4,Stagnant Mid-Seniors
50,No,Travel_Rarely,Research & Development,28,3,4,3,4,Research Director,1,Married,16880,4,11,2,0,2,3,3,1,0.1722648104265403,0.2083333333333333,0.7916666666666666,1.377383540050232,0.6,1.5,0.5,0.5,0.5,2,Senior Stable
40,Yes,Travel_Rarely,Sales,25,4,4,2,3,Sales Executive,2,Single,9094,2,12,3,0,2,3,5,1,0.1243303276885858,0.2916666666666667,0.8333333333333334,2.590340867438927,1.6666666666666667,2.5,0.6666666666666666,0.0,0.3333333333333333,1,Overworked Juniors
52,Yes,Travel_Rarely,Sales,5,3,2,3,3,Sales Executive,2,Single,8446,9,19,3,0,2,2,8,7,0.1750284158181388,0.25,0.9166666666666666,1.59512112404716,0.8,1.0,0.7777777777777778,0.7777777777777778,0.2222222222222222,1,Overworked Juniors
30,No,Travel_Rarely,Research & Development,17,4,2,3,3,Manager,1,Married,11916,1,23,4,2,2,3,9,0,0.1445023497818059,0.3333333333333333,0.7083333333333334,4.431659459721526,4.5,9.0,0.1,0.8,0.2,3,High Potential Fast Trackers
39,No,Travel_Rarely,Research & Development,18,2,1,3,2,Manufacturing Director,3,Single,4534,0,11,1,0,6,3,8,1,0.0660013233348037,0.2916666666666667,0.0416666666666666,1.840663442718878,8.0,4.0,0.7777777777777778,0.7777777777777778,0.6666666666666666,0,Disengaged Juniors
31,No,Non-Travel,Sales,2,4,4,3,3,Sales Executive,3,Divorced,9852,1,19,1,1,5,2,10,9,0.1610840438489647,0.2916666666666667,0.7083333333333334,2.2157092661059066,5.0,1.0,0.7272727272727273,0.5454545454545454,0.4545454545454545,4,Stagnant Mid-Seniors
41,No,Non-Travel,Sales,10,2,3,1,2,Sales Executive,2,Single,6151,1,13,1,0,4,3,19,11,0.0768314095269062,0.2916666666666667,0.2083333333333333,1.5964927675239424,9.5,1.5833333333333333,0.1,0.45,0.2,4,Stagnant Mid-Seniors
31,Yes,Travel_Frequently,Sales,1,3,4,3,1,Sales Representative,2,Single,2302,1,11,1,0,2,4,3,2,0.1336185925282363,0.3333333333333333,0.6666666666666666,1.878488997318168,1.5,1.0,0.5,0.5,0.5,1,Overworked Juniors
44,Yes,Travel_Rarely,Research & Development,3,3,1,3,1,Laboratory Technician,1,Married,2362,4,12,3,0,4,4,3,1,0.0600846740050804,0.2916666666666667,0.0833333333333333,1.3300679863639884,0.6,1.5,0.5,0.5,1.0,0,Disengaged Juniors
42,No,Non-Travel,Research & Development,2,1,3,3,4,Manager,3,Married,17861,0,13,4,0,3,2,20,2,0.0797794076479479,0.25,0.625,1.60267061356893,20.0,6.666666666666667,0.3809523809523809,0.4761904761904761,0.1428571428571428,3,High Potential Fast Trackers
55,No,Travel_Rarely,Research & Development,2,2,4,1,5,Manager,3,Married,19187,4,14,4,1,5,3,19,9,0.0829019648720487,0.3333333333333333,0.0833333333333333,3.013318376538431,3.8,1.9,0.45,0.55,0.25,2,Senior Stable
56,No,Travel_Rarely,Human Resources,8,4,4,3,5,Manager,2,Single,19717,6,14,1,0,4,3,7,7,0.0868083379824516,0.2916666666666667,0.0833333333333333,2.1823110580224965,1.0,0.875,0.375,0.875,0.5,2,Senior Stable
40,No,Non-Travel,Research & Development,16,2,3,3,1,Research Scientist,3,Divorced,3544,9,16,2,1,0,3,4,0,0.12068848758465,0.25,0.0416666666666666,2.046235711487806,0.4,4.0,0.4,0.0,0.0,0,Disengaged Juniors
34,No,Travel_Rarely,Research & Development,9,3,4,3,3,Healthcare Representative,4,Divorced,8500,0,11,4,1,0,2,9,1,0.1764694117647058,0.25,0.0416666666666666,2.0328294566035026,9.0,4.5,0.7,0.6,0.0,3,High Potential Fast Trackers
40,No,Travel_Rarely,Research & Development,2,3,3,3,2,Research Scientist,4,Single,4661,1,13,3,0,4,3,9,8,0.1013688049774725,0.25,0.125,1.7046303547166888,4.5,1.0,0.8,0.8,0.4,0,Disengaged Juniors
41,No,Travel_Frequently,Sales,1,3,3,3,2,Sales Executive,1,Divorced,4103,0,17,4,1,2,3,9,1,0.1270387521325858,0.2083333333333333,0.0833333333333333,1.0693546029415923,9.0,4.5,0.3,0.7,0.2,0,Disengaged Juniors
35,No,Travel_Frequently,Research & Development,4,4,3,3,2,Research Scientist,3,Single,4249,1,11,2,0,3,3,9,1,0.1298446693339609,0.3333333333333333,0.75,2.0677681485157438,4.5,4.5,0.6,0.1,0.3,1,Overworked Juniors
51,No,Travel_Rarely,Human Resources,5,3,3,3,4,Manager,2,Divorced,14026,1,11,2,1,2,3,33,0,0.1714672750606017,0.25,0.7916666666666666,2.2029089873809906,16.5,33.0,0.2647058823529412,0.2941176470588235,0.0588235294117647,3,High Potential Fast Trackers
38,No,Travel_Rarely,Sales,2,2,2,3,2,Sales Executive,1,Divorced,6893,3,15,4,1,3,3,7,1,0.1483200348179312,0.2083333333333333,0.0416666666666666,1.7469174071777918,1.75,3.5,0.875,0.875,0.375,0,Disengaged Juniors
34,No,Travel_Rarely,Sales,15,2,3,3,2,Sales Executive,1,Single,6125,1,12,4,0,6,4,10,9,0.1377175510204082,0.2083333333333333,0.2083333333333333,1.8383948883123689,5.0,1.0,0.7272727272727273,0.5454545454545454,0.5454545454545454,4,Stagnant Mid-Seniors
25,No,Travel_Rarely,Research & Development,19,1,4,3,1,Laboratory Technician,4,Married,3669,3,11,3,3,6,2,3,1,0.1541509948214772,0.3333333333333333,0.2083333333333333,1.820224159391546,0.75,1.5,0.5,0.5,1.5,0,Disengaged Juniors
58,Yes,Travel_Rarely,Research & Development,7,4,3,2,3,Manufacturing Director,1,Married,10008,7,14,4,0,0,2,10,5,0.1441506794564348,0.25,0.7083333333333334,1.4601797129923302,1.25,1.6666666666666667,0.8181818181818182,0.8181818181818182,0.0,2,Senior Stable
40,No,Travel_Rarely,Research & Development,1,4,2,3,1,Laboratory Technician,2,Married,2387,3,22,3,1,3,3,4,0,0.165860913280268,0.3333333333333333,0.0416666666666666,5.570573065210393,1.0,4.0,0.4,0.6,0.6,0,Disengaged Juniors
36,No,Travel_Frequently,Sales,7,3,1,4,2,Sales Executive,1,Married,4639,2,16,4,1,2,2,15,6,0.126300926923906,0.25,0.0833333333333333,1.5004771218978143,5.0,2.142857142857143,0.4375,0.8125,0.125,0,Disengaged Juniors
48,No,Travel_Rarely,Research & Development,4,3,4,3,3,Manufacturing Director,4,Single,7898,1,11,3,0,2,3,10,0,0.0897366421878956,0.25,0.0833333333333333,1.2915011723113057,5.0,10.0,0.8181818181818182,0.7272727272727273,0.1818181818181818,3,High Potential Fast Trackers
27,No,Travel_Rarely,Sales,11,3,3,4,1,Sales Representative,4,Married,2534,8,14,2,1,4,3,1,0,0.1092857142857142,0.2916666666666667,0.0833333333333333,2.4277781185273954,0.1111111111111111,1.0,0.0,0.0,2.0,0,Disengaged Juniors
51,No,Travel_Rarely,Research & Development,11,2,4,2,4,Manufacturing Director,2,Single,13142,3,16,2,0,1,2,5,0,0.1781243341957084,0.25,0.0833333333333333,1.8791610392054376,1.25,5.0,0.3333333333333333,0.5,0.1666666666666666,2,Senior Stable
18,No,Non-Travel,Research & Development,1,3,4,3,1,Laboratory Technician,4,Single,1611,1,15,3,0,5,4,0,0,0.1637306021104903,0.3333333333333333,0.0833333333333333,2.647818737446064,0.0,0.0,0.0,0.0,5.0,0,Disengaged Juniors
35,No,Travel_Rarely,Research & Development,1,3,4,2,2,Laboratory Technician,4,Married,5363,0,12,2,1,0,3,9,0,0.0983069177699049,0.2083333333333333,0.125,1.5143138492660335,9.0,9.0,0.7,0.0,0.0,3,High Potential Fast Trackers
27,No,Travel_Frequently,Sales,2,1,4,1,2,Sales Executive,4,Single,5071,3,20,2,0,3,3,6,0,0.051504634194439,0.3333333333333333,0.0416666666666666,3.758910774012635,1.5,6.0,0.2857142857142857,0.0,0.4285714285714285,0,Disengaged Juniors
55,Yes,Travel_Rarely,Sales,13,4,1,4,4,Sales Executive,3,Single,13695,6,17,3,0,2,2,19,3,0.1493778751369112,0.3333333333333333,0.7916666666666666,2.489761940036721,2.7142857142857144,4.75,0.35,0.4,0.1,2,Senior Stable
56,No,Travel_Rarely,Research & Development,23,3,4,3,4,Manufacturing Director,2,Married,13402,4,12,1,1,0,3,19,15,0.0933233845694671,0.2916666666666667,0.7916666666666666,2.3149232500786363,3.8,1.1875,0.8,0.45,0.0,4,Stagnant Mid-Seniors
34,No,Non-Travel,Research & Development,26,1,1,2,1,Research Scientist,3,Divorced,2029,1,20,3,3,2,3,5,0,0.1635929029078363,0.3333333333333333,0.0833333333333333,7.029050156752549,2.5,5.0,0.6666666666666666,0.0,0.3333333333333333,0,Disengaged Juniors
40,No,Travel_Rarely,Research & Development,2,1,2,4,2,Healthcare Representative,3,Divorced,6377,5,20,2,3,0,3,12,11,0.1450478281323506,0.3333333333333333,0.1666666666666666,5.778094427691937,2.0,1.0,0.8461538461538461,0.6153846153846154,0.0,4,Stagnant Mid-Seniors
34,No,Travel_Rarely,Research & Development,29,3,2,3,2,Laboratory Technician,3,Married,5429,4,13,1,2,1,3,8,7,0.1384509117701233,0.2916666666666667,0.0,2.363633562518157,1.6,1.0,0.7777777777777778,0.7777777777777778,0.1111111111111111,0,Disengaged Juniors
31,Yes,Travel_Frequently,Sales,2,3,3,2,1,Sales Representative,4,Single,2785,7,14,3,0,3,4,1,0,0.135637342908438,0.25,0.0833333333333333,1.1957817778849162,0.125,1.0,0.0,0.0,1.5,0,Disengaged Juniors
35,Yes,Travel_Frequently,Sales,18,4,4,3,2,Sales Executive,3,Married,4614,0,18,3,1,0,2,4,3,0.1434005201560467,0.25,0.6666666666666666,1.2640322698823427,4.0,1.0,0.4,0.4,0.0,1,Overworked Juniors
38,No,Travel_Frequently,Research & Development,7,3,4,4,1,Research Scientist,3,Divorced,2610,1,11,4,3,2,3,4,0,0.0679348659003831,0.2916666666666667,0.0416666666666666,1.182369151265309,2.0,4.0,0.4,0.6,0.4,0,Disengaged Juniors
34,No,Travel_Rarely,Research & Development,2,4,3,3,2,Healthcare Representative,4,Single,6687,1,11,4,0,2,4,14,4,0.1675923433527739,0.2916666666666667,0.0833333333333333,1.3807704652740642,7.0,2.8,0.7333333333333333,0.7333333333333333,0.1333333333333333,0,Disengaged Juniors
28,No,Travel_Rarely,Sales,26,3,3,2,2,Sales Executive,1,Married,4724,1,11,3,1,0,3,5,0,0.1794750211685013,0.2916666666666667,0.0416666666666666,2.412646058197176,2.5,5.0,0.5,0.6666666666666666,0.0,0,Disengaged Juniors
31,Yes,Travel_Rarely,Research & Development,22,4,4,3,2,Manufacturing Director,3,Married,6179,1,15,4,2,3,2,10,6,0.1050153746560932,0.2916666666666667,0.7916666666666666,2.315974054343304,5.0,1.4285714285714286,0.1818181818181818,0.6363636363636364,0.2727272727272727,1,Overworked Juniors
39,No,Travel_Rarely,Sales,21,4,1,2,2,Sales Executive,4,Married,6120,3,12,4,2,2,4,5,1,0.083702614379085,0.2083333333333333,0.4166666666666667,1.3205426907005309,1.25,2.5,0.6666666666666666,0.6666666666666666,0.3333333333333333,1,Overworked Juniors
51,No,Travel_Frequently,Sales,2,3,2,3,3,Sales Executive,2,Married,10596,2,11,2,0,5,3,4,3,0.1095045300113249,0.25,0.125,1.2161465414048742,1.3333333333333333,1.0,0.4,0.4,1.0,2,Senior Stable
41,No,Travel_Frequently,Research & Development,22,3,4,3,2,Research Scientist,4,Divorced,5467,3,14,1,2,4,2,6,3,0.1012090726175233,0.25,0.4166666666666667,1.9075212166321989,1.5,1.5,0.2857142857142857,0.4285714285714285,0.5714285714285714,1,Overworked Juniors
37,No,Travel_Rarely,Research & Development,4,1,3,3,1,Research Scientist,3,Married,2996,7,15,4,0,2,3,6,1,0.0525634178905207,0.2916666666666667,0.7083333333333334,2.1996004289672677,0.75,3.0,0.5714285714285714,0.4285714285714285,0.2857142857142857,1,Overworked Juniors
33,No,Travel_Frequently,Sales,5,1,2,3,2,Sales Executive,4,Married,9998,6,13,1,0,2,4,5,1,0.1148339667933587,0.1666666666666666,0.125,1.6414674300505934,0.7142857142857143,2.5,0.6666666666666666,0.3333333333333333,0.3333333333333333,0,Disengaged Juniors
32,No,Travel_Rarely,Sales,2,1,3,3,2,Sales Executive,2,Married,4078,0,13,1,3,3,2,3,1,0.0658509073075036,0.2916666666666667,0.6666666666666666,1.4289351156652816,3.0,1.5,0.5,0.5,0.75,1,Overworked Juniors
39,No,Non-Travel,Research & Development,25,2,3,3,3,Healthcare Representative,3,Married,10920,3,21,2,1,2,3,6,0,0.0508736263736264,0.3333333333333333,0.0833333333333333,6.219770113286471,1.5,6.0,0.5714285714285714,0.7142857142857143,0.2857142857142857,2,Senior Stable
25,No,Travel_Rarely,Sales,18,1,1,4,2,Sales Executive,3,Married,6232,2,11,2,0,3,2,3,1,0.1565003209242619,0.2916666666666667,0.125,2.8801976429323237,1.0,1.5,0.5,0.5,0.75,0,Disengaged Juniors
52,No,Travel_Frequently,Research & Development,28,2,4,4,4,Manufacturing Director,3,Married,13247,2,11,2,1,3,2,5,0,0.139301728693289,0.2083333333333333,0.625,1.5373747259169022,1.6666666666666667,5.0,0.5,0.3333333333333333,0.5,2,Senior Stable
43,No,Travel_Rarely,Research & Development,6,3,1,2,2,Research Scientist,3,Single,4081,1,14,1,0,3,1,20,1,0.1020632197990689,0.25,0.75,1.3940182718910326,10.0,10.0,0.3333333333333333,0.3809523809523809,0.1428571428571428,3,High Potential Fast Trackers
27,No,Travel_Rarely,Sales,10,3,4,2,2,Sales Executive,4,Married,5769,1,11,4,0,3,3,6,4,0.1425654359507713,0.25,0.8333333333333334,1.8522517838222807,3.0,1.2,0.2857142857142857,0.5714285714285714,0.4285714285714285,1,Overworked Juniors
27,Yes,Travel_Rarely,Research & Development,17,4,4,3,1,Research Scientist,3,Single,2394,1,13,4,0,2,3,8,7,0.074862155388471,0.25,0.6666666666666666,1.7325083293669683,4.0,1.0,0.2222222222222222,0.7777777777777778,0.2222222222222222,1,Overworked Juniors
26,No,Travel_Rarely,Research & Development,2,1,1,2,1,Research Scientist,4,Single,3904,0,12,4,0,2,3,4,1,0.0851869877049179,0.2916666666666667,0.1666666666666666,2.390465163970154,4.0,2.0,0.6,0.2,0.4,0,Disengaged Juniors
42,No,Travel_Rarely,Human Resources,10,3,3,3,4,Manager,1,Married,16799,0,14,3,1,5,3,20,0,0.051882850169653,0.3333333333333333,0.1666666666666666,3.249706890180035,20.0,20.0,0.3333333333333333,0.4285714285714285,0.238095238095238,3,High Potential Fast Trackers
52,No,Travel_Rarely,Research & Development,8,4,3,3,1,Laboratory Technician,1,Married,2950,9,13,3,0,2,1,5,0,0.0964067796610169,0.2916666666666667,0.0833333333333333,2.827059909836511,0.5,5.0,0.6666666666666666,0.6666666666666666,0.3333333333333333,0,Disengaged Juniors
37,No,Travel_Rarely,Research & Development,11,3,1,3,1,Laboratory Technician,3,Single,3629,4,18,1,0,6,3,3,0,0.1155524937999449,0.25,0.0416666666666666,2.3481513321412986,0.6,3.0,0.5,0.5,1.5,0,Disengaged Juniors
35,No,Travel_Frequently,Research & Development,18,2,3,3,3,Manufacturing Director,4,Single,9362,2,11,3,0,2,3,2,2,0.0559613330484939,0.25,0.0416666666666666,2.071008307039824,0.6666666666666666,0.6666666666666666,0.6666666666666666,0.6666666666666666,0.6666666666666666,0,Disengaged Juniors
25,No,Travel_Rarely,Research & Development,1,3,1,3,1,Laboratory Technician,4,Married,3229,4,11,2,1,2,2,3,0,0.1690802105915144,0.1666666666666666,0.0833333333333333,0.8380208917306278,0.6,3.0,0.5,0.5,0.5,0,Disengaged Juniors
26,No,Travel_Rarely,Research & Development,7,3,3,4,1,Laboratory Technician,1,Single,3578,0,12,4,0,2,3,7,0,0.1186864169927333,0.25,0.0416666666666666,2.418919682474865,7.0,7.0,0.875,0.875,0.25,0,Disengaged Juniors
29,No,Travel_Rarely,Human Resources,17,3,2,2,3,Human Resources,1,Single,7988,1,13,1,0,3,2,10,0,0.0853655483224836,0.2916666666666667,0.2083333333333333,1.6279381154674817,5.0,10.0,0.8181818181818182,0.8181818181818182,0.2727272727272727,3,High Potential Fast Trackers
49,Yes,Travel_Frequently,Research & Development,28,2,1,2,2,Laboratory Technician,1,Single,4284,3,20,1,0,2,3,4,1,0.1660247432306255,0.3333333333333333,0.0416666666666666,6.056738197618849,1.0,2.0,0.6,0.6,0.4,0,Disengaged Juniors
29,Yes,Travel_Frequently,Research & Development,14,1,3,3,3,Healthcare Representative,4,Single,7553,0,12,1,0,1,3,8,7,0.1310816893949423,0.2916666666666667,0.75,1.269680486243428,8.0,1.0,0.7777777777777778,0.7777777777777778,0.1111111111111111,4,Stagnant Mid-Seniors
54,No,Travel_Rarely,Research & Development,1,3,4,3,4,Research Director,4,Single,17328,6,19,4,0,3,2,20,12,0.1454732225300091,0.2916666666666667,0.0833333333333333,1.475302870502286,2.857142857142857,1.5384615384615383,0.3333333333333333,0.3333333333333333,0.1428571428571428,4,Stagnant Mid-Seniors
58,No,Travel_Rarely,Research & Development,1,3,4,3,5,Research Director,1,Married,19701,3,21,3,1,3,3,9,1,0.1404015024618039,0.3333333333333333,0.625,7.156248678344153,2.25,4.5,0.8,0.5,0.3,2,Senior Stable
55,No,Travel_Rarely,Research & Development,1,4,2,4,4,Research Director,4,Divorced,14732,2,13,4,2,4,4,7,0,0.063194406733641,0.2083333333333333,0.1666666666666666,1.15048436082539,2.333333333333333,7.0,0.875,0.0,0.5,2,Senior Stable
36,No,Travel_Rarely,Sales,3,4,1,3,2,Sales Executive,2,Single,9278,3,16,4,0,3,3,5,0,0.1328303513688294,0.2083333333333333,0.8333333333333334,1.7295102895368433,1.25,5.0,0.6666666666666666,0.1666666666666666,0.5,1,Overworked Juniors
31,Yes,Travel_Frequently,Sales,1,4,2,1,1,Sales Representative,3,Single,1359,1,12,2,0,3,3,1,0,0.1567108167770419,0.2916666666666667,0.1666666666666666,1.4867660421862616,0.5,1.0,0.0,0.0,1.5,0,Disengaged Juniors
30,No,Travel_Rarely,Sales,7,4,4,3,2,Sales Executive,1,Divorced,4779,7,14,2,2,3,3,3,0,0.1427411592383343,0.3333333333333333,0.125,2.631222385273211,0.375,3.0,0.5,0.5,0.75,0,Disengaged Juniors
31,No,Travel_Rarely,Research & Development,8,5,1,3,4,Research Director,2,Single,16422,3,11,3,0,3,4,3,1,0.1021160638168311,0.3333333333333333,0.2083333333333333,2.363315700889348,0.75,1.5,0.5,0.0,0.75,2,Senior Stable
34,No,Travel_Frequently,Research & Development,1,4,4,3,1,Research Scientist,1,Divorced,2996,5,14,3,2,2,3,4,1,0.0535714285714285,0.25,0.0416666666666666,1.4867753955164624,0.6666666666666666,2.0,0.6,0.6,0.4,0,Disengaged Juniors
31,Yes,Travel_Rarely,Research & Development,8,3,1,2,1,Research Scientist,2,Single,1261,1,12,3,0,3,4,1,0,0.0743616177636796,0.3333333333333333,0.2916666666666667,1.3849201795169273,0.5,1.0,0.0,0.0,1.5,0,Disengaged Juniors
27,No,Travel_Rarely,Research & Development,11,1,2,3,1,Laboratory Technician,1,Married,2099,0,14,2,0,3,4,5,1,0.1223010957598856,0.25,0.125,2.4163356039387023,5.0,2.5,0.0,0.6666666666666666,0.5,0,Disengaged Juniors
36,No,Travel_Rarely,Research & Development,4,4,1,2,2,Laboratory Technician,4,Single,5810,1,16,3,0,2,2,10,1,0.1238709122203097,0.25,0.0833333333333333,2.2169283213785964,5.0,5.0,0.3636363636363636,0.7272727272727273,0.1818181818181818,0,Disengaged Juniors
36,No,Travel_Rarely,Sales,16,4,3,2,2,Sales Executive,1,Married,5647,4,13,1,2,3,2,3,0,0.174451921374181,0.3333333333333333,0.0416666666666666,2.606973620040818,0.6,3.0,0.5,0.5,0.75,0,Disengaged Juniors
47,No,Travel_Rarely,Research & Development,1,3,1,3,1,Research Scientist,4,Married,3420,7,12,3,1,2,2,6,1,0.0715818713450292,0.25,0.125,2.471036258948208,0.75,3.0,0.7142857142857143,0.2857142857142857,0.2857142857142857,0,Disengaged Juniors
25,Yes,Travel_Rarely,Sales,9,2,1,2,1,Sales Representative,1,Married,4400,3,12,1,0,2,3,3,2,0.0972,0.0833333333333333,0.0833333333333333,0.6621308581482819,0.75,1.0,0.5,0.5,0.5,0,Disengaged Juniors
37,No,Non-Travel,Research & Development,5,2,3,4,1,Laboratory Technician,3,Single,3500,0,14,1,0,2,1,6,1,0.10036,0.2916666666666667,0.0416666666666666,1.4714074678885216,6.0,3.0,0.7142857142857143,0.4285714285714285,0.2857142857142857,0,Disengaged Juniors
56,No,Travel_Rarely,Research & Development,1,2,1,3,1,Research Scientist,1,Married,2066,2,22,4,1,3,4,3,1,0.1796950629235237,0.3333333333333333,0.0416666666666666,3.4361109569014974,1.0,1.5,0.5,0.0,0.75,0,Disengaged Juniors
47,No,Travel_Rarely,Research & Development,2,4,1,3,4,Research Director,3,Married,17169,3,19,2,2,2,4,20,5,0.147493738715126,0.125,0.125,1.1577265941819872,5.0,3.333333333333333,0.8095238095238095,0.2857142857142857,0.0952380952380952,2,Senior Stable
24,No,Travel_Rarely,Sales,4,1,4,3,2,Sales Executive,3,Married,4162,1,12,3,2,3,3,5,0,0.1330538202787122,0.2916666666666667,0.75,1.3519254647657388,2.5,5.0,0.6666666666666666,0.5,0.5,1,Overworked Juniors
32,No,Travel_Rarely,Sales,7,5,4,3,2,Sales Executive,4,Married,9204,4,12,3,1,3,2,4,0,0.1174467622772707,0.2916666666666667,0.0833333333333333,2.7661401468932696,0.8,4.0,0.6,0.6,0.6,0,Disengaged Juniors
34,No,Travel_Rarely,Research & Development,1,3,4,2,1,Laboratory Technician,2,Married,3294,5,17,1,1,2,2,5,0,0.1601062537947783,0.25,0.1666666666666666,1.86654062896952,0.8333333333333334,5.0,0.6666666666666666,0.3333333333333333,0.3333333333333333,0,Disengaged Juniors
41,No,Travel_Rarely,Research & Development,5,5,2,4,1,Research Scientist,3,Married,2127,2,12,1,0,5,2,4,0,0.0860648801128349,0.2083333333333333,0.5833333333333334,1.575576415714143,1.3333333333333333,4.0,0.4,0.6,1.0,1,Overworked Juniors
40,No,Non-Travel,Research & Development,9,4,3,3,2,Laboratory Technician,3,Divorced,3975,3,11,3,2,2,4,8,0,0.1216050314465409,0.3333333333333333,0.0833333333333333,1.9235387697668829,2.0,8.0,0.7777777777777778,0.7777777777777778,0.2222222222222222,0,Disengaged Juniors
31,No,Travel_Rarely,Sales,8,2,1,3,3,Sales Executive,4,Divorced,10793,1,18,1,1,5,3,13,9,0.1428852033725562,0.3333333333333333,0.125,3.2160249493388764,6.5,1.3,0.5,0.6428571428571429,0.3571428571428571,4,Stagnant Mid-Seniors
46,Yes,Travel_Rarely,Sales,9,3,1,3,3,Sales Executive,4,Divorced,10096,4,11,1,1,1,4,7,4,0.0997117670364501,0.25,0.125,1.523996562995192,1.4,1.4,0.875,0.375,0.125,2,Senior Stable
39,Yes,Non-Travel,Research & Development,2,3,1,2,1,Laboratory Technician,1,Single,3646,2,23,2,0,2,4,1,0,0.1389413055403181,0.3333333333333333,0.5833333333333334,3.6005700183024776,0.3333333333333333,1.0,0.0,0.0,1.0,1,Overworked Juniors
31,Yes,Travel_Frequently,Research & Development,1,5,3,4,3,Manufacturing Director,2,Single,7446,1,11,1,0,2,3,10,4,0.0644345957561106,0.2916666666666667,0.1666666666666666,2.7611965318273737,5.0,2.0,0.7272727272727273,0.6363636363636364,0.1818181818181818,0,Disengaged Juniors
45,No,Travel_Rarely,Research & Development,20,3,2,1,3,Healthcare Representative,1,Divorced,10851,2,18,2,1,2,3,7,0,0.1159155838171596,0.2916666666666667,0.625,1.9610286574308968,2.333333333333333,7.0,0.875,0.875,0.25,3,High Potential Fast Trackers
31,No,Travel_Rarely,Human Resources,8,2,4,4,1,Human Resources,2,Single,2109,9,18,4,0,3,3,3,0,0.1662209577999051,0.2916666666666667,0.125,2.171466276270648,0.3,3.0,0.5,0.5,0.75,0,Disengaged Juniors
31,Yes,Travel_Frequently,Research & Development,2,3,2,3,1,Laboratory Technician,4,Married,3722,6,13,3,1,2,1,2,2,0.1523696937130574,0.25,0.7916666666666666,1.784002078167903,0.2857142857142857,0.6666666666666666,0.6666666666666666,0.6666666666666666,0.6666666666666666,1,Overworked Juniors
45,No,Travel_Rarely,Research & Development,29,3,2,3,3,Manufacturing Director,4,Married,9380,4,18,4,2,4,4,3,1,0.0516353944562899,0.2916666666666667,0.6666666666666666,2.0310071168413284,0.6,1.5,0.25,0.5,1.0,1,Overworked Juniors
48,No,Travel_Rarely,Sales,7,3,3,3,2,Sales Executive,1,Divorced,5486,4,11,1,3,3,3,2,2,0.1047776157491798,0.25,0.0833333333333333,1.8473012323079911,0.4,0.6666666666666666,0.6666666666666666,0.6666666666666666,1.0,0,Disengaged Juniors
34,Yes,Travel_Rarely,Human Resources,9,4,1,3,1,Human Resources,3,Married,2742,1,15,4,0,0,3,2,2,0.1591356673960612,0.3333333333333333,0.0416666666666666,2.732782535063021,1.0,0.6666666666666666,0.6666666666666666,0.6666666666666666,0.0,0,Disengaged Juniors
40,No,Non-Travel,Research & Development,8,1,4,2,3,Research Director,2,Divorced,13757,2,11,3,1,5,3,9,4,0.1479087010249328,0.2083333333333333,0.1666666666666666,0.9539898672015552,3.0,1.8,0.8,0.8,0.5,2,Senior Stable
28,No,Travel_Rarely,Sales,5,3,4,3,2,Sales Executive,1,Single,8463,0,18,4,0,4,3,5,1,0.1478116507148765,0.2916666666666667,0.125,1.6898251428229811,5.0,2.5,0.6666666666666666,0.5,0.6666666666666666,0,Disengaged Juniors
44,No,Non-Travel,Research & Development,5,3,3,2,1,Laboratory Technician,3,Single,3162,3,14,4,0,5,3,5,0,0.1352624920936115,0.25,0.0416666666666666,1.2388134284286556,1.25,5.0,0.3333333333333333,0.5,0.8333333333333334,0,Disengaged Juniors
53,No,Travel_Rarely,Research & Development,2,3,4,4,4,Research Director,2,Single,16598,4,12,2,0,2,2,9,8,0.0639950596457403,0.2916666666666667,0.125,1.5136554665223645,1.8,1.0,0.8,0.8,0.2,2,Senior Stable
49,No,Travel_Rarely,Research & Development,5,4,1,3,2,Healthcare Representative,3,Married,6651,2,14,2,1,0,2,3,1,0.1679010675086453,0.2083333333333333,0.0,0.905454727751722,1.0,1.5,0.5,0.5,0.0,0,Disengaged Juniors
40,No,Travel_Rarely,Research & Development,2,3,3,3,1,Research Scientist,3,Divorced,2345,2,14,3,1,3,4,3,1,0.1615906183368869,0.25,0.0833333333333333,1.6869932680777942,1.0,1.5,0.25,0.5,0.75,0,Disengaged Juniors
44,No,Travel_Rarely,Research & Development,20,3,4,3,1,Research Scientist,2,Single,3420,1,13,3,0,3,2,5,1,0.0613040935672514,0.2916666666666667,0.125,2.277598272514981,2.5,2.5,0.3333333333333333,0.5,0.5,0,Disengaged Juniors
33,No,Travel_Frequently,Sales,7,3,4,3,2,Sales Executive,1,Married,4373,0,14,1,2,2,3,4,0,0.0970066316030185,0.2916666666666667,0.0833333333333333,2.0141747585263303,4.0,4.0,0.6,0.6,0.4,0,Disengaged Juniors
34,No,Travel_Rarely,Sales,3,3,4,1,2,Sales Executive,1,Single,4759,3,18,4,0,2,3,13,3,0.0575583105694473,0.25,0.25,1.249887923750112,3.25,3.25,0.6428571428571429,0.8571428571428571,0.1428571428571428,0,Disengaged Juniors
30,No,Travel_Rarely,Sales,16,1,4,3,2,Sales Executive,3,Married,5301,8,15,3,2,2,2,2,2,0.1421826070552726,0.25,0.0833333333333333,1.957268367683404,0.2222222222222222,0.6666666666666666,0.3333333333333333,0.6666666666666666,0.6666666666666666,0,Disengaged Juniors
42,No,Travel_Frequently,Research & Development,9,2,1,3,1,Laboratory Technician,4,Single,3673,1,13,3,0,3,3,12,5,0.1251157092295127,0.2083333333333333,0.0416666666666666,1.023615647723826,6.0,2.0,0.6923076923076923,0.6153846153846154,0.2307692307692307,0,Disengaged Juniors
44,No,Travel_Frequently,Sales,1,5,1,3,2,Sales Executive,3,Married,4768,7,12,3,1,4,2,1,0,0.1099475671140938,0.2916666666666667,0.0833333333333333,1.6587317153905157,0.125,1.0,0.0,0.0,2.0,0,Disengaged Juniors
30,No,Non-Travel,Research & Development,7,3,3,3,1,Research Scientist,3,Divorced,1274,1,13,2,2,2,2,1,0,0.1783830455259026,0.2916666666666667,0.0833333333333333,2.5651950928321425,0.5,1.0,0.0,0.0,1.0,0,Disengaged Juniors
57,No,Travel_Rarely,Research & Development,1,2,2,4,2,Research Scientist,3,Married,4900,0,24,1,1,2,2,12,2,0.1593979591836735,0.3333333333333333,0.0,5.239844996507647,12.0,4.0,0.6923076923076923,0.6153846153846154,0.1538461538461538,3,High Potential Fast Trackers
49,No,Travel_Rarely,Research & Development,7,4,3,3,3,Healthcare Representative,2,Divorced,10466,3,14,2,2,3,3,8,0,0.1564618765526467,0.2916666666666667,0.0416666666666666,1.7247136943190726,2.0,8.0,0.7777777777777778,0.7777777777777778,0.3333333333333333,3,High Potential Fast Trackers
34,No,Travel_Frequently,Research & Development,15,3,2,3,4,Research Director,1,Divorced,17007,7,14,4,2,3,2,14,6,0.1394596342682425,0.2916666666666667,0.0416666666666666,2.636576440051643,1.75,2.0,0.5333333333333333,0.6,0.2,2,Senior Stable
28,Yes,Travel_Frequently,Sales,1,3,1,3,1,Sales Representative,3,Married,2909,3,15,4,1,3,4,3,1,0.0991199724991406,0.2083333333333333,0.0416666666666666,1.9771300915994288,0.75,1.5,0.5,0.5,0.75,0,Disengaged Juniors
29,Yes,Travel_Frequently,Sales,13,3,1,3,2,Sales Executive,2,Single,5765,5,11,1,0,4,1,5,0,0.1798508239375542,0.2916666666666667,0.0833333333333333,1.895570791169326,0.8333333333333334,5.0,0.5,0.0,0.6666666666666666,0,Disengaged Juniors
34,Yes,Travel_Rarely,Sales,24,4,1,2,2,Sales Executive,2,Single,4599,0,23,3,0,2,4,15,10,0.0630332681017613,0.3333333333333333,0.875,6.680632690913874,15.0,1.3636363636363635,0.5625,0.625,0.125,4,Stagnant Mid-Seniors
35,No,Travel_Rarely,Sales,7,1,4,3,1,Sales Representative,3,Married,2404,1,13,1,1,3,3,1,0,0.1176871880199667,0.25,0.125,2.146665042860622,0.5,1.0,0.0,0.0,1.5,0,Disengaged Juniors
24,Yes,Travel_Frequently,Research & Development,9,3,2,3,1,Laboratory Technician,1,Single,3172,2,11,3,0,2,2,0,0,0.0544955863808323,0.25,0.625,2.4356967692793576,0.0,0.0,0.0,0.0,2.0,1,Overworked Juniors
24,No,Non-Travel,Sales,13,2,4,3,1,Sales Representative,2,Married,2033,1,13,3,1,2,3,1,0,0.1626217412690605,0.2083333333333333,0.0416666666666666,1.9178222918718435,0.5,1.0,0.0,0.0,1.0,0,Disengaged Juniors
44,No,Travel_Frequently,Research & Development,2,1,2,3,3,Manufacturing Director,3,Single,10209,5,18,2,0,2,2,2,2,0.1465295327652071,0.2916666666666667,0.6666666666666666,2.6903047648245058,0.3333333333333333,0.6666666666666666,0.6666666666666666,0.6666666666666666,0.6666666666666666,2,Senior Stable
29,No,Travel_Rarely,Sales,19,3,3,2,2,Sales Executive,3,Divorced,8620,1,14,3,2,3,3,10,0,0.1485962877030162,0.2083333333333333,0.125,1.071827499475321,5.0,10.0,0.6363636363636364,0.3636363636363636,0.2727272727272727,3,High Potential Fast Trackers
30,No,Travel_Rarely,Human Resources,1,3,3,3,1,Human Resources,3,Divorced,2064,0,21,1,1,3,4,5,1,0.1475532945736435,0.3333333333333333,0.0833333333333333,4.822944485919448,5.0,2.5,0.5,0.5,0.5,0,Disengaged Juniors
55,No,Travel_Rarely,Research & Development,4,4,4,3,2,Healthcare Representative,3,Married,4035,0,16,2,0,2,3,3,1,0.1780941759603468,0.2916666666666667,0.625,2.1057653030456462,3.0,1.5,0.5,0.5,0.5,1,Overworked Juniors
33,No,Travel_Rarely,Research & Development,4,4,1,2,1,Laboratory Technician,2,Married,3838,8,11,4,0,5,3,5,0,0.1610343929129755,0.2916666666666667,0.0,1.1787114721331546,0.5555555555555556,5.0,0.6666666666666666,0.3333333333333333,0.8333333333333334,0,Disengaged Juniors
47,No,Travel_Rarely,Sales,14,3,3,3,2,Sales Executive,3,Married,4591,3,17,3,1,4,2,5,1,0.1193530821171857,0.2916666666666667,0.875,2.8169442723249896,1.25,2.5,0.6666666666666666,0.3333333333333333,0.6666666666666666,1,Overworked Juniors
28,Yes,Travel_Frequently,Research & Development,2,2,3,2,1,Laboratory Technician,1,Single,2561,7,11,3,0,2,2,0,0,0.1482623975009761,0.2916666666666667,0.0416666666666666,1.5367371297356571,0.0,0.0,0.0,0.0,2.0,0,Disengaged Juniors
28,No,Travel_Rarely,Research & Development,1,3,1,2,1,Research Scientist,3,Divorced,1563,1,14,4,1,2,1,1,0,0.1777799104286627,0.2083333333333333,0.25,1.365836907811819,0.5,1.0,0.0,0.0,1.0,0,Disengaged Juniors
28,No,Travel_Frequently,Sales,7,3,3,3,2,Sales Executive,1,Single,4898,0,14,4,0,5,3,4,1,0.1546651694569212,0.3333333333333333,0.0416666666666666,3.129026093905211,4.0,2.0,0.4,0.6,1.0,0,Disengaged Juniors
49,No,Travel_Rarely,Research & Development,3,2,3,2,2,Laboratory Technician,1,Married,4789,4,25,1,1,3,3,3,1,0.113771142200877,0.3333333333333333,0.0416666666666666,5.633408687751026,0.6,1.5,0.5,0.5,0.75,0,Disengaged Juniors
29,No,Travel_Frequently,Research & Development,2,1,4,3,1,Laboratory Technician,2,Married,3180,0,13,3,3,3,3,3,0,0.1235125786163521,0.3333333333333333,0.25,3.2912010557478144,3.0,3.0,0.5,0.5,0.75,0,Disengaged Juniors
28,No,Travel_Rarely,Research & Development,29,1,3,1,2,Manufacturing Director,2,Married,6549,1,14,2,2,2,2,8,1,0.1089494579325088,0.1666666666666666,0.0,0.8502570199299955,4.0,4.0,0.6666666666666666,0.7777777777777778,0.2222222222222222,0,Disengaged Juniors
33,No,Travel_Rarely,Research & Development,8,5,4,3,2,Healthcare Representative,3,Single,6388,2,17,1,0,6,3,0,0,0.0960989355040701,0.2916666666666667,0.7083333333333334,2.431886369905232,0.0,0.0,0.0,0.0,6.0,1,Overworked Juniors
32,No,Travel_Rarely,Research & Development,10,3,3,3,3,Manager,4,Single,11244,2,25,2,0,5,4,5,0,0.1058964781216649,0.3333333333333333,0.0833333333333333,6.351735323658536,1.6666666666666667,5.0,0.3333333333333333,0.0,0.8333333333333334,0,Disengaged Juniors
54,No,Travel_Frequently,Research & Development,11,4,2,3,4,Manager,4,Divorced,16032,3,20,1,1,2,3,14,1,0.1246918662674651,0.3333333333333333,0.125,4.607601313563727,3.5,7.0,0.6,0.8,0.1333333333333333,2,Senior Stable
29,Yes,Travel_Rarely,Research & Development,1,4,1,2,1,Research Scientist,1,Single,2362,6,13,3,0,2,1,9,0,0.1787891617273498,0.2916666666666667,0.125,1.561344709703055,1.2857142857142858,9.0,0.7,0.7,0.2,0,Disengaged Juniors
44,No,Travel_Rarely,Research & Development,28,3,4,3,4,Research Director,1,Married,16328,3,13,3,1,1,4,20,14,0.0791658500734933,0.2083333333333333,0.125,0.9767607662287036,5.0,1.3333333333333333,0.2857142857142857,0.8095238095238095,0.0476190476190476,4,Stagnant Mid-Seniors
39,No,Travel_Rarely,Research & Development,6,3,2,3,3,Manufacturing Director,2,Single,8376,4,18,4,0,3,3,2,2,0.1352542979942692,0.2083333333333333,0.1666666666666666,2.0462447181083943,0.4,0.6666666666666666,0.0,0.6666666666666666,1.0,0,Disengaged Juniors
46,No,Travel_Rarely,Sales,3,3,3,3,4,Manager,2,Married,16606,8,12,4,1,2,4,13,5,0.1050042153438516,0.2083333333333333,0.125,1.0517595755575375,1.4444444444444444,2.1666666666666665,0.8571428571428571,0.0714285714285714,0.1428571428571428,2,Senior Stable
35,No,Travel_Rarely,Research & Development,16,3,4,2,3,Healthcare Representative,2,Single,8606,1,19,4,0,3,1,11,3,0.1081663955379966,0.25,0.125,2.186381103771838,5.5,2.75,0.6666666666666666,0.25,0.25,0,Disengaged Juniors
23,No,Travel_Rarely,Research & Development,20,1,1,3,2,Laboratory Technician,3,Single,2272,0,14,2,0,2,3,4,1,0.0940845070422536,0.2916666666666667,0.0,2.890961783297223,4.0,2.0,0.6,0.4,0.4,0,Disengaged Juniors
40,Yes,Travel_Rarely,Research & Development,9,4,4,3,1,Laboratory Technician,1,Single,2018,3,14,2,0,3,1,5,1,0.0567046580773041,0.2083333333333333,0.0833333333333333,1.8458930761390984,1.25,2.5,0.6666666666666666,0.0,0.5,0,Disengaged Juniors
34,No,Travel_Rarely,Sales,1,3,4,2,3,Sales Executive,3,Married,7083,1,14,4,0,3,3,10,8,0.1240759565156007,0.3333333333333333,0.7083333333333334,2.8409321182112763,5.0,1.1111111111111112,0.8181818181818182,0.5454545454545454,0.2727272727272727,4,Stagnant Mid-Seniors
31,Yes,Travel_Frequently,Research & Development,3,3,4,3,1,Research Scientist,3,Single,4084,1,12,1,0,2,1,7,7,0.1394172380019589,0.25,0.0416666666666666,2.270533838927226,3.5,0.875,0.25,0.875,0.25,0,Disengaged Juniors
50,No,Travel_Frequently,Research & Development,22,5,3,1,4,Research Director,4,Single,14411,1,13,4,0,2,3,32,13,0.1192151828464367,0.2083333333333333,0.5833333333333334,1.610065211357809,16.0,2.2857142857142856,0.1818181818181818,0.2727272727272727,0.0606060606060606,4,Stagnant Mid-Seniors
34,No,Travel_Rarely,Sales,7,2,2,3,1,Sales Representative,3,Married,2308,0,25,2,1,4,3,11,5,0.0866421143847486,0.3333333333333333,0.75,4.335363568347425,11.0,1.8333333333333333,0.8333333333333334,0.5833333333333334,0.3333333333333333,1,Overworked Juniors
42,No,Travel_Rarely,Research & Development,2,3,3,2,1,Laboratory Technician,2,Married,4841,4,14,2,1,3,3,1,0,0.1162094608551951,0.2916666666666667,0.0,1.6112682133071474,0.2,1.0,0.0,0.0,1.5,0,Disengaged Juniors
37,No,Travel_Rarely,Research & Development,13,3,1,3,2,Research Scientist,4,Married,4285,1,17,1,0,2,3,10,3,0.062975495915986,0.2916666666666667,0.125,2.7914381128756003,5.0,2.5,0.7272727272727273,0.6363636363636364,0.1818181818181818,0,Disengaged Juniors
29,No,Travel_Rarely,Research & Development,8,1,3,1,2,Healthcare Representative,1,Married,9715,3,13,3,1,3,3,7,0,0.0942429233144621,0.25,0.0833333333333333,1.1916563590914386,1.75,7.0,0.875,0.875,0.375,0,Disengaged Juniors
33,No,Travel_Rarely,Research & Development,25,3,4,2,2,Manufacturing Director,2,Single,4320,1,13,4,0,2,3,5,0,0.1472824074074074,0.2916666666666667,0.0416666666666666,1.4632333582040868,2.5,5.0,0.5,0.3333333333333333,0.3333333333333333,0,Disengaged Juniors
45,No,Travel_Rarely,Research & Development,28,3,4,3,1,Research Scientist,4,Married,2132,4,20,4,1,3,3,5,0,0.1368151969981238,0.3333333333333333,0.0833333333333333,5.779579882739914,1.0,5.0,0.6666666666666666,0.5,0.5,0,Disengaged Juniors
42,No,Travel_Frequently,Research & Development,2,3,4,3,3,Healthcare Representative,4,Married,10124,2,14,3,1,3,1,20,13,0.1375404978269457,0.25,0.75,1.972481990376666,6.666666666666667,1.4285714285714286,0.3809523809523809,0.4285714285714285,0.1428571428571428,4,Stagnant Mid-Seniors
40,No,Travel_Rarely,Sales,9,2,1,3,2,Sales Executive,1,Married,5473,0,12,4,0,5,4,8,7,0.1191649917778183,0.2916666666666667,0.0833333333333333,2.036042452364028,8.0,1.0,0.4444444444444444,0.1111111111111111,0.5555555555555556,4,Stagnant Mid-Seniors
33,No,Travel_Rarely,Research & Development,28,4,2,3,2,Laboratory Technician,3,Married,5207,1,12,2,1,3,3,15,5,0.0876781256001536,0.2916666666666667,0.7916666666666666,1.56021841294606,7.5,2.5,0.875,0.4375,0.1875,1,Overworked Juniors
40,No,Travel_Rarely,Human Resources,6,2,3,3,4,Manager,4,Single,16437,1,21,4,0,2,3,21,7,0.0738437671107866,0.3333333333333333,0.7083333333333334,4.877525979970946,10.5,2.625,0.3181818181818182,0.3181818181818182,0.0909090909090909,4,Stagnant Mid-Seniors
24,No,Travel_Rarely,Research & Development,21,2,3,2,1,Laboratory Technician,1,Divorced,2296,0,14,2,3,3,3,1,0,0.1007099303135888,0.25,0.0416666666666666,2.066509372350065,1.0,1.0,0.5,0.0,1.5,0,Disengaged Juniors
40,No,Non-Travel,Research & Development,8,2,4,3,2,Healthcare Representative,4,Divorced,4069,3,18,3,0,2,3,2,2,0.1207372818874415,0.25,0.6666666666666666,1.6609729821676638,0.5,0.6666666666666666,0.6666666666666666,0.6666666666666666,0.6666666666666666,1,Overworked Juniors
45,No,Travel_Rarely,Research & Development,1,4,1,3,3,Healthcare Representative,2,Divorced,7441,1,12,1,3,4,3,10,7,0.1196465528826771,0.3333333333333333,0.125,1.4991286199579117,5.0,1.25,0.7272727272727273,0.6363636363636364,0.3636363636363636,4,Stagnant Mid-Seniors
35,No,Travel_Rarely,Sales,28,4,2,2,1,Sales Representative,3,Married,2430,0,23,1,2,5,3,5,4,0.1706913580246914,0.3333333333333333,0.0416666666666666,6.522873503980948,5.0,1.0,0.5,0.3333333333333333,0.8333333333333334,0,Disengaged Juniors
32,No,Travel_Rarely,Research & Development,5,2,4,2,2,Research Scientist,2,Married,5878,3,12,1,1,2,3,7,2,0.1798315753657707,0.25,0.1666666666666666,2.539621021789745,1.75,2.333333333333333,0.125,0.625,0.25,0,Disengaged Juniors
36,No,Travel_Rarely,Sales,2,4,3,3,1,Sales Representative,4,Single,2644,3,21,4,0,3,2,3,1,0.0884379727685325,0.3333333333333333,0.7916666666666666,6.40738602199654,0.75,1.5,0.5,0.5,0.75,1,Overworked Juniors
48,No,Travel_Rarely,Sales,16,4,3,3,2,Sales Executive,3,Divorced,6439,8,14,3,1,2,3,8,7,0.0565367293057928,0.3333333333333333,0.0,3.2680873094587093,0.8888888888888888,1.0,0.7777777777777778,0.7777777777777778,0.2222222222222222,0,Disengaged Juniors
29,No,Travel_Rarely,Research & Development,9,3,3,4,1,Research Scientist,3,Married,2451,6,18,1,2,2,2,1,0,0.1085516115871072,0.3333333333333333,0.0416666666666666,1.932257776810751,0.1428571428571428,1.0,0.0,0.0,1.0,0,Disengaged Juniors
33,No,Travel_Rarely,Sales,8,4,1,3,2,Sales Executive,1,Married,6392,2,13,4,1,6,1,2,2,0.1482744055068836,0.2083333333333333,0.0833333333333333,1.8280213906649296,0.6666666666666666,0.6666666666666666,0.6666666666666666,0.6666666666666666,2.0,0,Disengaged Juniors
30,Yes,Travel_Rarely,Sales,1,3,2,2,2,Sales Executive,1,Married,9714,1,11,4,1,4,3,10,6,0.1507206094296891,0.2083333333333333,0.125,1.801615026095564,5.0,1.4285714285714286,0.7272727272727273,0.6363636363636364,0.3636363636363636,0,Disengaged Juniors
38,No,Travel_Frequently,Human Resources,10,4,3,3,2,Human Resources,3,Married,6077,3,11,3,0,2,3,6,1,0.0785338160276452,0.25,0.0833333333333333,1.9742730903163912,1.5,3.0,0.4285714285714285,0.2857142857142857,0.2857142857142857,0,Disengaged Juniors
35,No,Travel_Rarely,Research & Development,1,3,4,2,1,Laboratory Technician,1,Single,2450,1,19,2,0,3,3,3,1,0.1083224489795917,0.2916666666666667,0.2083333333333333,1.4543593675082296,1.5,1.5,0.0,0.5,0.75,0,Disengaged Juniors
30,No,Travel_Rarely,Sales,29,4,3,3,3,Sales Executive,2,Married,9250,3,12,2,1,3,3,4,1,0.0940345945945945,0.25,0.1666666666666666,1.9546056276121788,1.0,2.0,0.4,0.6,0.6,0,Disengaged Juniors
35,Yes,Travel_Rarely,Research & Development,2,3,1,3,1,Laboratory Technician,1,Divorced,2074,1,12,4,1,2,3,1,0,0.0789488910318224,0.2916666666666667,0.6666666666666666,1.3507275460257682,0.5,1.0,0.0,0.0,1.0,1,Overworked Juniors
53,Yes,Travel_Rarely,Research & Development,2,5,3,2,3,Manufacturing Director,4,Married,10169,0,16,2,1,4,3,33,1,0.0913983675877667,0.3333333333333333,0.125,2.8439174276707,33.0,16.5,0.2058823529411764,0.2647058823529412,0.1176470588235294,3,High Potential Fast Trackers
38,Yes,Travel_Rarely,Research & Development,2,3,3,3,2,Manufacturing Director,2,Married,4855,4,11,1,2,2,3,5,1,0.0893861997940268,0.3333333333333333,0.125,1.83595732239614,1.0,2.5,0.3333333333333333,0.6666666666666666,0.3333333333333333,0,Disengaged Juniors
32,No,Non-Travel,Research & Development,1,4,4,3,2,Research Scientist,1,Married,4087,4,14,2,1,3,2,6,1,0.0931636897479814,0.2916666666666667,0.0416666666666666,2.317286906159066,1.2,3.0,0.7142857142857143,0.2857142857142857,0.4285714285714285,0,Disengaged Juniors
48,No,Travel_Rarely,Research & Development,15,4,3,3,1,Research Scientist,1,Married,2367,8,12,4,1,3,2,8,7,0.1501520912547528,0.25,0.0833333333333333,2.08232911427024,0.8888888888888888,1.0,0.2222222222222222,0.6666666666666666,0.3333333333333333,0,Disengaged Juniors
34,No,Travel_Rarely,Research & Development,7,4,1,3,1,Research Scientist,4,Single,2972,1,13,3,0,4,1,1,0,0.1615309555854643,0.2083333333333333,0.0416666666666666,1.4926544490746003,0.5,1.0,0.0,0.0,2.0,0,Disengaged Juniors
55,No,Travel_Rarely,Sales,26,5,3,2,5,Manager,4,Married,19586,1,21,3,1,3,3,36,2,0.1518737873991626,0.3333333333333333,0.125,3.8122645850114543,18.0,12.0,0.1621621621621621,0.3513513513513513,0.081081081081081,3,High Potential Fast Trackers
34,No,Travel_Rarely,Research & Development,1,4,2,3,2,Research Scientist,4,Married,5484,9,17,2,1,3,2,2,2,0.0686469730123997,0.2916666666666667,0.0416666666666666,2.7643423700089014,0.2,0.6666666666666666,0.6666666666666666,0.3333333333333333,1.0,0,Disengaged Juniors
26,No,Travel_Rarely,Research & Development,3,3,1,3,1,Research Scientist,4,Married,2061,1,21,1,0,5,3,1,0,0.1491751576904414,0.3333333333333333,0.125,4.46697399941685,0.5,1.0,0.0,0.0,2.5,0,Disengaged Juniors
38,No,Travel_Rarely,Sales,14,3,3,3,2,Sales Executive,2,Married,9924,0,11,4,1,3,3,9,7,0.1626148730350665,0.2916666666666667,0.125,1.7414748101936823,9.0,1.125,0.8,0.7,0.3,4,Stagnant Mid-Seniors
38,No,Travel_Rarely,Sales,16,3,2,3,2,Sales Executive,2,Single,4198,2,12,2,0,5,4,3,1,0.1161314911862792,0.1666666666666666,0.0833333333333333,0.808777335571841,1.0,1.5,0.5,0.5,1.25,0,Disengaged Juniors
36,No,Travel_Rarely,Sales,1,4,2,3,2,Sales Executive,3,Single,6815,6,13,1,0,5,3,1,0,0.0598341892883346,0.2083333333333333,0.0416666666666666,0.981910469635372,0.1428571428571428,1.0,0.0,0.0,2.5,0,Disengaged Juniors
29,No,Travel_Rarely,Research & Development,3,1,2,3,1,Laboratory Technician,1,Single,4723,1,18,4,0,3,3,10,1,0.0643446961676899,0.2916666666666667,0.625,1.6527667308595624,5.0,5.0,0.8181818181818182,0.4545454545454545,0.2727272727272727,1,Overworked Juniors
35,No,Travel_Rarely,Research & Development,10,4,1,3,2,Healthcare Representative,3,Single,6142,3,16,3,0,4,3,5,0,0.069034516444155,0.2083333333333333,0.7083333333333334,2.012923335319185,1.25,5.0,0.3333333333333333,0.6666666666666666,0.6666666666666666,1,Overworked Juniors
39,No,Travel_Rarely,Sales,6,3,4,4,3,Sales Executive,3,Married,8237,2,11,1,1,3,3,7,7,0.1375707174942333,0.2083333333333333,0.0416666666666666,1.0531601979358156,2.333333333333333,0.875,0.75,0.75,0.375,4,Stagnant Mid-Seniors
29,No,Travel_Frequently,Research & Development,2,1,1,3,2,Healthcare Representative,4,Divorced,8853,1,19,4,1,0,4,6,1,0.0800350163786286,0.2916666666666667,0.0,1.9794016820854448,3.0,3.0,0.5714285714285714,0.4285714285714285,0.0,0,Disengaged Juniors
50,No,Travel_Rarely,Sales,9,3,3,3,5,Manager,3,Married,19331,4,16,3,1,2,3,1,0,0.147957684548135,0.3333333333333333,0.8333333333333334,1.7769026434830095,0.2,1.0,0.0,0.0,1.0,2,Senior Stable
23,No,Travel_Rarely,Research & Development,10,3,4,4,1,Research Scientist,3,Married,2073,2,16,4,1,2,3,2,2,0.104679208876025,0.2916666666666667,0.25,1.9208747669359847,0.6666666666666666,0.6666666666666666,0.6666666666666666,0.6666666666666666,0.6666666666666666,0,Disengaged Juniors
36,No,Travel_Frequently,Research & Development,6,4,1,4,2,Laboratory Technician,1,Married,5562,3,13,4,1,3,3,3,0,0.125670622078389,0.3333333333333333,0.5833333333333334,1.9860622343292276,0.75,3.0,0.5,0.5,0.75,1,Overworked Juniors
42,No,Travel_Rarely,Research & Development,9,2,4,2,5,Manager,4,Single,19613,8,22,4,0,2,3,1,0,0.1792520267169733,0.3333333333333333,0.0833333333333333,3.5999776226518865,0.1111111111111111,1.0,0.0,0.5,1.0,2,Senior Stable
35,No,Travel_Rarely,Research & Development,28,3,2,4,2,Laboratory Technician,3,Married,3407,1,17,4,2,3,2,10,6,0.0910683886116818,0.25,0.0833333333333333,1.7152844979068549,5.0,1.4285714285714286,0.8181818181818182,0.7272727272727273,0.2727272727272727,0,Disengaged Juniors
34,No,Travel_Frequently,Research & Development,10,4,4,2,2,Healthcare Representative,3,Married,5063,1,14,2,1,3,2,8,7,0.1387102508394232,0.2916666666666667,0.0833333333333333,1.9123363071397448,4.0,1.0,0.2222222222222222,0.7777777777777778,0.3333333333333333,0,Disengaged Juniors
40,No,Travel_Rarely,Sales,14,2,4,3,2,Sales Executive,1,Married,4639,1,15,3,1,2,3,5,1,0.1048458719551627,0.3333333333333333,0.1666666666666666,1.369270492256189,2.5,2.5,0.6666666666666666,0.3333333333333333,0.3333333333333333,0,Disengaged Juniors
43,No,Travel_Rarely,Research & Development,27,3,4,4,1,Laboratory Technician,2,Divorced,4876,5,12,3,1,0,3,6,0,0.0797477440525021,0.3333333333333333,0.125,3.019273532297588,1.0,6.0,0.5714285714285714,0.2857142857142857,0.0,0,Disengaged Juniors
35,No,Travel_Rarely,Research & Development,7,2,3,2,1,Laboratory Technician,4,Married,2690,1,18,4,1,5,2,1,0,0.1339256505576209,0.2083333333333333,0.0833333333333333,1.2146603337922557,0.5,1.0,0.0,0.5,2.5,0,Disengaged Juniors
46,No,Travel_Rarely,Sales,1,4,4,4,4,Manager,1,Single,17567,1,15,2,0,5,1,26,0,0.1134991745887174,0.25,0.125,2.2668608376998667,13.0,26.0,0.0,0.4444444444444444,0.1851851851851851,3,High Potential Fast Trackers
28,Yes,Travel_Rarely,Research & Development,24,3,3,3,1,Laboratory Technician,2,Married,2408,1,17,3,3,3,3,1,0,0.1306187707641196,0.25,0.7916666666666666,1.25372585902026,0.5,1.0,0.5,0.0,1.5,1,Overworked Juniors
22,No,Non-Travel,Research & Development,26,2,2,2,1,Research Scientist,3,Married,2814,1,14,2,0,2,2,4,1,0.0533724235963042,0.2916666666666667,0.5416666666666666,2.8631086735210096,2.0,2.0,0.4,0.6,0.4,1,Overworked Juniors
50,No,Travel_Frequently,Research & Development,20,5,2,3,4,Healthcare Representative,3,Married,11245,2,15,3,1,3,3,30,12,0.0746322810137838,0.2916666666666667,0.625,2.556631978361632,10.0,2.3076923076923075,0.2580645161290322,0.4193548387096774,0.0967741935483871,4,Stagnant Mid-Seniors
32,No,Travel_Rarely,Research & Development,5,4,2,4,1,Research Scientist,4,Married,3312,3,17,4,2,3,3,3,0,0.1548762077294685,0.25,0.0,1.003258700634992,0.75,3.0,0.5,0.5,0.75,0,Disengaged Juniors
44,No,Travel_Rarely,Research & Development,7,3,2,3,5,Research Director,4,Divorced,19049,0,14,4,1,4,2,22,1,0.0557656569898681,0.2083333333333333,0.5833333333333334,1.92590640186582,22.0,11.0,0.3043478260869565,0.4347826086956521,0.1739130434782608,3,High Potential Fast Trackers
30,No,Travel_Rarely,Research & Development,7,3,2,2,1,Research Scientist,2,Married,2141,1,12,2,1,3,2,6,1,0.1303362914525923,0.3333333333333333,0.1666666666666666,1.597430525431707,3.0,3.0,0.5714285714285714,0.1428571428571428,0.4285714285714285,0,Disengaged Juniors
45,No,Travel_Rarely,Research & Development,5,5,3,1,2,Laboratory Technician,1,Single,5769,1,14,1,0,3,3,10,1,0.0846559195701161,0.2916666666666667,0.7916666666666666,1.4689388456901582,5.0,5.0,0.6363636363636364,0.3636363636363636,0.2727272727272727,1,Overworked Juniors
45,No,Non-Travel,Sales,26,3,1,2,2,Sales Executive,1,Married,4385,1,15,1,1,2,3,10,4,0.145721778791334,0.3333333333333333,0.1666666666666666,1.7919930054582152,5.0,2.0,0.6363636363636364,0.4545454545454545,0.1818181818181818,0,Disengaged Juniors
31,No,Travel_Frequently,Sales,2,4,4,3,2,Sales Executive,1,Single,5332,7,13,4,0,3,3,5,0,0.0574193548387096,0.2083333333333333,0.0833333333333333,1.4483280129749678,0.625,5.0,0.3333333333333333,0.5,0.5,0,Disengaged Juniors
36,No,Travel_Rarely,Research & Development,12,4,3,3,2,Manufacturing Director,3,Married,4663,9,12,2,2,2,3,3,1,0.1358739009221531,0.1666666666666666,0.5833333333333334,0.6572674630669658,0.3,1.5,0.5,0.25,0.5,1,Overworked Juniors
34,No,Travel_Frequently,Research & Development,10,4,3,4,2,Manufacturing Director,4,Divorced,4724,1,13,1,1,3,3,9,7,0.1798560541913633,0.25,0.0833333333333333,2.1456703896862623,4.5,1.125,0.7,0.2,0.3,0,Disengaged Juniors
49,No,Travel_Rarely,Research & Development,25,4,3,3,1,Laboratory Technician,1,Married,3211,1,14,4,1,3,2,9,1,0.0543257552164434,0.2916666666666667,0.0416666666666666,2.45690494280647,4.5,4.5,0.6,0.4,0.3,0,Disengaged Juniors
39,No,Travel_Rarely,Research & Development,10,5,2,3,2,Manufacturing Director,1,Married,5377,2,13,4,3,3,3,7,7,0.1076529663381068,0.3333333333333333,0.2083333333333333,1.460572970494113,2.333333333333333,0.875,0.875,0.875,0.375,0,Disengaged Juniors
27,No,Travel_Rarely,Research & Development,19,3,4,2,1,Laboratory Technician,1,Divorced,4066,1,11,1,2,3,3,7,0,0.1641515002459418,0.25,0.0833333333333333,2.2563649547662346,3.5,7.0,0.875,0.875,0.375,0,Disengaged Juniors
35,No,Travel_Rarely,Research & Development,18,5,2,4,2,Research Scientist,1,Married,5208,1,11,4,0,2,3,16,1,0.1077112135176651,0.25,0.0,1.1956680922677485,8.0,8.0,0.8823529411764706,0.5882352941176471,0.1176470588235294,3,High Potential Fast Trackers
28,No,Travel_Rarely,Research & Development,27,3,2,1,2,Manufacturing Director,1,Divorced,4877,0,21,2,1,5,2,5,0,0.1228193561615746,0.3333333333333333,0.0416666666666666,5.966974403821912,5.0,5.0,0.5,0.0,0.8333333333333334,0,Disengaged Juniors
21,No,Travel_Rarely,Research & Development,5,1,3,3,1,Research Scientist,4,Single,3117,1,18,3,0,2,3,2,2,0.1479627847289059,0.2916666666666667,0.0416666666666666,2.381730042810375,1.0,0.6666666666666666,0.6666666666666666,0.6666666666666666,0.6666666666666666,0,Disengaged Juniors
18,Yes,Travel_Frequently,Sales,3,2,2,3,1,Sales Representative,4,Single,1569,1,12,3,0,2,4,0,0,0.1755768005098789,0.2916666666666667,0.5833333333333334,2.841072188622844,0.0,0.0,0.0,0.0,2.0,1,Overworked Juniors
47,No,Travel_Rarely,Human Resources,26,4,4,3,5,Manager,3,Married,19658,3,11,3,1,2,3,5,1,0.1007488045579408,0.25,0.125,2.268296076543967,1.25,2.5,0.3333333333333333,0.0,0.3333333333333333,2,Senior Stable
39,No,Travel_Rarely,Research & Development,3,2,3,2,2,Laboratory Technician,3,Divorced,3069,0,15,4,1,3,3,10,0,0.1024014336917562,0.2916666666666667,0.0,1.5989925106672669,10.0,10.0,0.7272727272727273,0.6363636363636364,0.2727272727272727,3,High Potential Fast Trackers
40,No,Travel_Rarely,Research & Development,15,3,1,2,3,Manufacturing Director,3,Married,10435,1,13,4,2,2,3,18,14,0.1056827982750358,0.3333333333333333,0.2083333333333333,2.00918066021143,9.0,1.2,0.7894736842105263,0.631578947368421,0.1052631578947368,4,Stagnant Mid-Seniors
35,No,Non-Travel,Research & Development,8,4,3,3,2,Healthcare Representative,3,Married,4148,1,12,4,1,5,3,14,2,0.0504918032786884,0.2916666666666667,0.1666666666666666,2.3922542631403787,7.0,4.666666666666667,0.7333333333333333,0.6,0.3333333333333333,0,Disengaged Juniors
37,No,Travel_Rarely,Research & Development,19,3,3,3,2,Manufacturing Director,3,Married,5768,3,17,1,3,2,2,4,0,0.0700433425797503,0.2083333333333333,0.0416666666666666,1.544652916432285,1.0,4.0,0.6,0.4,0.4,0,Disengaged Juniors
39,No,Travel_Frequently,Research & Development,4,3,1,3,2,Manufacturing Director,3,Single,5042,0,13,4,0,2,1,9,3,0.0705315351051169,0.25,0.0416666666666666,1.646356221139595,9.0,2.25,0.2,0.8,0.2,0,Disengaged Juniors
45,No,Travel_Rarely,Research & Development,2,2,4,2,2,Manufacturing Director,4,Divorced,5770,1,19,1,2,3,3,10,3,0.1519618717504332,0.3333333333333333,0.2083333333333333,2.557618449852695,5.0,2.5,0.6363636363636364,0.8181818181818182,0.2727272727272727,0,Disengaged Juniors
38,No,Travel_Rarely,Research & Development,2,2,4,2,3,Manufacturing Director,3,Married,7756,3,19,4,1,6,4,5,0,0.0771738009283135,0.25,0.75,1.0980388128024468,1.25,5.0,0.6666666666666666,0.3333333333333333,1.0,1,Overworked Juniors
35,Yes,Travel_Rarely,Sales,10,3,4,2,3,Sales Executive,1,Married,10306,9,17,3,0,3,3,13,6,0.1323704638074907,0.125,0.0416666666666666,0.5587024068770607,1.3,1.8571428571428568,0.8571428571428571,0.0,0.2142857142857142,0,Disengaged Juniors
37,No,Travel_Rarely,Research & Development,10,3,2,3,1,Research Scientist,2,Married,3936,1,11,1,1,2,1,8,7,0.0583384146341463,0.2083333333333333,0.0833333333333333,1.5520826983862137,4.0,1.0,0.4444444444444444,0.7777777777777778,0.2222222222222222,0,Disengaged Juniors
40,No,Travel_Rarely,Research & Development,16,3,3,3,3,Manufacturing Director,4,Single,7945,6,15,4,0,2,2,4,3,0.0911869100062932,0.2916666666666667,0.5,1.7901553343830197,0.5714285714285714,1.0,0.4,0.6,0.4,1,Overworked Juniors
44,No,Travel_Frequently,Human Resources,1,5,1,3,2,Human Resources,4,Married,5743,4,11,3,0,3,3,10,0,0.1021939752742468,0.25,0.75,2.1070331072070507,2.0,10.0,0.6363636363636364,0.1818181818181818,0.2727272727272727,3,High Potential Fast Trackers
48,No,Travel_Frequently,Research & Development,4,5,3,2,4,Manager,4,Married,15202,2,25,2,1,3,3,2,2,0.1443303512695698,0.3333333333333333,0.0833333333333333,6.062476941568415,0.6666666666666666,0.6666666666666666,0.6666666666666666,0.6666666666666666,1.0,2,Senior Stable
35,Yes,Travel_Rarely,Sales,15,2,1,1,2,Sales Executive,4,Divorced,5440,6,14,4,2,2,2,2,2,0.0919172794117646,0.2916666666666667,0.75,1.2363309341232724,0.2857142857142857,0.6666666666666666,0.6666666666666666,0.6666666666666666,0.6666666666666666,1,Overworked Juniors
24,No,Travel_Frequently,Research & Development,2,1,1,3,1,Research Scientist,4,Single,3760,1,13,3,0,2,3,6,1,0.1269441489361703,0.2083333333333333,0.6666666666666666,1.030444038644894,3.0,3.0,0.4285714285714285,0.4285714285714285,0.2857142857142857,1,Overworked Juniors
27,No,Travel_Rarely,Research & Development,8,3,2,4,1,Research Scientist,3,Married,3517,7,17,1,0,0,3,3,0,0.103943702018766,0.25,0.0833333333333333,2.1144809765972887,0.375,3.0,0.5,0.5,0.0,0,Disengaged Juniors
27,No,Travel_Frequently,Research & Development,2,3,4,3,1,Research Scientist,4,Single,2580,2,13,3,0,0,2,4,1,0.1782945736434108,0.25,0.0416666666666666,1.2414491863678232,1.3333333333333333,2.0,0.4,0.4,0.0,0,Disengaged Juniors
40,Yes,Travel_Rarely,Research & Development,7,3,1,3,1,Laboratory Technician,1,Single,2166,3,14,2,0,3,1,4,0,0.0919390581717451,0.2083333333333333,0.5833333333333334,1.2189071317674347,1.0,4.0,0.4,0.6,0.6,1,Overworked Juniors
29,No,Travel_Rarely,Sales,10,3,3,2,2,Sales Executive,3,Single,5869,9,11,3,0,2,3,5,1,0.081535184869654,0.25,0.0833333333333333,1.417329452488393,0.5,2.5,0.3333333333333333,0.6666666666666666,0.3333333333333333,0,Disengaged Juniors
36,No,Travel_Rarely,Research & Development,5,4,2,3,3,Healthcare Representative,1,Married,8008,4,12,3,2,6,3,3,0,0.0738923576423575,0.2083333333333333,0.1666666666666666,1.2871566433221155,0.6,3.0,0.5,0.5,1.5,0,Disengaged Juniors
25,No,Travel_Frequently,Research & Development,2,1,4,4,2,Manufacturing Director,3,Divorced,5206,1,17,3,2,6,3,7,0,0.1455474452554745,0.2916666666666667,0.0833333333333333,1.8486944522059447,3.5,7.0,0.875,0.875,0.75,0,Disengaged Juniors
39,No,Travel_Rarely,Research & Development,12,3,4,3,2,Manufacturing Director,2,Married,5295,4,21,3,0,3,3,5,1,0.0886194523135032,0.3333333333333333,0.0833333333333333,3.7060038040978585,1.0,2.5,0.6666666666666666,0.0,0.5,0,Disengaged Juniors
49,No,Travel_Rarely,Research & Development,22,4,1,3,4,Research Director,2,Married,16413,3,16,2,2,2,3,4,1,0.1789904344117468,0.25,0.125,2.4560406676744693,1.0,2.0,0.4,0.4,0.4,2,Senior Stable
50,No,Travel_Rarely,Research & Development,17,5,4,2,3,Research Director,1,Divorced,13269,5,15,3,3,3,3,14,1,0.1691981309819881,0.2916666666666667,0.125,2.8160010129279125,2.333333333333333,7.0,0.7333333333333333,0.7333333333333333,0.2,2,Senior Stable
20,No,Travel_Rarely,Sales,2,3,3,3,1,Sales Representative,3,Single,2783,1,19,1,0,3,3,2,2,0.1180740208408192,0.25,0.0833333333333333,2.372262671008305,1.0,0.6666666666666666,0.6666666666666666,0.6666666666666666,1.0,0,Disengaged Juniors
34,No,Travel_Rarely,Research & Development,3,3,4,3,2,Research Scientist,2,Divorced,5433,1,12,3,1,2,3,11,7,0.1048978464936498,0.2916666666666667,0.0416666666666666,2.532553686360235,5.5,1.375,0.6666666666666666,0.75,0.1666666666666666,0,Disengaged Juniors
36,No,Travel_Rarely,Research & Development,7,3,1,3,1,Laboratory Technician,2,Single,2013,2,11,3,0,4,3,4,1,0.1324739195230999,0.2916666666666667,0.1666666666666666,1.8326165181495384,1.3333333333333333,2.0,0.6,0.6,0.8,0,Disengaged Juniors
49,No,Travel_Rarely,Research & Development,6,1,3,2,4,Healthcare Representative,3,Married,13966,2,19,2,1,3,3,15,2,0.0933724760131749,0.25,0.75,2.423017640999008,5.0,5.0,0.6875,0.75,0.1875,2,Senior Stable
36,No,Non-Travel,Research & Development,1,4,4,2,2,Manufacturing Director,3,Married,4374,0,15,3,0,6,3,3,1,0.1690146319158665,0.3333333333333333,0.0833333333333333,1.851706228938618,3.0,1.5,0.5,0.5,1.5,0,Disengaged Juniors
36,No,Travel_Rarely,Research & Development,3,2,4,4,2,Healthcare Representative,1,Divorced,6842,6,20,1,1,3,3,5,0,0.1171791873721133,0.3333333333333333,0.0416666666666666,5.086519570280842,0.7142857142857143,5.0,0.6666666666666666,0.6666666666666666,0.5,0,Disengaged Juniors
54,No,Travel_Rarely,Research & Development,22,5,2,3,4,Manager,3,Married,17426,3,25,3,1,6,3,10,4,0.0567347641455296,0.3333333333333333,0.25,6.988999441236851,2.5,2.0,0.7272727272727273,0.6363636363636364,0.5454545454545454,2,Senior Stable
43,No,Travel_Rarely,Research & Development,15,2,3,2,4,Research Director,3,Married,17603,1,24,1,1,3,3,14,6,0.1276481281599728,0.3333333333333333,0.0416666666666666,5.1023586526537965,7.0,2.0,0.6666666666666666,0.7333333333333333,0.2,4,Stagnant Mid-Seniors
35,Yes,Travel_Frequently,Sales,12,4,4,3,2,Sales Executive,4,Single,4581,3,24,1,0,2,4,11,6,0.1241803099759877,0.3333333333333333,0.6666666666666666,7.069050282786521,2.75,1.5714285714285714,0.75,0.5833333333333334,0.1666666666666666,1,Overworked Juniors
38,No,Travel_Frequently,Research & Development,1,3,4,3,2,Research Scientist,4,Married,4735,7,15,4,2,4,4,13,2,0.1735607180570222,0.25,0.0416666666666666,1.6426657125968025,1.625,4.333333333333333,0.7857142857142857,0.6428571428571429,0.2857142857142857,0,Disengaged Juniors
29,No,Travel_Rarely,Sales,5,3,1,2,2,Sales Executive,2,Divorced,4187,1,13,2,1,3,2,10,0,0.1141604967757343,0.25,0.6666666666666666,1.494819491685793,5.0,10.0,0.0,0.8181818181818182,0.2727272727272727,3,High Potential Fast Trackers
33,No,Travel_Rarely,Sales,2,4,4,3,2,Sales Executive,4,Divorced,5505,1,14,3,2,5,3,6,0,0.1733315168029063,0.2083333333333333,0.0416666666666666,2.0359108553534866,3.0,6.0,0.2857142857142857,0.5714285714285714,0.7142857142857143,0,Disengaged Juniors
32,No,Travel_Rarely,Research & Development,2,3,4,3,2,Research Scientist,2,Divorced,5470,0,13,3,2,4,2,9,1,0.0993053016453381,0.2916666666666667,0.0,1.6474726329607292,9.0,4.5,0.5,0.6,0.4,0,Disengaged Juniors
31,No,Travel_Rarely,Sales,5,4,1,3,2,Sales Executive,4,Married,5476,1,11,1,2,2,3,10,0,0.1168352812271731,0.25,0.0,1.0631791166632445,5.0,10.0,0.0,0.1818181818181818,0.1818181818181818,3,High Potential Fast Trackers
49,No,Travel_Rarely,Research & Development,16,3,4,3,1,Laboratory Technician,1,Divorced,2587,4,16,2,1,2,2,2,2,0.1763045999226903,0.1666666666666666,0.75,0.7384600406469435,0.4,0.6666666666666666,0.6666666666666666,0.6666666666666666,0.6666666666666666,1,Overworked Juniors
38,No,Travel_Frequently,Research & Development,2,3,4,2,1,Laboratory Technician,2,Single,2440,1,22,2,0,3,3,4,3,0.0712008196721311,0.3333333333333333,0.0,7.236192272564233,2.0,1.0,0.6,0.6,0.6,0,Disengaged Juniors
47,No,Travel_Rarely,Sales,2,4,2,4,4,Manager,2,Divorced,15972,6,14,3,3,2,3,3,1,0.0636056849486601,0.1666666666666666,0.125,1.2732120852512634,0.4285714285714285,1.5,0.5,0.5,0.5,2,Senior Stable
49,No,Travel_Rarely,Research & Development,1,3,3,3,4,Manager,3,Single,15379,4,14,1,0,2,3,8,0,0.1148325638858182,0.1666666666666666,0.0833333333333333,1.0908146525187596,1.6,8.0,0.7777777777777778,0.0,0.2222222222222222,2,Senior Stable
41,No,Travel_Rarely,Sales,23,2,4,3,3,Sales Executive,3,Single,7082,3,16,4,0,2,3,2,0,0.1378184128777181,0.25,0.5833333333333334,2.2020003615851373,0.5,2.0,0.0,0.6666666666666666,0.6666666666666666,1,Overworked Juniors
20,No,Travel_Rarely,Sales,9,1,4,3,1,Sales Representative,1,Single,2728,1,11,1,0,3,3,2,0,0.084149560117302,0.3333333333333333,0.0833333333333333,1.7443121579925738,1.0,2.0,0.6666666666666666,0.6666666666666666,1.0,0,Disengaged Juniors
33,No,Non-Travel,Sales,16,3,3,3,2,Sales Executive,4,Divorced,5368,1,25,3,1,2,3,6,1,0.1305011177347242,0.3333333333333333,0.7916666666666666,6.624041994248323,3.0,3.0,0.7142857142857143,0.2857142857142857,0.2857142857142857,1,Overworked Juniors
36,No,Travel_Rarely,Research & Development,26,4,1,3,2,Healthcare Representative,3,Married,5347,6,14,2,2,2,2,3,0,0.1119581073499159,0.25,0.1666666666666666,2.461231132404307,0.4285714285714285,3.0,0.5,0.5,0.5,0,Disengaged Juniors
44,No,Travel_Rarely,Human Resources,1,3,3,3,1,Human Resources,4,Divorced,3195,4,18,1,3,2,3,2,2,0.1186635367762128,0.25,0.7083333333333334,1.952428360529218,0.4,0.6666666666666666,0.6666666666666666,0.6666666666666666,0.6666666666666666,1,Overworked Juniors
23,Yes,Travel_Rarely,Research & Development,8,1,4,2,1,Laboratory Technician,3,Single,3989,1,11,1,0,2,3,5,1,0.1214364502381548,0.25,0.75,1.4267494749019756,2.5,2.5,0.6666666666666666,0.3333333333333333,0.3333333333333333,1,Overworked Juniors
38,No,Travel_Rarely,Research & Development,4,2,4,3,1,Laboratory Technician,3,Married,3306,7,19,4,1,5,2,0,0,0.0834543254688445,0.25,0.0416666666666666,2.2290173818781267,0.0,0.0,0.0,0.0,5.0,0,Disengaged Juniors
53,No,Travel_Rarely,Research & Development,24,4,2,4,3,Healthcare Representative,4,Married,7005,3,15,3,0,2,3,4,1,0.1363083511777302,0.32,0.08,2.8198243853829665,1.0,2.0,0.6,0.4,0.4,2,Senior Stable
48,Yes,Travel_Frequently,Sales,7,2,4,3,1,Sales Representative,3,Married,2655,2,11,3,2,3,3,9,7,0.179954802259887,0.2916666666666667,0.5,2.409169934881656,3.0,1.125,0.7,0.7,0.3,1,Overworked Juniors
32,Yes,Travel_Rarely,Research & Development,2,4,4,3,1,Laboratory Technician,2,Single,1393,1,12,1,0,2,3,1,0,0.1467264895908112,0.25,0.2083333333333333,1.472945161689987,0.5,1.0,0.0,0.0,1.0,0,Disengaged Juniors
26,No,Non-Travel,Research & Development,7,3,4,3,1,Laboratory Technician,4,Single,2570,1,20,3,0,5,3,7,5,0.0735486381322957,0.3333333333333333,0.125,4.784932314008954,3.5,1.1666666666666667,0.875,0.875,0.625,0,Disengaged Juniors
55,No,Travel_Rarely,Research & Development,22,3,1,2,1,Research Scientist,2,Divorced,3537,5,12,4,1,1,3,4,1,0.1199660729431722,0.2916666666666667,0.0,1.5039720611303469,0.6666666666666666,2.0,0.4,0.4,0.2,0,Disengaged Juniors
34,No,Travel_Rarely,Research & Development,5,2,2,2,2,Laboratory Technician,4,Married,3986,1,14,3,1,3,4,15,4,0.1460386352232814,0.2916666666666667,0.125,2.171015164664482,7.5,3.0,0.625,0.8125,0.1875,0,Disengaged Juniors
60,No,Travel_Rarely,Research & Development,1,4,3,1,3,Healthcare Representative,4,Divorced,10883,3,20,3,1,2,4,1,0,0.1639639805200771,0.3333333333333333,0.125,4.012913019887742,0.25,1.0,0.0,0.0,1.0,2,Senior Stable
33,No,Travel_Rarely,Research & Development,21,3,2,4,1,Laboratory Technician,2,Married,2028,1,18,4,3,6,3,14,2,0.0890976331360947,0.2916666666666667,0.0833333333333333,1.3329840921019618,7.0,4.666666666666667,0.7333333333333333,0.8666666666666667,0.4,0,Disengaged Juniors
37,No,Travel_Frequently,Sales,1,4,3,1,2,Sales Executive,4,Divorced,9525,1,14,3,2,2,2,6,1,0.1088766404199474,0.3333333333333333,0.0,2.84106062496784,3.0,3.0,0.4285714285714285,0.4285714285714285,0.2857142857142857,0,Disengaged Juniors
34,No,Travel_Rarely,Research & Development,19,3,2,2,1,Research Scientist,4,Married,2929,1,12,2,0,3,3,10,8,0.1278456811198361,0.2916666666666667,0.2083333333333333,1.7422522749257665,5.0,1.1111111111111112,0.8181818181818182,0.6363636363636364,0.2727272727272727,0,Disengaged Juniors
23,Yes,Travel_Rarely,Sales,7,3,3,3,1,Sales Representative,4,Divorced,2275,1,21,2,1,2,3,3,0,0.1211252747252747,0.3333333333333333,0.625,5.518530491797844,1.5,3.0,0.5,0.5,0.5,1,Overworked Juniors
44,No,Travel_Rarely,Research & Development,2,3,3,4,3,Healthcare Representative,4,Married,7879,1,19,2,1,2,3,8,6,0.0872064982865846,0.25,0.625,2.165435357146332,4.0,1.1428571428571428,0.7777777777777778,0.7777777777777778,0.2222222222222222,4,Stagnant Mid-Seniors
35,No,Travel_Frequently,Research & Development,2,4,1,2,1,Research Scientist,4,Single,4930,0,14,3,0,2,4,5,1,0.1222981744421907,0.2916666666666667,0.75,2.904395588106954,5.0,2.5,0.6666666666666666,0.6666666666666666,0.3333333333333333,1,Overworked Juniors
43,No,Travel_Rarely,Sales,2,3,4,3,2,Sales Executive,4,Married,7847,1,17,1,1,3,3,10,8,0.0784236013763221,0.2916666666666667,0.7083333333333334,2.6978191800882243,5.0,1.1111111111111112,0.8181818181818182,0.7272727272727273,0.2727272727272727,4,Stagnant Mid-Seniors
24,No,Travel_Rarely,Research & Development,9,3,3,4,1,Research Scientist,3,Married,4401,1,16,4,1,1,3,5,0,0.1625244262667576,0.2083333333333333,0.0833333333333333,1.7932866241783263,2.5,5.0,0.5,0.6666666666666666,0.1666666666666666,0,Disengaged Juniors
41,No,Travel_Rarely,Sales,6,3,4,3,3,Sales Executive,3,Single,9241,1,12,2,0,3,3,10,8,0.08175305702846,0.25,0.125,2.333011247987693,5.0,1.1111111111111112,0.7272727272727273,0.6363636363636364,0.2727272727272727,4,Stagnant Mid-Seniors
29,No,Travel_Rarely,Research & Development,9,4,4,3,1,Laboratory Technician,3,Married,2974,9,17,3,1,2,3,5,1,0.1635675857431068,0.2916666666666667,0.1666666666666666,1.1952384396877498,0.5,2.5,0.5,0.3333333333333333,0.3333333333333333,0,Disengaged Juniors
36,No,Travel_Rarely,Sales,2,4,3,3,2,Sales Representative,4,Single,4502,3,15,3,0,2,2,13,6,0.0502843180808529,0.2083333333333333,0.125,1.3088572734816983,3.25,1.8571428571428568,0.5,0.5,0.1428571428571428,0,Disengaged Juniors
45,No,Non-Travel,Research & Development,1,1,3,2,3,Healthcare Representative,3,Married,10748,3,23,4,1,3,2,23,14,0.1631512839598064,0.3333333333333333,0.0833333333333333,5.601609527745381,5.75,1.5333333333333334,0.625,0.1666666666666666,0.125,4,Stagnant Mid-Seniors
24,Yes,Travel_Rarely,Human Resources,22,1,4,1,1,Human Resources,3,Married,1555,1,11,3,1,2,3,1,0,0.1718971061093247,0.2916666666666667,0.125,1.8001900332558198,0.5,1.0,0.0,0.0,1.0,0,Disengaged Juniors
47,Yes,Travel_Frequently,Sales,9,3,3,1,4,Sales Executive,3,Married,12936,7,11,3,0,3,1,23,14,0.0696127087198515,0.2916666666666667,0.25,1.5163858977461726,2.875,1.5333333333333334,0.2083333333333333,0.4166666666666667,0.125,4,Stagnant Mid-Seniors
26,No,Travel_Rarely,Research & Development,17,4,4,1,1,Laboratory Technician,3,Married,2305,1,15,3,3,3,4,3,0,0.1602169197396964,0.25,0.0416666666666666,2.1278263918031395,1.5,3.0,0.5,0.5,0.75,0,Disengaged Juniors
45,No,Travel_Rarely,Research & Development,28,2,4,2,4,Research Director,2,Single,16704,1,11,3,0,2,3,21,8,0.1532585009578543,0.2083333333333333,0.0416666666666666,1.8419528861232228,10.5,2.333333333333333,0.2727272727272727,0.2727272727272727,0.0909090909090909,4,Stagnant Mid-Seniors
32,No,Travel_Frequently,Research & Development,10,3,1,3,1,Research Scientist,3,Married,3433,6,13,1,1,3,2,5,1,0.1613137197786192,0.2916666666666667,0.2083333333333333,2.547881795149726,0.7142857142857143,2.5,0.3333333333333333,0.5,0.5,0,Disengaged Juniors
31,No,Travel_Rarely,Research & Development,2,4,2,3,1,Laboratory Technician,3,Married,3477,1,14,4,1,2,4,5,0,0.0952861662352602,0.2916666666666667,0.0416666666666666,2.428110555213709,2.5,5.0,0.3333333333333333,0.5,0.3333333333333333,0,Disengaged Juniors
41,No,Non-Travel,Human Resources,4,3,3,1,2,Human Resources,2,Married,6430,6,19,2,1,4,3,3,1,0.1366811819595645,0.25,0.125,1.077656908036714,0.4285714285714285,1.5,0.5,0.5,1.0,0,Disengaged Juniors
40,No,Travel_Rarely,Research & Development,8,2,2,3,2,Manufacturing Director,1,Married,6516,2,16,2,1,3,3,1,0,0.1101243093922651,0.2916666666666667,0.6666666666666666,2.085713710804532,0.3333333333333333,1.0,0.0,0.0,1.5,1,Overworked Juniors
24,No,Travel_Rarely,Research & Development,29,1,2,3,1,Laboratory Technician,1,Divorced,3907,1,13,2,3,2,4,6,1,0.0583465574609675,0.25,0.1666666666666666,1.135751317672143,3.0,3.0,0.2857142857142857,0.2857142857142857,0.2857142857142857,0,Disengaged Juniors
46,No,Travel_Rarely,Research & Development,13,4,3,3,2,Healthcare Representative,2,Single,5562,6,14,4,0,3,3,10,0,0.1430276878820569,0.3333333333333333,0.125,2.472783752002062,1.4285714285714286,10.0,0.6363636363636364,0.8181818181818182,0.2727272727272727,3,High Potential Fast Trackers
35,No,Travel_Rarely,Research & Development,27,4,4,3,2,Manufacturing Director,3,Married,6883,2,16,2,1,3,3,7,0,0.1254816213860234,0.25,0.0416666666666666,2.1396442745510846,2.333333333333333,7.0,0.875,0.875,0.375,0,Disengaged Juniors
30,No,Travel_Rarely,Research & Development,16,1,2,3,1,Research Scientist,4,Married,2862,1,12,2,1,2,2,10,0,0.1164185883997205,0.2916666666666667,0.0833333333333333,1.6952993054535188,5.0,10.0,0.0,0.7272727272727273,0.1818181818181818,3,High Potential Fast Trackers
47,No,Non-Travel,Sales,2,4,3,3,2,Sales Executive,2,Married,4978,7,11,4,1,3,1,1,0,0.0818621936520691,0.25,0.2083333333333333,2.1965137077193013,0.125,1.0,0.0,0.0,1.5,0,Disengaged Juniors
46,No,Travel_Rarely,Sales,2,3,3,3,3,Sales Executive,4,Divorced,10368,4,12,2,1,5,2,10,0,0.0705999228395061,0.3333333333333333,0.75,3.3268340411597506,2.0,10.0,0.5454545454545454,0.2727272727272727,0.4545454545454545,3,High Potential Fast Trackers
36,Yes,Travel_Rarely,Sales,13,5,2,2,2,Sales Executive,1,Divorced,6134,5,13,2,3,3,3,2,2,0.1337740462993152,0.25,0.75,2.3986722671143985,0.3333333333333333,0.6666666666666666,0.6666666666666666,0.6666666666666666,1.0,1,Overworked Juniors
32,Yes,Travel_Rarely,Sales,1,2,1,1,2,Sales Executive,2,Single,6735,6,15,2,0,2,3,0,0,0.0866666666666666,0.25,0.0833333333333333,1.4175305401407925,0.0,0.0,0.0,0.0,2.0,0,Disengaged Juniors
23,No,Travel_Rarely,Research & Development,4,1,3,3,1,Laboratory Technician,2,Single,3295,1,13,3,0,3,1,3,1,0.1166251896813354,0.2083333333333333,0.0833333333333333,1.3108315321774533,1.5,1.5,0.5,0.5,0.75,0,Disengaged Juniors
31,No,Travel_Frequently,Research & Development,24,1,4,3,2,Manufacturing Director,4,Single,5238,2,20,4,0,3,2,5,1,0.1678560519282168,0.3333333333333333,0.1666666666666666,5.350163892141554,1.6666666666666667,2.5,0.6666666666666666,0.6666666666666666,0.5,0,Disengaged Juniors
39,No,Non-Travel,Research & Development,1,3,4,3,2,Laboratory Technician,4,Married,6472,1,15,4,1,2,3,9,5,0.0527101359703338,0.3333333333333333,0.8333333333333334,2.7308406104596594,4.5,1.5,0.8,0.8,0.2,1,Overworked Juniors
32,No,Travel_Rarely,Sales,19,3,4,1,3,Sales Executive,3,Married,9610,3,13,3,1,2,1,4,0,0.1415463059313215,0.3333333333333333,0.0833333333333333,3.043222492009917,1.0,4.0,0.6,0.4,0.4,0,Disengaged Juniors
40,No,Travel_Rarely,Sales,7,4,2,3,5,Manager,2,Single,19833,1,14,2,0,3,2,21,12,0.1791725911359854,0.2916666666666667,0.0833333333333333,2.4024831209501625,10.5,1.6153846153846154,0.3636363636363636,0.3636363636363636,0.1363636363636363,4,Stagnant Mid-Seniors
45,No,Travel_Rarely,Human Resources,4,3,3,1,3,Human Resources,3,Married,9756,4,21,3,2,2,4,5,0,0.0667209922099221,0.3333333333333333,0.0416666666666666,7.161410852593994,1.0,5.0,0.0,0.5,0.3333333333333333,2,Senior Stable
30,No,Travel_Frequently,Research & Development,2,4,4,2,1,Research Scientist,1,Single,4968,0,16,4,0,2,3,9,0,0.1242854267310788,0.3333333333333333,0.0416666666666666,3.277214498451037,9.0,9.0,0.7,0.7,0.2,3,High Potential Fast Trackers
24,No,Travel_Frequently,Human Resources,10,3,1,3,1,Human Resources,4,Married,2145,0,14,4,1,2,3,2,2,0.1035571095571096,0.2916666666666667,0.0833333333333333,1.2800871816073436,2.0,0.6666666666666666,0.6666666666666666,0.3333333333333333,0.6666666666666666,0,Disengaged Juniors
30,Yes,Travel_Frequently,Human Resources,8,3,3,2,1,Human Resources,4,Divorced,2180,6,11,3,1,0,2,4,1,0.1311330275229357,0.2083333333333333,0.0833333333333333,1.8966446767957783,0.5714285714285714,2.0,0.4,0.4,0.0,0,Disengaged Juniors
31,No,Travel_Rarely,Sales,5,3,1,3,2,Sales Executive,3,Married,8346,1,19,3,1,3,3,5,0,0.0668775461298825,0.25,0.125,2.016265343472297,2.5,5.0,0.3333333333333333,0.3333333333333333,0.5,0,Disengaged Juniors
27,No,Travel_Rarely,Research & Development,8,3,3,3,1,Research Scientist,4,Single,3445,1,11,3,0,5,2,6,1,0.1265979680696662,0.2916666666666667,0.125,2.591534035890384,3.0,3.0,0.2857142857142857,0.5714285714285714,0.7142857142857143,0,Disengaged Juniors
29,Yes,Travel_Rarely,Sales,9,3,2,1,1,Sales Representative,2,Single,2760,1,13,3,0,3,3,2,2,0.1241811594202897,0.2083333333333333,0.1666666666666666,1.920448350344512,1.0,0.6666666666666666,0.6666666666666666,0.6666666666666666,1.0,0,Disengaged Juniors
29,No,Travel_Frequently,Research & Development,1,3,4,4,2,Healthcare Representative,3,Single,6294,8,12,4,0,5,4,3,0,0.0682713695583094,0.25,0.625,1.4027556098476022,0.3333333333333333,3.0,0.5,0.5,1.25,1,Overworked Juniors
30,No,Travel_Rarely,Sales,15,2,3,2,3,Sales Executive,1,Divorced,7140,2,11,1,1,2,3,7,1,0.1753207282913166,0.2916666666666667,0.0416666666666666,1.9490576174179453,2.333333333333333,3.5,0.875,0.875,0.25,0,Disengaged Juniors
34,No,Travel_Rarely,Research & Development,2,4,4,4,1,Research Scientist,4,Married,2932,0,14,1,3,3,3,5,1,0.0956718963165075,0.2916666666666667,0.7916666666666666,1.3900028755545908,5.0,2.5,0.0,0.3333333333333333,0.5,1,Overworked Juniors
33,No,Non-Travel,Sales,2,3,4,3,2,Sales Executive,2,Single,5147,8,15,4,0,2,2,11,1,0.174258791529046,0.25,0.0833333333333333,1.828078755313996,1.2222222222222223,5.5,0.5833333333333334,0.5833333333333334,0.1666666666666666,0,Disengaged Juniors
49,No,Travel_Rarely,Sales,11,4,4,3,2,Sales Executive,4,Single,4507,3,12,3,0,1,4,5,0,0.128307077878855,0.2916666666666667,0.125,2.54089747171684,1.25,5.0,0.1666666666666666,0.6666666666666666,0.1666666666666666,0,Disengaged Juniors
33,Yes,Travel_Rarely,Sales,16,3,1,3,3,Sales Executive,1,Single,8564,2,20,3,0,2,2,0,0,0.1582356375525454,0.3333333333333333,0.7083333333333334,6.425174619225967,0.0,0.0,0.0,0.0,2.0,1,Overworked Juniors
38,No,Travel_Frequently,Research & Development,2,2,3,2,1,Laboratory Technician,2,Married,2468,4,14,2,1,4,2,6,0,0.1662479740680713,0.3333333333333333,0.0416666666666666,3.197453952315547,1.2,6.0,0.1428571428571428,0.7142857142857143,0.5714285714285714,0,Disengaged Juniors
31,Yes,Travel_Rarely,Sales,16,4,1,3,3,Sales Executive,3,Married,8161,2,13,1,3,2,3,1,0,0.1547102070824654,0.25,0.2083333333333333,1.3706012011640745,0.3333333333333333,1.0,0.0,0.0,1.0,0,Disengaged Juniors
29,No,Travel_Rarely,Research & Development,4,3,4,2,1,Research Scientist,1,Divorced,2109,1,13,3,1,2,3,1,0,0.0883783783783783,0.3333333333333333,0.125,2.968908096242562,0.5,1.0,0.0,0.0,1.0,0,Disengaged Juniors
30,No,Travel_Rarely,Research & Development,16,3,3,4,2,Healthcare Representative,3,Married,5294,3,16,3,1,3,3,7,1,0.1290498677748393,0.2083333333333333,0.0833333333333333,1.482770602449227,1.75,3.5,0.0,0.875,0.375,0,Disengaged Juniors
32,No,Non-Travel,Research & Development,5,4,2,3,1,Research Scientist,2,Single,2718,2,14,2,0,3,3,7,0,0.1303384841795438,0.25,0.125,1.938420795660196,2.333333333333333,7.0,0.875,0.875,0.375,0,Disengaged Juniors
38,No,Travel_Rarely,Research & Development,18,3,2,1,2,Healthcare Representative,4,Married,5811,3,16,3,1,2,3,1,1,0.1187712958182757,0.2916666666666667,0.5833333333333334,1.7784353921617992,0.25,0.5,0.0,0.0,1.0,1,Overworked Juniors
43,Yes,Travel_Frequently,Research & Development,17,3,3,2,1,Research Scientist,3,Married,2437,9,16,4,1,4,3,1,0,0.1643660237997537,0.25,0.7916666666666666,1.090084237171208,0.1,1.0,0.0,0.0,2.0,1,Overworked Juniors
42,No,Travel_Rarely,Research & Development,12,3,2,3,1,Laboratory Technician,2,Divorced,2766,8,22,2,3,6,2,5,0,0.1580911062906725,0.3333333333333333,0.0416666666666666,3.760068366440457,0.5555555555555556,5.0,0.5,0.6666666666666666,1.0,0,Disengaged Juniors
55,No,Travel_Rarely,Research & Development,2,3,3,2,5,Research Director,1,Married,19038,8,12,2,3,2,3,1,0,0.0709412753440488,0.2916666666666667,0.125,2.3512163261927137,0.1111111111111111,1.0,0.0,0.0,1.0,2,Senior Stable
33,No,Non-Travel,Research & Development,4,3,4,3,2,Research Scientist,2,Divorced,3055,5,15,4,2,2,2,9,1,0.1616039279869066,0.25,0.125,1.3451603217824342,1.5,4.5,0.8,0.7,0.2,0,Disengaged Juniors
41,No,Travel_Rarely,Research & Development,9,4,3,3,1,Laboratory Technician,1,Divorced,2289,1,20,2,2,2,3,5,0,0.1148405417212756,0.3333333333333333,0.0833333333333333,5.795521713704432,2.5,5.0,0.5,0.6666666666666666,0.3333333333333333,0,Disengaged Juniors
34,No,Non-Travel,Sales,10,3,4,3,2,Sales Executive,3,Divorced,4001,1,14,3,1,3,3,15,0,0.1258810297425642,0.2916666666666667,0.7083333333333334,1.7687850624780783,7.5,15.0,0.875,0.4375,0.1875,3,High Potential Fast Trackers
53,No,Non-Travel,Research & Development,1,4,1,2,4,Manufacturing Director,3,Married,12965,4,20,4,3,2,2,3,0,0.1294114924797531,0.3333333333333333,0.7916666666666666,5.453596004815537,0.6,3.0,0.5,0.5,0.5,2,Senior Stable
43,No,Travel_Rarely,Human Resources,2,3,2,3,1,Human Resources,4,Single,3539,0,13,2,0,5,3,9,1,0.1097513421870584,0.2916666666666667,0.0416666666666666,1.697909425908292,9.0,4.5,0.7,0.8,0.5,0,Disengaged Juniors
34,No,Travel_Rarely,Sales,3,2,4,1,2,Sales Executive,4,Single,6029,5,12,1,0,3,3,2,2,0.1350356609719688,0.25,0.0416666666666666,1.4318034766813357,0.3333333333333333,0.6666666666666666,0.6666666666666666,0.6666666666666666,1.0,0,Disengaged Juniors
21,Yes,Travel_Rarely,Sales,7,1,2,3,1,Sales Representative,2,Single,2679,1,13,2,0,3,3,1,1,0.0518215752146323,0.2916666666666667,0.125,2.7035177452059784,0.5,0.5,0.0,0.0,1.5,0,Disengaged Juniors
38,No,Travel_Rarely,Research & Development,6,2,4,2,1,Laboratory Technician,3,Married,3702,1,11,2,1,3,3,5,0,0.0974581307401404,0.2083333333333333,0.125,1.4931856233817455,2.5,5.0,0.6666666666666666,0.6666666666666666,0.5,0,Disengaged Juniors
22,Yes,Travel_Rarely,Research & Development,8,1,3,3,1,Laboratory Technician,1,Married,2398,1,17,3,0,6,3,1,0,0.0717514595496246,0.1666666666666666,0.7083333333333334,1.0389286111964045,0.5,1.0,0.0,0.0,3.0,1,Overworked Juniors
31,No,Travel_Rarely,Sales,29,4,1,2,2,Sales Executive,4,Married,5468,1,14,1,2,3,3,12,5,0.0568928310168251,0.2916666666666667,0.0833333333333333,1.415363844201089,6.0,2.0,0.5384615384615384,0.5384615384615384,0.2307692307692307,0,Disengaged Juniors
51,No,Travel_Rarely,Research & Development,3,3,1,3,3,Manager,3,Married,13116,2,11,4,0,2,3,2,2,0.058382891125343,0.3333333333333333,0.0833333333333333,2.2747385771822883,0.6666666666666666,0.6666666666666666,0.6666666666666666,0.6666666666666666,0.6666666666666666,2,Senior Stable
37,No,Travel_Rarely,Sales,9,2,2,2,2,Sales Executive,2,Married,4189,1,14,1,2,2,3,5,0,0.1774074958223919,0.2916666666666667,0.2083333333333333,2.0396093979985674,2.5,5.0,0.3333333333333333,0.5,0.3333333333333333,0,Disengaged Juniors
46,No,Travel_Rarely,Research & Development,2,4,3,3,5,Research Director,4,Divorced,19328,7,17,3,1,3,3,2,2,0.0774384312913907,0.2083333333333333,0.7916666666666666,1.9204420980151096,0.25,0.6666666666666666,0.3333333333333333,0.6666666666666666,1.0,2,Senior Stable
36,No,Travel_Rarely,Research & Development,10,3,4,3,3,Healthcare Representative,1,Married,8321,7,13,4,1,1,3,12,5,0.11975724071626,0.25,0.8333333333333334,1.064480248078738,1.5,2.0,0.6153846153846154,0.5384615384615384,0.0769230769230769,1,Overworked Juniors
44,Yes,Travel_Frequently,Research & Development,1,2,3,3,1,Research Scientist,2,Divorced,2342,1,12,3,3,2,2,5,2,0.0680401366353543,0.2916666666666667,0.7083333333333334,2.0725886525128594,2.5,1.6666666666666667,0.5,0.5,0.3333333333333333,1,Overworked Juniors
37,No,Travel_Rarely,Human Resources,8,2,3,3,2,Human Resources,2,Divorced,4071,2,13,3,0,4,2,10,4,0.0983443871284695,0.2083333333333333,0.0833333333333333,1.2142638047023957,3.333333333333333,2.0,0.0,0.6363636363636364,0.3636363636363636,0,Disengaged Juniors
35,Yes,Travel_Rarely,Sales,27,3,3,3,2,Sales Executive,4,Single,5813,1,18,4,0,2,3,10,7,0.1401599862377429,0.25,0.625,1.6993152092035884,5.0,1.25,0.6363636363636364,0.6363636363636364,0.1818181818181818,1,Overworked Juniors
33,No,Travel_Rarely,Research & Development,8,4,4,4,1,Research Scientist,1,Married,3143,6,19,2,1,1,3,10,7,0.0911294941139039,0.2083333333333333,0.0833333333333333,1.655924293545724,1.4285714285714286,1.25,0.7272727272727273,0.5454545454545454,0.0909090909090909,0,Disengaged Juniors
28,No,Travel_Rarely,Research & Development,1,3,3,3,1,Research Scientist,4,Married,2044,1,11,3,1,6,4,5,0,0.0721722113502935,0.25,0.0416666666666666,1.7737422605549469,2.5,5.0,0.5,0.5,1.0,0,Disengaged Juniors
39,No,Travel_Rarely,Research & Development,10,1,3,3,3,Research Director,3,Single,13464,7,21,3,0,3,3,4,2,0.1168620023767082,0.3333333333333333,0.1666666666666666,4.979948959286135,0.5,1.3333333333333333,0.6,0.4,0.6,2,Senior Stable
46,No,Non-Travel,Sales,26,2,2,2,2,Sales Executive,2,Single,7991,8,15,3,0,3,3,2,2,0.1017507195595044,0.3333333333333333,0.0,1.48700736753255,0.2222222222222222,0.6666666666666666,0.6666666666666666,0.6666666666666666,1.0,0,Disengaged Juniors
40,No,Travel_Rarely,Research & Development,2,2,3,3,1,Laboratory Technician,1,Married,3377,4,17,4,1,5,2,4,0,0.1640420491560556,0.25,0.125,1.384721064810064,0.8,4.0,0.6,0.4,1.0,0,Disengaged Juniors
42,No,Travel_Rarely,Research & Development,13,3,2,4,2,Healthcare Representative,1,Married,5538,5,18,3,2,2,2,0,0,0.1223510292524377,0.2916666666666667,0.2083333333333333,2.7341811317629747,0.0,0.0,0.0,0.0,2.0,0,Disengaged Juniors
35,No,Non-Travel,Research & Development,2,2,2,3,2,Manufacturing Director,4,Divorced,5762,2,14,3,1,6,3,7,1,0.1323984727525165,0.2083333333333333,0.1666666666666666,1.7734140421423,2.333333333333333,3.5,0.875,0.875,0.75,0,Disengaged Juniors
38,No,Non-Travel,Human Resources,2,3,1,3,1,Human Resources,2,Divorced,2592,5,13,4,3,3,3,11,3,0.1211844135802469,0.2916666666666667,0.0416666666666666,1.3460079918371948,1.8333333333333333,2.75,0.8333333333333334,0.6666666666666666,0.25,0,Disengaged Juniors
34,Yes,Travel_Frequently,Research & Development,9,4,4,3,2,Laboratory Technician,1,Married,5346,4,17,3,1,3,2,7,0,0.1711634867190422,0.3333333333333333,0.0833333333333333,2.018140994181574,1.4,7.0,0.125,0.875,0.375,0,Disengaged Juniors
37,Yes,Travel_Rarely,Research & Development,10,4,4,3,2,Manufacturing Director,1,Single,4213,1,15,2,0,4,1,10,0,0.1682862568241157,0.25,0.0,2.0281357724529525,5.0,10.0,0.2727272727272727,0.7272727272727273,0.3636363636363636,3,High Potential Fast Trackers
39,No,Travel_Frequently,Sales,20,3,3,3,2,Sales Executive,4,Divorced,4127,2,18,4,1,6,3,2,2,0.0729585655439787,0.25,0.1666666666666666,1.263324283583154,0.6666666666666666,0.6666666666666666,0.3333333333333333,0.6666666666666666,2.0,0,Disengaged Juniors
43,No,Non-Travel,Research & Development,9,3,1,3,1,Research Scientist,3,Single,2438,4,13,3,0,2,2,3,1,0.1399056603773585,0.25,0.0833333333333333,1.3164439304398492,0.6,1.5,0.5,0.5,0.5,0,Disengaged Juniors
41,No,Travel_Rarely,Research & Development,5,3,2,4,2,Healthcare Representative,2,Single,6870,3,12,1,0,3,1,3,1,0.0518209606986899,0.2916666666666667,0.125,2.0030017950706145,0.75,1.5,0.5,0.5,0.75,0,Disengaged Juniors
41,No,Travel_Rarely,Sales,4,1,3,3,3,Sales Executive,3,Divorced,10447,0,13,4,1,3,4,22,13,0.1418828371781372,0.2083333333333333,0.6666666666666666,1.9663272223195447,22.0,1.5714285714285714,0.6086956521739131,0.217391304347826,0.1304347826086956,4,Stagnant Mid-Seniors
30,No,Travel_Rarely,Research & Development,10,3,1,3,3,Manufacturing Director,3,Single,9667,9,14,2,0,3,3,7,0,0.1452249922416467,0.2916666666666667,0.0833333333333333,1.4307114743713922,0.7,7.0,0.875,0.25,0.375,3,High Potential Fast Trackers
26,Yes,Travel_Rarely,Human Resources,20,2,4,3,1,Human Resources,2,Married,2148,0,11,3,0,3,3,5,1,0.1077467411545624,0.2916666666666667,0.875,1.943900023417562,5.0,2.5,0.1666666666666666,0.6666666666666666,0.5,1,Overworked Juniors
46,Yes,Travel_Rarely,Research & Development,21,2,4,3,2,Healthcare Representative,2,Married,8926,4,22,4,1,2,4,9,3,0.0571039659421912,0.3333333333333333,0.2083333333333333,7.24286115782873,1.8,2.25,0.7,0.7,0.2,0,Disengaged Juniors
40,No,Travel_Rarely,Research & Development,1,3,3,3,2,Healthcare Representative,4,Divorced,6513,4,17,4,1,3,3,5,0,0.0614616920006141,0.2916666666666667,0.1666666666666666,2.450948263234597,1.0,5.0,0.5,0.5,0.5,0,Disengaged Juniors
34,No,Travel_Rarely,Sales,8,2,2,4,2,Sales Executive,3,Married,6799,1,21,3,2,5,3,10,4,0.1301235475805265,0.3333333333333333,0.1666666666666666,4.4087540059642185,5.0,2.0,0.7272727272727273,0.7272727272727273,0.4545454545454545,0,Disengaged Juniors
58,No,Non-Travel,Sales,2,3,2,3,4,Manager,2,Divorced,16291,4,22,4,1,0,2,16,14,0.1213430728623165,0.3333333333333333,0.1666666666666666,5.129369515007113,3.2,1.0666666666666669,0.5294117647058824,0.8235294117647058,0.0,4,Stagnant Mid-Seniors
35,No,Travel_Rarely,Research & Development,23,4,2,1,1,Laboratory Technician,3,Married,2705,0,16,2,1,2,4,5,0,0.1585027726432532,0.1666666666666666,0.0,1.4719902947263257,5.0,5.0,0.6666666666666666,0.5,0.3333333333333333,0,Disengaged Juniors
47,No,Travel_Rarely,Research & Development,4,3,3,2,3,Manufacturing Director,2,Divorced,10333,8,12,3,1,4,3,22,14,0.0934559179328365,0.25,0.9583333333333334,2.455291552534479,2.4444444444444446,1.4666666666666666,0.4782608695652174,0.4347826086956521,0.1739130434782608,4,Stagnant Mid-Seniors
40,No,Travel_Rarely,Research & Development,12,3,2,3,2,Healthcare Representative,1,Divorced,4448,2,12,2,1,3,3,7,7,0.1000944244604317,0.1666666666666666,0.125,1.5072632148785745,2.333333333333333,0.875,0.5,0.875,0.375,0,Disengaged Juniors
54,No,Travel_Rarely,Research & Development,7,4,4,3,2,Research Scientist,4,Married,6854,4,15,2,1,2,2,7,1,0.1042646629705281,0.1666666666666666,0.125,1.5741629193213715,1.4,3.5,0.125,0.875,0.25,0,Disengaged Juniors
31,No,Travel_Frequently,Sales,7,4,1,3,3,Sales Executive,1,Married,9637,2,14,4,2,3,3,3,2,0.1473446093182524,0.25,0.0416666666666666,2.149682768268665,1.0,1.0,0.5,0.5,0.75,0,Disengaged Juniors
28,No,Travel_Rarely,Research & Development,1,3,3,3,1,Research Scientist,1,Married,3591,1,25,3,1,3,3,3,1,0.1759760512392092,0.3333333333333333,0.0833333333333333,7.418662616345137,1.5,1.5,0.5,0.5,0.75,0,Disengaged Juniors
38,No,Travel_Rarely,Sales,2,4,2,1,2,Sales Representative,4,Married,5405,2,20,1,2,4,2,4,0,0.1113580018501388,0.3333333333333333,0.7083333333333334,4.8448013060368105,1.3333333333333333,4.0,0.4,0.6,0.8,1,Overworked Juniors
26,No,Travel_Rarely,Sales,10,3,3,3,2,Sales Executive,4,Single,4684,1,13,1,0,4,3,5,1,0.1601195559350982,0.3333333333333333,0.1666666666666666,1.847499505831192,2.5,2.5,0.5,0.3333333333333333,0.6666666666666666,0,Disengaged Juniors
58,No,Travel_Frequently,Research & Development,15,4,1,3,4,Research Director,3,Married,15787,2,14,2,0,3,3,2,2,0.0942617343383797,0.2083333333333333,0.7916666666666666,1.8508968471079887,0.6666666666666666,0.6666666666666666,0.6666666666666666,0.6666666666666666,1.0,2,Senior Stable
18,No,Non-Travel,Research & Development,14,3,2,3,1,Research Scientist,3,Single,1514,1,16,3,0,4,1,0,0,0.1330713342140026,0.2916666666666667,0.0416666666666666,1.6966965495151969,0.0,0.0,0.0,0.0,4.0,0,Disengaged Juniors
31,Yes,Travel_Rarely,Human Resources,18,5,4,4,1,Human Resources,1,Married,2956,0,17,3,0,4,3,1,0,0.0912550744248985,0.2916666666666667,0.2083333333333333,2.5548433024516206,1.0,1.0,0.0,0.0,2.0,0,Disengaged Juniors
29,Yes,Travel_Rarely,Human Resources,13,3,1,2,1,Human Resources,1,Divorced,2335,4,15,4,3,3,3,2,2,0.1215674518201285,0.25,0.75,1.2842108353070598,0.4,0.6666666666666666,0.6666666666666666,0.0,1.0,1,Overworked Juniors
45,No,Non-Travel,Sales,2,4,3,3,2,Sales Executive,3,Married,5154,4,22,2,2,3,4,8,5,0.0966589057043074,0.3333333333333333,0.0416666666666666,5.437099770965169,1.6,1.3333333333333333,0.7777777777777778,0.7777777777777778,0.3333333333333333,0,Disengaged Juniors
36,No,Travel_Rarely,Research & Development,2,4,4,3,2,Research Scientist,2,Married,6962,4,22,4,1,2,3,1,0,0.0789083596667623,0.3333333333333333,0.6666666666666666,6.731274406380002,0.2,1.0,0.0,0.0,1.0,1,Overworked Juniors
43,No,Travel_Frequently,Sales,2,4,1,3,2,Sales Executive,4,Married,5675,1,20,3,1,5,3,7,7,0.0849867841409691,0.3333333333333333,0.0833333333333333,7.2706234790647,3.5,0.875,0.875,0.875,0.625,0,Disengaged Juniors
27,No,Travel_Frequently,Research & Development,5,2,4,3,1,Laboratory Technician,4,Single,2379,0,14,3,0,3,2,5,0,0.0578226145439259,0.25,0.75,1.5802584382583404,5.0,5.0,0.6666666666666666,0.3333333333333333,0.5,1,Overworked Juniors
29,No,Travel_Frequently,Research & Development,20,1,4,3,1,Laboratory Technician,4,Married,3812,1,13,2,0,3,4,11,3,0.1651731374606506,0.25,0.0416666666666666,1.709324019707581,5.5,2.75,0.6666666666666666,0.8333333333333334,0.25,0,Disengaged Juniors
32,No,Travel_Frequently,Sales,10,4,4,3,2,Sales Executive,4,Single,4648,8,13,3,0,2,4,0,0,0.0563812392426851,0.3333333333333333,0.0,2.4958538820756773,0.0,0.0,0.0,0.0,2.0,0,Disengaged Juniors
42,No,Non-Travel,Research & Development,10,4,3,3,1,Research Scientist,3,Married,2936,3,22,2,2,1,2,6,3,0.0792132152588556,0.3333333333333333,0.0416666666666666,3.87142169094442,1.5,1.5,0.4285714285714285,0.4285714285714285,0.1428571428571428,0,Disengaged Juniors
47,No,Travel_Rarely,Research & Development,9,4,2,3,1,Laboratory Technician,3,Single,2105,4,12,3,0,2,3,2,2,0.1020760095011876,0.25,0.0416666666666666,2.3135182755602477,0.4,0.6666666666666666,0.6666666666666666,0.0,0.6666666666666666,0,Disengaged Juniors
46,No,Travel_Rarely,Research & Development,2,2,4,3,3,Manufacturing Director,4,Divorced,8578,3,14,3,1,4,2,9,4,0.0656376777803684,0.25,0.125,1.2678565724507396,2.25,1.8,0.8,0.7,0.4,2,Senior Stable
28,No,Non-Travel,Human Resources,1,2,3,3,1,Human Resources,4,Divorced,2706,1,15,2,1,2,3,3,2,0.0724279379157427,0.125,0.0833333333333333,1.2461375344449537,1.5,1.0,0.5,0.5,0.5,0,Disengaged Juniors
29,No,Travel_Rarely,Research & Development,29,1,4,1,2,Healthcare Representative,3,Divorced,6384,8,17,4,2,3,3,7,1,0.0756641604010025,0.25,0.125,2.326968655657,0.7777777777777778,3.5,0.0,0.75,0.375,0,Disengaged Juniors
42,No,Travel_Rarely,Research & Development,8,3,4,3,1,Laboratory Technician,3,Single,3968,4,13,4,0,3,3,0,0,0.0802217741935483,0.2083333333333333,0.0833333333333333,1.7196107966415672,0.0,0.0,0.0,0.0,3.0,0,Disengaged Juniors
32,Yes,Travel_Rarely,Sales,2,4,3,2,2,Sales Executive,2,Single,9907,7,12,3,0,3,2,2,2,0.0671969314626021,0.2916666666666667,0.75,1.9055922738970292,0.25,0.6666666666666666,0.6666666666666666,0.6666666666666666,1.0,1,Overworked Juniors
46,No,Travel_Rarely,Sales,3,3,1,4,4,Sales Executive,1,Divorced,13225,2,12,4,1,5,3,19,2,0.126965595463138,0.2083333333333333,0.1666666666666666,1.5125185833962855,6.333333333333333,6.333333333333333,0.85,0.4,0.25,2,Senior Stable
27,No,Travel_Rarely,Sales,23,1,2,2,2,Sales Representative,3,Married,3540,1,21,4,1,5,3,9,5,0.1566129943502824,0.3333333333333333,0.0416666666666666,7.027804754678257,4.5,1.5,0.8,0.8,0.5,0,Disengaged Juniors
29,No,Travel_Rarely,Human Resources,6,1,4,2,1,Human Resources,2,Married,2804,1,11,4,0,3,3,1,0,0.1623573466476462,0.2083333333333333,0.0833333333333333,1.1313254404302928,0.5,1.0,0.0,0.0,1.5,0,Disengaged Juniors
43,No,Travel_Rarely,Research & Development,6,3,1,2,5,Manager,3,Married,19392,7,13,4,0,2,3,16,6,0.0769848391089108,0.1666666666666666,0.0416666666666666,0.7299959674137049,2.0,2.2857142857142856,0.7058823529411765,0.8235294117647058,0.1176470588235294,2,Senior Stable
48,No,Travel_Rarely,Research & Development,10,3,4,2,5,Research Director,2,Married,19665,4,12,4,0,3,3,22,12,0.1451884057971015,0.3333333333333333,0.2083333333333333,1.659296216502249,4.4,1.6923076923076923,0.4347826086956521,0.391304347826087,0.1304347826086956,4,Stagnant Mid-Seniors
29,Yes,Travel_Frequently,Research & Development,24,2,4,2,1,Research Scientist,4,Single,2439,1,24,2,0,3,2,1,1,0.1794177941779417,0.3333333333333333,0.6666666666666666,5.798397080442577,0.5,0.5,0.0,0.0,1.5,1,Overworked Juniors
46,Yes,Travel_Rarely,Sales,10,3,3,3,3,Sales Executive,2,Married,7314,5,21,3,3,2,3,8,0,0.1335192780968006,0.3333333333333333,0.2083333333333333,4.556787292708576,1.3333333333333333,8.0,0.7777777777777778,0.7777777777777778,0.2222222222222222,3,High Potential Fast Trackers
27,No,Travel_Frequently,Research & Development,15,3,4,2,1,Research Scientist,1,Married,4774,0,19,4,1,2,2,7,7,0.1354315039798911,0.2916666666666667,0.0833333333333333,2.4632312415030184,7.0,0.875,0.75,0.375,0.25,0,Disengaged Juniors
39,No,Travel_Rarely,Research & Development,19,4,4,3,2,Research Scientist,4,Divorced,3902,8,14,2,3,2,3,2,2,0.1060712455151205,0.2916666666666667,0.1666666666666666,1.3595182278813776,0.2222222222222222,0.6666666666666666,0.6666666666666666,0.6666666666666666,0.6666666666666666,0,Disengaged Juniors
55,No,Travel_Rarely,Research & Development,2,4,2,2,1,Research Scientist,4,Married,2662,8,20,2,1,2,4,5,0,0.0742787377911344,0.3333333333333333,0.125,5.5267702936096725,0.5555555555555556,5.0,0.3333333333333333,0.6666666666666666,0.3333333333333333,0,Disengaged Juniors
28,No,Travel_Rarely,Sales,3,3,2,3,1,Sales Representative,2,Married,2856,1,19,4,1,3,3,1,0,0.1761169467787114,0.25,0.1666666666666666,1.2427254357021669,0.5,1.0,0.0,0.0,1.5,0,Disengaged Juniors
30,Yes,Travel_Rarely,Sales,9,3,2,3,1,Sales Representative,4,Single,1081,1,13,3,0,3,2,1,0,0.0679000925069381,0.25,0.0416666666666666,1.7070024753213442,0.5,1.0,0.0,0.0,1.5,0,Disengaged Juniors
22,Yes,Travel_Rarely,Research & Development,7,1,4,3,1,Research Scientist,2,Single,2472,1,23,1,0,2,3,1,0,0.0864805825242719,0.3333333333333333,0.8333333333333334,3.5946990113317487,0.5,1.0,0.0,0.0,1.0,1,Overworked Juniors
36,No,Travel_Rarely,Sales,10,4,2,2,2,Sales Executive,3,Married,5673,1,13,1,1,4,3,10,1,0.1715547329455314,0.2916666666666667,0.75,1.9657642442361367,5.0,5.0,0.8181818181818182,0.6363636363636364,0.3636363636363636,1,Overworked Juniors
31,No,Travel_Rarely,Research & Development,20,3,2,3,2,Laboratory Technician,3,Divorced,4197,1,11,1,1,2,3,10,0,0.1649678341672623,0.3333333333333333,0.1666666666666666,2.909852889547752,5.0,10.0,0.7272727272727273,0.1818181818181818,0.1818181818181818,3,High Potential Fast Trackers
34,No,Travel_Rarely,Sales,4,3,3,3,3,Sales Executive,4,Married,9713,2,13,4,3,3,3,5,1,0.1529352414290125,0.2916666666666667,0.625,1.3784164975787865,1.6666666666666667,2.5,0.5,0.0,0.5,1,Overworked Juniors
29,No,Travel_Rarely,Research & Development,7,3,4,3,1,Laboratory Technician,1,Single,2062,3,14,2,0,2,3,3,1,0.1655674102812803,0.3333333333333333,0.0416666666666666,3.0092237168574827,0.75,1.5,0.5,0.5,0.5,0,Disengaged Juniors
37,No,Travel_Rarely,Research & Development,7,4,4,3,2,Research Scientist,1,Married,4284,5,22,3,1,2,3,5,0,0.146311858076564,0.3333333333333333,0.7916666666666666,4.832947927846192,0.8333333333333334,5.0,0.5,0.6666666666666666,0.3333333333333333,1,Overworked Juniors
35,No,Travel_Rarely,Research & Development,16,2,4,2,2,Manufacturing Director,2,Married,4788,0,11,4,0,2,3,3,0,0.1119047619047619,0.3333333333333333,0.875,2.2367723630467995,3.0,3.0,0.5,0.5,0.5,1,Overworked Juniors
45,No,Travel_Rarely,Research & Development,25,2,2,2,2,Manufacturing Director,4,Married,5906,0,13,4,2,2,2,9,3,0.1686302065695903,0.2916666666666667,0.0416666666666666,2.48381737091929,9.0,2.25,0.8,0.8,0.2,0,Disengaged Juniors
36,No,Travel_Frequently,Human Resources,2,1,2,2,2,Human Resources,4,Single,3886,1,21,4,0,2,2,10,0,0.0753654143077714,0.3333333333333333,0.125,4.050862238233374,5.0,10.0,0.0909090909090909,0.7272727272727273,0.1818181818181818,3,High Potential Fast Trackers
40,No,Travel_Rarely,Research & Development,1,4,1,3,4,Manager,1,Divorced,16823,2,11,1,1,3,3,19,11,0.1025084705462759,0.2083333333333333,0.125,0.8917355705622606,6.333333333333333,1.5833333333333333,0.35,0.8,0.15,4,Stagnant Mid-Seniors
26,No,Travel_Rarely,Research & Development,1,2,2,2,1,Research Scientist,3,Married,2933,1,13,3,1,3,2,1,1,0.1631503579952267,0.2083333333333333,0.7916666666666666,1.981601281307782,0.5,0.5,0.0,0.0,1.5,1,Overworked Juniors
27,No,Travel_Rarely,Sales,2,2,1,4,2,Sales Executive,3,Single,6500,0,14,2,0,5,2,8,0,0.053896923076923,0.2916666666666667,0.0833333333333333,2.308644159242614,8.0,8.0,0.7777777777777778,0.7777777777777778,0.5555555555555556,3,High Potential Fast Trackers
48,No,Travel_Frequently,Research & Development,22,3,4,3,4,Manager,4,Divorced,17174,3,11,2,1,3,3,22,4,0.1485198555956678,0.1666666666666666,0.0833333333333333,1.2537939676746186,5.5,4.4,0.7391304347826086,0.3043478260869565,0.1304347826086956,2,Senior Stable
44,No,Travel_Rarely,Research & Development,1,4,2,4,2,Healthcare Representative,1,Married,5033,2,15,4,1,5,3,2,2,0.1478541625273196,0.3333333333333333,0.0416666666666666,2.813572739152869,0.6666666666666666,0.6666666666666666,0.0,0.6666666666666666,1.6666666666666667,0,Disengaged Juniors
34,Yes,Non-Travel,Research & Development,16,4,4,1,1,Research Scientist,1,Married,2307,1,23,2,1,2,3,5,3,0.1621673168617251,0.3333333333333333,0.7916666666666666,7.094022324241485,2.5,1.25,0.3333333333333333,0.0,0.3333333333333333,1,Overworked Juniors
56,Yes,Travel_Rarely,Research & Development,24,2,1,3,1,Laboratory Technician,4,Single,2587,1,16,4,0,3,3,4,1,0.1727947429454967,0.25,0.1666666666666666,1.7103309909156057,2.0,2.0,0.4,0.0,0.6,0,Disengaged Juniors
36,No,Travel_Rarely,Sales,17,2,3,2,2,Sales Executive,2,Married,5507,2,16,3,2,1,1,4,1,0.0838042491374614,0.2083333333333333,0.1666666666666666,1.473434913035929,1.3333333333333333,2.0,0.4,0.6,0.2,0,Disengaged Juniors
41,No,Travel_Rarely,Sales,8,3,3,3,2,Sales Executive,2,Married,4393,5,21,3,1,3,3,5,1,0.106885954928295,0.3333333333333333,0.0,7.316935064186714,0.8333333333333334,2.5,0.6666666666666666,0.6666666666666666,0.5,0,Disengaged Juniors
42,No,Travel_Rarely,Research & Development,6,3,3,3,3,Research Director,1,Married,13348,9,13,2,1,3,4,13,5,0.096993557087204,0.25,0.1666666666666666,1.114923466654465,1.3,2.1666666666666665,0.5,0.5,0.2142857142857142,2,Senior Stable
31,No,Travel_Rarely,Sales,10,2,3,3,2,Sales Executive,4,Divorced,6583,2,11,4,1,2,3,5,1,0.1245359258696642,0.125,0.75,0.974563684256073,1.6666666666666667,2.5,0.3333333333333333,0.6666666666666666,0.3333333333333333,1,Overworked Juniors
34,No,Travel_Rarely,Sales,3,1,4,2,2,Sales Executive,4,Married,8103,3,12,3,0,3,2,4,0,0.1538319141058867,0.3333333333333333,0.6666666666666666,2.739098660170524,1.0,4.0,0.4,0.2,0.6,1,Overworked Juniors
31,No,Travel_Rarely,Research & Development,4,3,1,4,1,Laboratory Technician,3,Divorced,3978,8,12,2,1,0,2,2,2,0.0635143288084464,0.2916666666666667,0.2083333333333333,1.7307026969078998,0.2222222222222222,0.6666666666666666,0.6666666666666666,0.6666666666666666,0.0,0,Disengaged Juniors
26,No,Travel_Frequently,Research & Development,6,3,3,4,1,Laboratory Technician,4,Married,2544,0,18,1,1,3,3,7,7,0.0966077044025157,0.25,0.0,1.3907171699605343,7.0,0.875,0.875,0.875,0.375,0,Disengaged Juniors
45,No,Travel_Frequently,Research & Development,1,4,2,3,2,Healthcare Representative,3,Single,5399,4,12,3,0,3,3,4,0,0.0728801629931468,0.25,0.0416666666666666,2.41215142660128,0.8,4.0,0.4,0.6,0.6,0,Disengaged Juniors
33,No,Travel_Rarely,Sales,10,4,2,3,2,Sales Executive,3,Single,5487,1,14,2,0,2,2,10,0,0.0601530891197376,0.2916666666666667,0.0416666666666666,1.366657905369332,5.0,10.0,0.3636363636363636,0.8181818181818182,0.1818181818181818,3,High Potential Fast Trackers
28,No,Travel_Frequently,Sales,1,2,3,2,2,Sales Executive,4,Married,6834,1,12,3,1,2,3,7,0,0.0947878255779923,0.3333333333333333,0.75,3.0990481681891686,3.5,7.0,0.875,0.875,0.25,1,Overworked Juniors
29,Yes,Travel_Frequently,Sales,24,3,3,4,1,Sales Representative,1,Single,1091,1,17,4,0,3,3,1,0,0.117974335472044,0.3333333333333333,0.0416666666666666,1.7293354949257835,0.5,1.0,0.0,0.0,1.5,0,Disengaged Juniors
39,No,Non-Travel,Sales,21,4,1,1,2,Sales Executive,3,Married,5736,6,19,3,1,1,3,3,1,0.1754585076708508,0.3333333333333333,0.125,2.2372364294513765,0.4285714285714285,1.5,0.5,0.5,0.25,0,Disengaged Juniors
27,No,Travel_Rarely,Research & Development,2,4,2,3,1,Research Scientist,2,Married,2226,1,11,3,1,3,2,5,1,0.0706558849955077,0.2916666666666667,0.0833333333333333,1.301318052989008,2.5,2.5,0.5,0.3333333333333333,0.5,0,Disengaged Juniors
34,No,Travel_Frequently,Research & Development,22,4,3,2,2,Research Scientist,4,Married,5747,1,15,2,0,3,3,15,6,0.0599999999999999,0.2916666666666667,0.7083333333333334,2.310165422179434,7.5,2.142857142857143,0.625,0.6875,0.1875,1,Overworked Juniors
28,Yes,Travel_Rarely,Sales,13,2,4,3,2,Sales Executive,3,Single,9854,3,11,4,0,0,3,2,2,0.1673736553683782,0.2916666666666667,0.7916666666666666,2.663369964376922,0.5,0.6666666666666666,0.0,0.6666666666666666,0.0,1,Overworked Juniors
47,No,Non-Travel,Research & Development,14,4,3,3,2,Research Scientist,2,Married,5467,8,18,3,1,4,4,8,1,0.1529577464788732,0.2083333333333333,0.0,1.5540491171787782,0.8888888888888888,4.0,0.7777777777777778,0.7777777777777778,0.4444444444444444,0,Disengaged Juniors
56,No,Travel_Rarely,Sales,11,5,4,2,2,Sales Executive,1,Married,5380,4,16,3,1,3,3,0,0,0.1768866171003716,0.2083333333333333,0.0833333333333333,1.590370709422598,0.0,0.0,0.0,0.0,3.0,0,Disengaged Juniors
39,No,Travel_Rarely,Research & Development,9,2,1,3,2,Manufacturing Director,1,Married,5151,1,25,4,1,3,3,10,7,0.1517045233935158,0.3333333333333333,0.0833333333333333,5.0256704527990586,5.0,1.25,0.0,0.8181818181818182,0.2727272727272727,0,Disengaged Juniors
38,No,Travel_Frequently,Research & Development,8,3,4,2,2,Research Scientist,2,Divorced,2133,1,16,3,1,3,3,20,0,0.0557712142522269,0.25,0.6666666666666666,1.9774546406381304,10.0,20.0,0.5238095238095238,0.3333333333333333,0.1428571428571428,3,High Potential Fast Trackers
58,No,Travel_Rarely,Sales,21,3,4,3,4,Manager,4,Married,17875,4,13,3,1,2,2,1,0,0.0948615384615385,0.25,0.75,1.4910834479337989,0.2,1.0,0.0,0.0,1.0,2,Senior Stable
32,Yes,Travel_Frequently,Research & Development,5,2,1,4,1,Research Scientist,3,Single,2432,3,14,1,0,2,3,4,0,0.1719654605263157,0.2916666666666667,0.7083333333333334,2.111601787034632,1.0,4.0,0.2,0.6,0.4,1,Overworked Juniors
38,No,Travel_Rarely,Research & Development,9,2,2,3,1,Research Scientist,4,Divorced,4771,2,19,4,2,0,4,5,0,0.1107042548731922,0.1666666666666666,0.1666666666666666,1.0913056836599355,1.6666666666666667,5.0,0.3333333333333333,0.5,0.0,0,Disengaged Juniors
49,No,Travel_Frequently,Research & Development,2,1,2,3,5,Research Director,4,Married,19161,3,15,4,0,3,3,5,4,0.1087406711549502,0.2083333333333333,0.0,1.545333444226868,1.25,1.0,0.6666666666666666,0.5,0.5,2,Senior Stable
42,No,Travel_Rarely,Sales,12,4,2,3,2,Sales Executive,4,Divorced,5087,3,12,3,2,4,3,0,0,0.1093276980538627,0.2916666666666667,0.75,1.71949987941934,0.0,0.0,0.0,0.0,4.0,1,Overworked Juniors
27,Yes,Travel_Frequently,Human Resources,22,3,1,2,1,Human Resources,2,Married,2863,1,12,1,0,2,3,1,0,0.0726929793922458,0.25,0.0416666666666666,2.244966083971505,0.5,1.0,0.0,0.0,1.0,0,Disengaged Juniors
35,No,Travel_Rarely,Sales,18,4,2,3,2,Sales Executive,1,Married,5561,0,16,4,1,2,1,5,0,0.1387268476892645,0.3333333333333333,0.2083333333333333,3.0200102359466903,5.0,5.0,0.5,0.6666666666666666,0.3333333333333333,0,Disengaged Juniors
28,No,Non-Travel,Research & Development,16,3,3,3,1,Research Scientist,3,Single,2144,1,14,3,0,3,2,5,1,0.1793889925373135,0.2916666666666667,0.1666666666666666,1.7584437132240216,2.5,2.5,0.5,0.6666666666666666,0.5,0,Disengaged Juniors
31,No,Non-Travel,Research & Development,3,2,3,3,1,Research Scientist,1,Divorced,3065,1,13,4,1,3,4,4,2,0.1417911908646003,0.2916666666666667,0.3333333333333333,1.7494959895679405,2.0,1.3333333333333333,0.4,0.6,0.6,0,Disengaged Juniors
36,No,Non-Travel,Research & Development,9,4,1,4,1,Laboratory Technician,2,Married,2810,1,22,2,0,3,3,5,0,0.1129679715302491,0.3333333333333333,0.125,6.281607336944319,2.5,5.0,0.6666666666666666,0.3333333333333333,0.5,0,Disengaged Juniors
34,No,Travel_Rarely,Sales,1,3,1,3,3,Sales Executive,4,Single,9888,1,21,1,0,3,2,14,2,0.0975070792880258,0.3333333333333333,0.0416666666666666,5.700844615137324,7.0,4.666666666666667,0.5333333333333333,0.0666666666666666,0.2,3,High Potential Fast Trackers
34,No,Travel_Rarely,Sales,13,4,4,3,3,Sales Executive,3,Divorced,8628,1,18,3,1,2,2,8,1,0.1318845618915159,0.2083333333333333,0.0833333333333333,1.6731548551887705,4.0,4.0,0.7777777777777778,0.1111111111111111,0.2222222222222222,0,Disengaged Juniors
26,No,Travel_Rarely,Research & Development,1,3,3,3,1,Laboratory Technician,1,Single,2867,0,13,4,0,6,2,7,7,0.0735367980467387,0.2083333333333333,0.0,0.9074551613194436,7.0,0.875,0.875,0.75,0.75,0,Disengaged Juniors
29,No,Travel_Rarely,Research & Development,1,3,1,3,2,Healthcare Representative,1,Married,5373,0,12,1,1,5,2,5,0,0.1314870649544015,0.25,0.0416666666666666,1.125399335729995,5.0,5.0,0.5,0.3333333333333333,0.8333333333333334,0,Disengaged Juniors
32,No,Non-Travel,Research & Development,15,4,3,3,2,Healthcare Representative,4,Divorced,6667,5,18,2,1,6,3,5,1,0.0569611519424029,0.2916666666666667,0.0416666666666666,1.4500011285153251,0.8333333333333334,2.5,0.1666666666666666,0.3333333333333333,1.0,0,Disengaged Juniors
31,No,Travel_Frequently,Research & Development,1,3,4,1,2,Research Scientist,1,Married,5003,1,21,2,0,6,3,10,8,0.1722646412152708,0.3333333333333333,0.0416666666666666,7.054910107725535,5.0,1.1111111111111112,0.7272727272727273,0.6363636363636364,0.5454545454545454,0,Disengaged Juniors
28,Yes,Travel_Rarely,Research & Development,17,3,3,2,1,Laboratory Technician,4,Divorced,2367,5,12,1,1,2,2,4,0,0.0836163920574567,0.25,0.1666666666666666,1.6364296622605836,0.6666666666666666,4.0,0.2,0.6,0.4,0,Disengaged Juniors
38,No,Travel_Rarely,Sales,1,3,1,2,1,Sales Representative,1,Single,2858,4,14,1,0,3,2,1,0,0.1472918124562631,0.2916666666666667,0.0833333333333333,2.8820322548406163,0.2,1.0,0.0,0.0,1.5,0,Disengaged Juniors
35,No,Travel_Rarely,Sales,7,4,3,3,2,Sales Executive,4,Married,5204,1,11,4,0,2,3,10,0,0.1315122982321292,0.25,0.625,2.3540029417558124,5.0,10.0,0.7272727272727273,0.8181818181818182,0.1818181818181818,3,High Potential Fast Trackers
27,No,Travel_Rarely,Sales,9,3,4,3,2,Sales Executive,4,Single,4105,1,14,1,0,5,3,7,0,0.1740535931790499,0.2916666666666667,0.0,2.2500558579996435,3.5,7.0,0.875,0.875,0.625,0,Disengaged Juniors
32,No,Travel_Rarely,Research & Development,5,4,4,2,2,Manufacturing Director,4,Single,9679,8,24,2,0,1,3,1,0,0.0541512552949684,0.3333333333333333,0.0833333333333333,3.4462454608187296,0.1111111111111111,1.0,0.0,0.0,0.5,0,Disengaged Juniors
31,Yes,Travel_Frequently,Sales,26,4,1,3,2,Sales Executive,4,Married,5617,1,11,3,0,4,3,10,0,0.1725155777105217,0.25,0.6666666666666666,1.6363780521842322,5.0,10.0,0.6363636363636364,0.7272727272727273,0.3636363636363636,3,High Potential Fast Trackers
53,Yes,Travel_Rarely,Sales,24,4,1,3,3,Sales Executive,1,Single,10448,6,13,2,0,2,2,2,2,0.0885786753445634,0.1666666666666666,0.6666666666666666,0.6899417576606213,0.2857142857142857,0.6666666666666666,0.6666666666666666,0.6666666666666666,0.6666666666666666,2,Senior Stable
54,No,Travel_Rarely,Research & Development,9,2,1,3,2,Research Scientist,3,Married,2897,3,11,3,2,6,2,4,2,0.1703658957542285,0.25,0.125,1.18336962096488,1.0,1.3333333333333333,0.6,0.6,1.2,0,Disengaged Juniors
33,No,Travel_Frequently,Research & Development,7,2,4,3,2,Healthcare Representative,3,Divorced,5968,1,20,3,3,2,3,9,2,0.1482071045576407,0.3333333333333333,0.0416666666666666,6.0942622813680565,4.5,3.0,0.7,0.8,0.2,0,Disengaged Juniors
43,No,Travel_Rarely,Research & Development,11,3,1,3,3,Healthcare Representative,3,Married,7510,1,17,2,1,1,3,10,0,0.1006790945406125,0.3333333333333333,0.0416666666666666,2.338028019020133,5.0,10.0,0.8181818181818182,0.8181818181818182,0.0909090909090909,3,High Potential Fast Trackers
38,No,Travel_Frequently,Human Resources,1,4,4,3,1,Human Resources,2,Married,2991,0,11,2,1,2,3,6,1,0.095235707121364,0.2916666666666667,0.7916666666666666,2.6883154130410447,6.0,3.0,0.2857142857142857,0.2857142857142857,0.2857142857142857,1,Overworked Juniors
55,No,Travel_Rarely,Human Resources,26,4,3,4,5,Manager,2,Married,19636,4,18,1,1,0,3,10,1,0.1082832552454675,0.2916666666666667,0.5833333333333334,2.483051344284592,2.0,5.0,0.8181818181818182,0.3636363636363636,0.0,2,Senior Stable
31,No,Travel_Rarely,Research & Development,2,1,4,1,1,Laboratory Technician,4,Divorced,1129,1,11,3,3,4,3,1,0,0.0507440212577501,0.1666666666666666,0.625,1.5347167369088583,0.5,1.0,0.0,0.0,2.0,1,Overworked Juniors
39,No,Travel_Rarely,Sales,15,4,2,3,4,Sales Executive,1,Single,13341,0,12,1,0,3,3,20,11,0.1088111835694475,0.25,0.1666666666666666,1.5560453800459106,20.0,1.6666666666666667,0.3809523809523809,0.4761904761904761,0.1428571428571428,4,Stagnant Mid-Seniors
42,No,Non-Travel,Research & Development,23,2,4,2,2,Research Scientist,3,Single,4332,1,12,4,0,2,3,20,3,0.1475554016620498,0.3333333333333333,0.125,3.269348249203115,10.0,5.0,0.4285714285714285,0.3333333333333333,0.0952380952380952,3,High Potential Fast Trackers
31,No,Non-Travel,Research & Development,10,3,3,3,3,Research Director,3,Married,11031,4,20,3,1,2,4,11,4,0.1517242317106336,0.3333333333333333,0.125,4.8876733089479085,2.2,2.2,0.5833333333333334,0.6666666666666666,0.1666666666666666,0,Disengaged Juniors
54,No,Travel_Rarely,Research & Development,10,3,3,3,2,Manufacturing Director,1,Single,4440,6,19,4,0,3,3,5,1,0.0599662162162162,0.25,0.7916666666666666,2.37750492857884,0.7142857142857143,2.5,0.3333333333333333,0.6666666666666666,0.5,1,Overworked Juniors
24,No,Travel_Rarely,Research & Development,1,2,2,2,2,Healthcare Representative,3,Single,4617,1,12,2,0,2,2,4,1,0.0689603638726446,0.25,0.0416666666666666,1.112728185072799,2.0,2.0,0.6,0.4,0.4,0,Disengaged Juniors
23,No,Travel_Rarely,Research & Development,12,2,4,3,1,Laboratory Technician,4,Single,2647,1,13,3,0,6,4,5,1,0.1754325651681148,0.2916666666666667,0.125,1.463623097045402,2.5,2.5,0.3333333333333333,0.6666666666666666,1.0,0,Disengaged Juniors
40,No,Travel_Frequently,Research & Development,11,3,4,3,2,Laboratory Technician,3,Married,6323,1,11,1,1,2,4,10,9,0.1407354104064526,0.1666666666666666,0.0416666666666666,1.5725539585370614,5.0,1.0,0.8181818181818182,0.3636363636363636,0.1818181818181818,4,Stagnant Mid-Seniors
40,No,Travel_Rarely,Sales,2,2,2,3,2,Sales Executive,2,Married,5677,3,14,3,1,4,3,11,5,0.1670265985555751,0.25,0.0,1.7308967804773991,2.75,1.8333333333333333,0.6666666666666666,0.8333333333333334,0.3333333333333333,0,Disengaged Juniors
25,No,Travel_Rarely,Human Resources,2,3,3,3,1,Human Resources,2,Married,2187,4,14,3,0,3,3,2,1,0.0803795153177869,0.25,0.0,1.6498201360523717,0.4,1.0,0.0,0.6666666666666666,1.0,0,Disengaged Juniors
30,No,Travel_Rarely,Research & Development,1,2,4,3,1,Laboratory Technician,2,Married,3748,1,13,3,0,6,2,12,1,0.0646958377801494,0.2916666666666667,0.125,1.5769206644079796,6.0,6.0,0.6153846153846154,0.5384615384615384,0.4615384615384615,0,Disengaged Juniors
25,No,Travel_Rarely,Research & Development,2,1,4,3,1,Laboratory Technician,3,Divorced,3977,6,19,3,1,2,2,2,0,0.1566356550163438,0.2916666666666667,0.875,2.2302006148859044,0.2857142857142857,2.0,0.6666666666666666,0.6666666666666666,0.6666666666666666,1,Overworked Juniors
47,No,Travel_Rarely,Research & Development,25,3,1,3,3,Healthcare Representative,3,Single,8633,2,23,2,0,3,3,17,12,0.0614039152090814,0.3333333333333333,0.0416666666666666,4.340670197068151,5.666666666666667,1.3076923076923077,0.7777777777777778,0.6111111111111112,0.1666666666666666,4,Stagnant Mid-Seniors
33,No,Non-Travel,Research & Development,1,2,2,2,1,Laboratory Technician,3,Divorced,2008,1,12,3,3,2,2,1,0,0.1158117529880479,0.2916666666666667,0.0416666666666666,2.49844163316844,0.5,1.0,0.5,0.0,1.0,0,Disengaged Juniors
38,No,Travel_Rarely,Sales,1,4,4,3,2,Sales Executive,2,Married,4440,0,15,1,2,3,3,15,5,0.0696801801801802,0.2916666666666667,0.0416666666666666,1.2015567392649067,15.0,2.5,0.8125,0.5,0.1875,4,Stagnant Mid-Seniors
31,No,Travel_Rarely,Sales,2,2,1,3,1,Sales Representative,3,Married,3067,0,19,3,1,1,3,2,1,0.0935083143136615,0.25,0.0,1.98067676601026,2.0,1.0,0.6666666666666666,0.6666666666666666,0.3333333333333333,0,Disengaged Juniors
38,No,Travel_Frequently,Research & Development,6,4,1,2,2,Manufacturing Director,3,Married,5321,2,11,4,1,1,3,8,7,0.1118267242999435,0.3333333333333333,0.0416666666666666,2.2485768935903527,2.6666666666666665,1.0,0.3333333333333333,0.7777777777777778,0.1111111111111111,0,Disengaged Juniors
42,No,Travel_Rarely,Research & Development,18,4,4,3,2,Research Scientist,1,Divorced,5410,6,17,3,1,3,2,4,1,0.0881238447319778,0.2916666666666667,0.7083333333333334,2.3155093071499264,0.5714285714285714,2.0,0.6,0.4,0.6,1,Overworked Juniors
41,No,Travel_Rarely,Research & Development,1,3,4,3,1,Research Scientist,4,Married,2782,3,22,1,1,3,3,5,1,0.1753594536304816,0.3333333333333333,0.0833333333333333,4.041070585650248,1.25,2.5,0.5,0.0,0.5,0,Disengaged Juniors
47,No,Non-Travel,Research & Development,1,1,3,3,3,Research Director,2,Married,11957,0,18,1,2,3,1,13,5,0.1741180898218617,0.25,0.0416666666666666,1.1406374706469828,13.0,2.1666666666666665,0.5714285714285714,0.8571428571428571,0.2142857142857142,4,Stagnant Mid-Seniors
35,No,Travel_Rarely,Research & Development,11,4,4,3,1,Laboratory Technician,3,Married,2660,7,11,3,1,3,3,2,2,0.1093796992481202,0.2916666666666667,0.7083333333333334,1.779209417597883,0.25,0.6666666666666666,0.6666666666666666,0.6666666666666666,1.0,1,Overworked Juniors
22,No,Travel_Rarely,Research & Development,1,2,4,3,1,Research Scientist,3,Single,3375,0,12,4,0,2,4,3,1,0.0518192592592592,0.2916666666666667,0.125,2.479903535523401,3.0,1.5,0.5,0.5,0.5,0,Disengaged Juniors
35,No,Travel_Rarely,Research & Development,9,4,2,3,2,Research Scientist,3,Single,5098,1,19,2,0,5,3,10,0,0.0932208709297763,0.2916666666666667,0.125,1.3384273085746834,5.0,10.0,0.6363636363636364,0.7272727272727273,0.4545454545454545,3,High Potential Fast Trackers
33,No,Travel_Rarely,Research & Development,15,2,2,3,2,Healthcare Representative,4,Married,4878,0,13,1,1,6,3,9,8,0.0819762197621976,0.3333333333333333,0.75,1.8119278447533171,9.0,1.0,0.7,0.1,0.6,1,Overworked Juniors
32,No,Travel_Rarely,Research & Development,29,4,3,2,1,Laboratory Technician,2,Single,2837,1,13,3,0,3,3,6,4,0.0530525202678886,0.25,0.0,1.3053238855860774,3.0,1.2,0.2857142857142857,0.1428571428571428,0.4285714285714285,0,Disengaged Juniors
40,No,Travel_Rarely,Research & Development,1,4,1,3,1,Laboratory Technician,4,Married,2406,8,19,3,2,3,2,1,0,0.0770407315045719,0.2916666666666667,0.0833333333333333,2.509455780593972,0.1111111111111111,1.0,0.0,0.0,1.5,0,Disengaged Juniors
32,No,Travel_Rarely,Sales,1,4,2,2,1,Sales Representative,2,Married,2269,0,14,2,1,2,3,2,2,0.0997179374173645,0.2916666666666667,0.125,1.9036820603635056,2.0,0.6666666666666666,0.6666666666666666,0.6666666666666666,0.6666666666666666,0,Disengaged Juniors
39,No,Travel_Rarely,Research & Development,24,1,1,3,2,Research Scientist,4,Single,4108,7,13,1,0,2,3,7,1,0.0738120740019474,0.3333333333333333,0.0833333333333333,2.805341993336424,0.875,3.5,0.875,0.875,0.25,0,Disengaged Juniors
38,No,Travel_Rarely,Research & Development,10,3,2,1,3,Research Director,3,Married,13206,3,12,1,1,3,3,18,1,0.1278426472815387,0.1666666666666666,0.0833333333333333,1.1536490390937175,4.5,9.0,0.8421052631578947,0.5789473684210527,0.1578947368421052,3,High Potential Fast Trackers
32,No,Travel_Rarely,Sales,1,4,3,3,3,Sales Executive,4,Married,10422,1,19,3,2,3,3,14,5,0.0930243715217808,0.3333333333333333,0.0833333333333333,2.6360326100706657,7.0,2.333333333333333,0.6666666666666666,0.4666666666666667,0.2,4,Stagnant Mid-Seniors
37,No,Travel_Rarely,Research & Development,10,3,3,4,3,Research Director,4,Married,13744,1,25,1,1,2,3,16,6,0.174398282887078,0.3333333333333333,0.5833333333333334,5.504313724017216,8.0,2.2857142857142856,0.6470588235294118,0.4705882352941176,0.1176470588235294,4,Stagnant Mid-Seniors
25,No,Travel_Rarely,Sales,8,2,1,3,2,Sales Executive,3,Divorced,4907,0,22,2,1,3,2,5,0,0.1261850417770531,0.3333333333333333,0.6666666666666666,6.866863228572298,5.0,5.0,0.5,0.6666666666666666,0.5,1,Overworked Juniors
52,No,Non-Travel,Sales,29,4,1,3,1,Sales Representative,4,Divorced,3482,2,15,2,2,3,2,9,0,0.0880068925904652,0.25,0.0416666666666666,1.959755901997128,3.0,9.0,0.8,0.0,0.3,3,High Potential Fast Trackers
44,No,Travel_Rarely,Research & Development,1,3,2,3,1,Research Scientist,4,Single,2436,6,12,3,0,2,3,4,1,0.0686904761904761,0.2916666666666667,0.7083333333333334,2.380888596962956,0.5714285714285714,2.0,0.6,0.4,0.4,1,Overworked Juniors
21,No,Travel_Rarely,Sales,5,1,3,3,1,Sales Representative,1,Single,2380,1,11,4,0,6,3,2,1,0.1610546218487394,0.2916666666666667,0.625,2.33883108996606,1.0,1.0,0.6666666666666666,0.6666666666666666,2.0,1,Overworked Juniors
39,No,Non-Travel,Research & Development,9,3,4,3,5,Manager,4,Single,19431,2,13,3,0,3,2,6,1,0.1356291492975142,0.1666666666666666,0.0416666666666666,1.4659281912323847,2.0,3.0,0.0,0.4285714285714285,0.4285714285714285,2,Senior Stable
23,Yes,Travel_Frequently,Sales,9,3,4,3,1,Sales Representative,1,Married,1790,1,19,1,1,3,2,1,1,0.0766648044692737,0.2916666666666667,0.0416666666666666,2.784018630284601,0.5,0.5,0.0,0.0,1.5,0,Disengaged Juniors
36,No,Travel_Rarely,Sales,3,3,1,2,3,Sales Executive,4,Married,7644,0,19,3,2,2,3,9,3,0.175034013605442,0.2916666666666667,0.0,1.2756432271398062,9.0,2.25,0.7,0.4,0.2,0,Disengaged Juniors
36,No,Travel_Frequently,Research & Development,4,2,4,3,2,Manufacturing Director,2,Divorced,5131,7,13,2,3,3,3,4,0,0.1224478659130773,0.2083333333333333,0.125,1.7132173522321432,0.5,4.0,0.4,0.4,0.6,0,Disengaged Juniors
56,No,Non-Travel,Research & Development,1,4,3,3,2,Healthcare Representative,3,Divorced,6306,1,21,1,1,2,2,13,1,0.1796875991119568,0.3333333333333333,0.0833333333333333,3.9503745938252464,6.5,6.5,0.8571428571428571,0.6428571428571429,0.1428571428571428,3,High Potential Fast Trackers
29,Yes,Travel_Rarely,Research & Development,1,4,1,3,1,Research Scientist,4,Married,4787,9,14,2,3,3,4,2,2,0.0782368915813662,0.3333333333333333,0.9166666666666666,2.691204319838529,0.2,0.6666666666666666,0.6666666666666666,0.6666666666666666,1.0,1,Overworked Juniors
42,No,Travel_Rarely,Research & Development,2,3,1,3,5,Manager,3,Married,18880,5,11,1,0,2,2,22,4,0.1358675847457627,0.25,0.0833333333333333,1.8042228051025555,3.6666666666666665,4.4,0.2608695652173913,0.6086956521739131,0.0869565217391304,2,Senior Stable
56,Yes,Travel_Rarely,Research & Development,7,2,4,3,1,Laboratory Technician,3,Married,2339,8,11,4,1,4,1,10,9,0.0855194527575887,0.1666666666666666,0.0416666666666666,1.508151095552291,1.1111111111111112,1.0,0.8181818181818182,0.7272727272727273,0.3636363636363636,0,Disengaged Juniors
41,No,Travel_Rarely,Research & Development,28,4,1,2,4,Manufacturing Director,2,Married,13570,0,23,3,1,3,3,20,0,0.1493183492999263,0.3333333333333333,0.125,6.176332772064721,20.0,20.0,0.3333333333333333,0.4761904761904761,0.1428571428571428,3,High Potential Fast Trackers
34,No,Travel_Rarely,Sales,28,3,4,2,2,Sales Executive,3,Married,6712,1,21,4,2,2,3,8,1,0.1188662097735399,0.3333333333333333,0.0833333333333333,7.075749306224923,4.0,4.0,0.7777777777777778,0.7777777777777778,0.2222222222222222,0,Disengaged Juniors
36,No,Non-Travel,Sales,15,4,4,1,2,Sales Executive,4,Divorced,5406,1,24,1,1,4,2,15,11,0.1719089900110988,0.3333333333333333,0.1666666666666666,4.287216507371958,7.5,1.25,0.75,0.6875,0.25,4,Stagnant Mid-Seniors
41,No,Travel_Rarely,Sales,3,3,3,2,2,Sales Executive,2,Divorced,8938,2,11,3,1,5,3,5,0,0.1392884314164241,0.25,0.1666666666666666,1.856790359350086,1.6666666666666667,5.0,0.6666666666666666,0.6666666666666666,0.8333333333333334,0,Disengaged Juniors
32,No,Travel_Rarely,Research & Development,2,3,4,3,1,Research Scientist,1,Single,2439,1,14,4,0,4,3,4,1,0.1047355473554734,0.2916666666666667,0.1666666666666666,1.6364743679835885,2.0,2.0,0.4,0.4,0.8,0,Disengaged Juniors
35,No,Travel_Rarely,Human Resources,26,4,3,3,3,Human Resources,4,Single,8837,1,16,3,0,2,3,9,1,0.0640488853683376,0.25,0.7083333333333334,1.0184216616523951,4.5,4.5,0.0,0.7,0.2,1,Overworked Juniors
38,No,Travel_Rarely,Sales,10,2,1,3,2,Sales Executive,4,Married,5343,1,11,3,1,1,3,10,1,0.1596331648886393,0.2916666666666667,0.0833333333333333,1.2496000979484108,5.0,5.0,0.6363636363636364,0.8181818181818182,0.0909090909090909,0,Disengaged Juniors
50,Yes,Travel_Frequently,Sales,1,4,2,3,2,Sales Executive,3,Divorced,6728,7,12,4,2,3,3,6,0,0.1525535077288942,0.25,0.125,1.017297508441113,0.75,6.0,0.4285714285714285,0.1428571428571428,0.4285714285714285,0,Disengaged Juniors
36,No,Travel_Rarely,Sales,11,4,2,2,2,Sales Executive,4,Married,6652,4,13,1,1,2,2,6,0,0.0779780517137703,0.0833333333333333,0.0,0.3974669854911505,1.2,6.0,0.4285714285714285,0.0,0.2857142857142857,0,Disengaged Juniors
45,No,Travel_Rarely,Sales,20,3,4,3,2,Sales Executive,3,Single,4850,8,15,3,0,3,3,5,0,0.1355154639175257,0.2916666666666667,0.0416666666666666,1.775829260864855,0.5555555555555556,5.0,0.5,0.1666666666666666,0.5,0,Disengaged Juniors
40,No,Travel_Rarely,Research & Development,2,4,3,2,1,Research Scientist,3,Single,2809,2,14,4,0,2,3,2,2,0.0995550017799929,0.25,0.0416666666666666,2.458733563368461,0.6666666666666666,0.6666666666666666,0.6666666666666666,0.6666666666666666,0.6666666666666666,0,Disengaged Juniors
35,No,Travel_Frequently,Research & Development,18,4,3,3,2,Healthcare Representative,3,Married,5689,1,14,4,2,2,4,10,0,0.0728423272982948,0.2916666666666667,0.8333333333333334,2.530882824030112,5.0,10.0,0.1818181818181818,0.1818181818181818,0.1818181818181818,3,High Potential Fast Trackers
40,No,Travel_Rarely,Research & Development,2,4,3,3,1,Research Scientist,3,Married,2001,2,14,2,3,2,3,5,0,0.1130634682658669,0.25,0.0833333333333333,1.8742841006713544,1.6666666666666667,5.0,0.5,0.3333333333333333,0.3333333333333333,0,Disengaged Juniors
35,No,Travel_Rarely,Research & Development,1,4,3,1,1,Research Scientist,4,Married,2977,1,12,4,1,5,3,4,1,0.1395834732952637,0.2916666666666667,0.125,1.781176507934828,2.0,2.0,0.6,0.2,1.0,0,Disengaged Juniors
29,No,Travel_Rarely,Research & Development,13,2,4,2,2,Laboratory Technician,2,Married,4025,4,13,1,1,2,3,4,0,0.1346956521739129,0.3333333333333333,0.5833333333333334,1.9977570211973388,0.8,4.0,0.6,0.6,0.4,1,Overworked Juniors
29,No,Travel_Rarely,Research & Development,28,4,4,2,1,Research Scientist,1,Single,3785,1,14,2,0,3,1,5,0,0.0990964332892998,0.2916666666666667,0.125,1.1744844437776574,2.5,5.0,0.6666666666666666,0.6666666666666666,0.5,0,Disengaged Juniors
50,Yes,Travel_Rarely,Sales,28,3,4,2,3,Sales Executive,1,Divorced,10854,4,13,2,1,3,3,3,2,0.1353970886309195,0.2916666666666667,0.7083333333333334,1.8394900422182767,0.6,1.0,0.5,0.0,0.75,2,Senior Stable
39,No,Travel_Rarely,Sales,24,1,2,2,4,Sales Executive,4,Married,12031,0,11,1,1,2,2,20,9,0.1299409857867176,0.25,0.0416666666666666,1.12767618181835,20.0,2.0,0.4285714285714285,0.2857142857142857,0.0952380952380952,4,Stagnant Mid-Seniors
31,No,Non-Travel,Research & Development,5,3,2,3,2,Manufacturing Director,1,Single,9936,0,19,2,0,2,3,9,1,0.1275432769726248,0.3333333333333333,0.0416666666666666,2.578676242525562,9.0,4.5,0.4,0.7,0.2,3,High Potential Fast Trackers
26,No,Travel_Rarely,Sales,5,3,4,2,1,Sales Representative,3,Single,2966,0,18,4,0,2,3,4,0,0.0936547538772758,0.2083333333333333,0.0833333333333333,1.6641674117026397,4.0,4.0,0.4,0.0,0.4,0,Disengaged Juniors
36,No,Travel_Frequently,Research & Development,23,2,3,4,2,Laboratory Technician,4,Married,2571,4,17,3,1,3,3,5,0,0.1455309218203033,0.25,0.1666666666666666,1.227439546144753,1.0,5.0,0.3333333333333333,0.5,0.5,0,Disengaged Juniors
39,No,Travel_Rarely,Research & Development,6,1,4,2,3,Healthcare Representative,1,Married,9991,4,15,1,1,5,3,7,1,0.0665899309378439,0.3333333333333333,0.0416666666666666,1.9284890153827077,1.4,3.5,0.875,0.875,0.625,2,Senior Stable
27,No,Travel_Rarely,Research & Development,4,3,2,4,2,Manufacturing Director,2,Married,6142,1,20,2,1,0,3,6,0,0.0545620319114294,0.3333333333333333,0.7916666666666666,6.878555836751348,3.0,6.0,0.2857142857142857,0.4285714285714285,0.0,1,Overworked Juniors
49,No,Travel_Frequently,Sales,2,3,4,2,2,Sales Executive,2,Married,5390,2,14,4,0,3,2,9,0,0.1161484230055658,0.2916666666666667,0.0416666666666666,2.927907600921395,3.0,9.0,0.6,0.8,0.3,3,High Potential Fast Trackers
34,No,Travel_Rarely,Research & Development,8,3,2,4,2,Laboratory Technician,3,Married,4404,2,12,1,0,3,4,4,1,0.1668233424159853,0.2916666666666667,0.0833333333333333,2.8095764052554024,1.3333333333333333,2.0,0.6,0.4,0.6,0,Disengaged Juniors
